Sample,Site,Year,k13Class
PD0498-C,ETH,2011,R539T
PD0500-C,ETH,2011,C580Y
PD0501-C,ETH,2011,C580Y
PD0502-C,ETH,2011,R539T
PD0575-C,ETH,2012,R539T
PD0578-C,ETH,2012,R539T
PD0579-C,ETH,2012,R539T
PD0580-C,ETH,2012,R539T
PD0651-C,ETH,2012,C580Y
PD0658-C,ETH,2012,R539T
PD0659-C,ETH,2012,R539T
PD0662-C,ETH,2012,R539T
PD0663-C,ETH,2012,R539T
PD0664-C,ETH,2012,R539T
PD0668-C,ETH,2013,R539T
PD0670-C,ETH,2013,R539T
PD1584-C,ETH,2015,C580Y
PD1585-C,ETH,2015,C580Y
PD1586-C,ETH,2015,C580Y
PD1587-C,ETH,2015,C580Y
PD1588-C,ETH,2015,C580Y
PD1589-C,ETH,2015,C580Y
PD1590-C,ETH,2015,C580Y
PD1593-C,ETH,2016,C580Y
PH0021-C,WKH,2007,WT
PH0024-C,WKH,2007,Y493H
PH0028-Cx,WKH,2007,R539T
PH0042-C,WKH,2007,WT
PH0043-C,WKH,2007,R539T
PH0044-C,WKH,2008,C580Y
PH0045-C,WKH,2008,C580Y
PH0047-Cx,WKH,2009,WT
PH0051-Cx,WKH,2009,R539T
PH0055-C,WKH,2009,C580Y
PH0057-C,WKH,2009,C580Y
PH0059-C,WKH,2009,WT
PH0064-C,WKH,2009,Y493H
PH0105-C,WKH,2008,C580Y
PH0109-C,WKH,2008,K13-other
PH0110-C,WKH,2008,Y493H
PH0111-C,WKH,2008,Y493H
PH0112-C,WKH,2008,R539T
PH0114-C,WKH,2008,C580Y
PH0116-C,WKH,2008,Y493H
PH0117-C,WKH,2008,R539T
PH0118-C,WKH,2008,K13-other
PH0121-CW,WKH,2008,C580Y
PH0122-CW,WKH,2008,C580Y
PH0123-CW,WKH,2008,K13-other
PH0125-CW,WKH,2008,C580Y
PH0126-CW,WKH,2008,C580Y
PH0130-CW,WKH,2008,R539T
PH0132-CW,WKH,2008,R539T
PH0133-CW,WKH,2008,C580Y
PH0134-C,WKH,2008,C580Y
PH0136-C,WKH,2008,K13-other
PH0137-C,WKH,2008,C580Y
PH0138-CW,WKH,2008,WT
PH0139-CW,WKH,2008,C580Y
PH0140-CW,WKH,2008,C580Y
PH0141-CW,WKH,2008,WT
PH0142-CW,WKH,2008,WT
PH0143-CW,WKH,2008,C580Y
PH0144-CW,WKH,2008,C580Y
PH0145-CW,WKH,2008,R539T
PH0146-CW,WKH,2008,WT
PH0147-CW,WKH,2008,C580Y
PH0148-CW,WKH,2008,WT
PH0149-CW,WKH,2008,C580Y
PH0151-CW,WKH,2008,C580Y
PH0152-CW,WKH,2008,Y493H
PH0153-CW,WKH,2008,C580Y
PH0155-C,WKH,2008,C580Y
PH0156-C,WKH,2008,C580Y
PH0157-C,WKH,2010,C580Y
PH0161-C,WKH,2010,C580Y
PH0163-C,WKH,2010,WT
PH0164-C,WKH,2010,WT
PH0165-C,WKH,2010,C580Y
PH0167-C,WKH,2010,WT
PH0169-C,WKH,2010,C580Y
PH0171-C,WKH,2010,C580Y
PH0172-C,WKH,2010,C580Y
PH0173-C,WKH,2010,C580Y
PH0191-C,WKH,2010,Y493H
PH0192-C,WKH,2010,Y493H
PH0193-C,WKH,2010,WT
PH0198-C,WKH,2010,R539T
PH0199-C,WKH,2010,WT
PH0200-C,WKH,2010,C580Y
PH0201-C,NEKH,2010,WT
PH0203-C,NEKH,2010,WT
PH0206-C,WKH,2010,C580Y
PH0207-C,WKH,2010,Y493H
PH0208-C,WKH,2010,C580Y
PH0209-C,WKH,2010,WT
PH0210-C,WKH,2010,C580Y
PH0212-C,WKH,2010,C580Y
PH0213-C,WKH,2010,C580Y
PH0217-C,WKH,2009,C580Y
PH0218-C,WKH,2009,C580Y
PH0221-C,WKH,2009,C580Y
PH0222-C,WKH,2009,R539T
PH0224-C,WKH,2009,C580Y
PH0225-C,WKH,2009,C580Y
PH0227-C,WKH,2009,C580Y
PH0228-C,WKH,2009,C580Y
PH0229-C,WKH,2009,C580Y
PH0232-C,WKH,2008,WT
PH0234-C,WKH,2008,R539T
PH0235-C,WKH,2008,WT
PH0236-C,WKH,2008,C580Y
PH0238-C,WKH,2010,C580Y
PH0239-C,WKH,2010,Y493H
PH0240-C,WKH,2010,C580Y
PH0241-C,WKH,2010,C580Y
PH0243-C,WKH,2010,Y493H
PH0244-C,WKH,2010,Y493H
PH0245-C,WKH,2010,Y493H
PH0246-C,WKH,2010,C580Y
PH0247-C,WKH,2010,Y493H
PH0248-C,WKH,2010,Y493H
PH0249-C,WKH,2010,Y493H
PH0250-C,WKH,2010,R539T
PH0251-C,WKH,2010,C580Y
PH0252-C,WKH,2010,C580Y
PH0253-C,WKH,2010,C580Y
PH0278-CW,WKH,2010,C580Y
PH0282-C,WKH,2010,Y493H
PH0283-C,WKH,2010,WT
PH0284-C,WKH,2010,C580Y
PH0285-C,WKH,2010,C580Y
PH0300-C,WKH,2010,C580Y
PH0303-CW,WKH,2010,Y493H
PH0305-C,WKH,2010,WT
PH0306-C,WKH,2010,R539T
PH0307-C,WKH,2010,C580Y
PH0308-CW,WKH,2010,C580Y
PH0321-C,WKH,2010,WT
PH0322-C,WKH,2010,C580Y
PH0325-C,WKH,2010,C580Y
PH0326-C,WKH,2010,Y493H
PH0327-C,WKH,2010,WT
PH0329-C,WKH,2010,C580Y
PH0335-C,WKH,2010,C580Y
PH0337-C,WKH,2010,C580Y
PH0338-C,WKH,2010,R539T
PH0339-C,NEKH,2010,WT
PH0342-C,NEKH,2010,WT
PH0343-C,NEKH,2010,WT
PH0344-C,NEKH,2010,WT
PH0346-C,NEKH,2010,WT
PH0347-C,NEKH,2010,WT
PH0348-C,NEKH,2010,WT
PH0349-C,NEKH,2010,WT
PH0350-C,NEKH,2010,WT
PH0352-C,NEKH,2010,WT
PH0353-C,NEKH,2010,WT
PH0354-C,NEKH,2010,WT
PH0355-C,NEKH,2010,WT
PH0356-C,NEKH,2010,WT
PH0357-C,NEKH,2010,WT
PH0358-C,NEKH,2010,WT
PH0359-C,NEKH,2010,WT
PH0360-C,NEKH,2010,WT
PH0361-C,NEKH,2010,WT
PH0362-C,NEKH,2010,WT
PH0363-C,NEKH,2010,WT
PH0364-C,NEKH,2010,WT
PH0367-C,NEKH,2010,WT
PH0370-C,NEKH,2010,WT
PH0372-C,NEKH,2010,WT
PH0373-C,NEKH,2010,WT
PH0374-C,NEKH,2010,WT
PH0375-C,NEKH,2010,WT
PH0377-C,NEKH,2010,WT
PH0381-C,NEKH,2010,WT
PH0382-C,NEKH,2010,WT
PH0387-C,WKH,2008,C580Y
PH0389-C,WKH,2008,C580Y
PH0390-C,WKH,2008,C580Y
PH0391-C,WKH,2008,K13-other
PH0392-C,WKH,2008,Y493H
PH0393-C,WKH,2008,C580Y
PH0394-C,WKH,2008,WT
PH0395-C,WKH,2008,C580Y
PH0396-C,WKH,2008,C580Y
PH0398-C,WKH,2008,C580Y
PH0400-C,WKH,2008,C580Y
PH0403-C,WKH,2008,H719N
PH0407-C,WKH,2008,C580Y
PH0408-C,WKH,2008,WT
PH0410-C,WKH,2008,R539T
PH0411-C,WKH,2008,Y493H
PH0412-C,WKH,2008,C580Y
PH0416-C,WKH,2008,C580Y
PH0418-C,WKH,2008,C580Y
PH0421-C,WKH,2008,Y493H
PH0422-CW,WKH,2008,C580Y
PH0424-C,WKH,2008,C580Y
PH0438-C,WKH,2008,C580Y
PH0444-C,WKH,2008,Y493H
PH0456-C,WKH,2010,Y493H
PH0457-CW,WKH,2010,C580Y
PH0458-CW,WKH,2010,C580Y
PH0460-C,WKH,2010,C580Y
PH0462-C,WKH,2010,WT
PH0463-C,WKH,2010,C580Y
PH0464-CW,WKH,2010,WT
PH0466-C,WKH,2010,WT
PH0467-CW,WKH,2010,C580Y
PH0468-C,WKH,2010,WT
PH0473-C,WKH,2010,WT
PH0474-CW,WKH,2010,C580Y
PH0476-C,WKH,2010,Y493H
PH0479-CW,WKH,2010,C580Y
PH0481-C,WKH,2010,C580Y
PH0482-C,WKH,2010,C580Y
PH0483-CW,WKH,2010,WT
PH0484-C,WKH,2011,Y493H
PH0485-C,WKH,2011,C580Y
PH0486-C,WKH,2011,C580Y
PH0487-C,WKH,2011,R539T
PH0488-C,WKH,2011,WT
PH0489-C,WKH,2011,WT
PH0490-C,WKH,2011,Y493H
PH0493-C,WKH,2010,Y493H
PH0494-CW,WKH,2009,WT
PH0498-C,WKH,2009,Y493H
PH0500-CW,WKH,2009,K13-other
PH0501-CW,WKH,2009,C580Y
PH0502-C,NEKH,2011,WT
PH0506-C,NEKH,2011,WT
PH0507-C,NEKH,2011,WT
PH0508-C,NEKH,2011,WT
PH0513-C,NKH,2011,WT
PH0514-C,NKH,2011,C580Y
PH0516-C,NKH,2011,C580Y
PH0517-C,NKH,2011,WT
PH0518-C,NKH,2011,WT
PH0519-C,NKH,2011,WT
PH0520-C,NKH,2011,Y493H
PH0521-C,NKH,2011,WT
PH0522-C,NKH,2011,WT
PH0523-C,NKH,2011,Y493H
PH0524-C,NKH,2011,WT
PH0525-C,NKH,2011,C580Y
PH0526-C,WKH,2011,WT
PH0527-C,WKH,2011,C580Y
PH0528-C,WKH,2011,C580Y
PH0529-C,WKH,2011,C580Y
PH0530-C,WKH,2011,R539T
PH0531-C,WKH,2011,Y493H
PH0532-C,WKH,2011,R539T
PH0533-C,WKH,2011,C580Y
PH0534-C,WKH,2011,C580Y
PH0537-C,WKH,2011,R539T
PH0538-C,WKH,2011,C580Y
PH0539-C,WKH,2011,C580Y
PH0540-C,WKH,2011,C580Y
PH0541-C,WKH,2011,C580Y
PH0542-C,WKH,2011,WT
PH0544-C,WKH,2011,C580Y
PH0551-C,WKH,2011,C580Y
PH0552-C,WKH,2011,C580Y
PH0553-C,WKH,2011,C580Y
PH0554-C,WKH,2011,C580Y
PH0555-C,WKH,2011,WT
PH0556-C,WKH,2011,C580Y
PH0558-C,WKH,2011,C580Y
PH0559-C,WKH,2011,C580Y
PH0560-C,WKH,2011,C580Y
PH0561-C,WKH,2011,C580Y
PH0562-C,WKH,2011,C580Y
PH0563-C,WKH,2011,C580Y
PH0565-C,WKH,2011,C580Y
PH0566-C,WKH,2011,C580Y
PH0569-C,WKH,2011,WT
PH0570-C,WKH,2011,C580Y
PH0571-C,WKH,2011,WT
PH0576-C,WKH,2011,C580Y
PH0578-C,WKH,2011,C580Y
PH0579-C,WKH,2011,R539T
PH0584-C,WKH,2011,C580Y
PH0585-C,NKH,2011,WT
PH0586-C,NKH,2011,C580Y
PH0587-C,NKH,2011,C580Y
PH0589-C,NKH,2011,WT
PH0592-C,NKH,2011,WT
PH0593-C,NKH,2011,WT
PH0596-C,NKH,2011,C580Y
PH0597-C,NKH,2011,WT
PH0598-C,NKH,2011,WT
PH0599-C,NKH,2011,WT
PH0600-C,NKH,2011,WT
PH0601-C,NKH,2011,WT
PH0602-C,NKH,2011,C580Y
PH0604-C,NKH,2011,WT
PH0605-C,NKH,2011,WT
PH0608-C,NKH,2011,WT
PH0609-C,NKH,2011,WT
PH0610-C,NKH,2011,WT
PH0611-C,NKH,2011,C580Y
PH0617-C,NEKH,2011,WT
PH0619-C,NEKH,2011,WT
PH0621-C,NEKH,2011,WT
PH0623-C,NEKH,2011,WT
PH0624-C,NEKH,2011,WT
PH0625-C,NEKH,2011,WT
PH0626-C,NEKH,2011,WT
PH0630-C,NEKH,2011,WT
PH0631-C,NEKH,2011,WT
PH0632-C,NEKH,2011,WT
PH0633-C,NEKH,2011,WT
PH0636-C,NEKH,2011,WT
PH0638-C,NEKH,2011,K13-other
PH0639-C,NEKH,2011,WT
PH0640-C,NEKH,2011,WT
PH0644-C,NEKH,2011,WT
PH0647-C,NEKH,2011,WT
PH0650-C,NEKH,2011,WT
PH0676-C,WKH,2011,C580Y
PH0677-C,WKH,2011,C580Y
PH0678-C,WKH,2011,WT
PH0679-C,WKH,2011,WT
PH0680-C,WKH,2011,C580Y
PH0682-C,WKH,2011,C580Y
PH0684-C,WKH,2011,C580Y
PH0685-C,WKH,2011,C580Y
PH0686-C,WKH,2011,C580Y
PH0687-C,WKH,2011,R539T
PH0692-C,WKH,2011,C580Y
PH0694-C,WKH,2011,C580Y
PH0695-C,WKH,2011,C580Y
PH0696-C,WKH,2011,R539T
PH0697-C,WKH,2011,C580Y
PH0700-C,WKH,2011,R539T
PH0701-C,WKH,2011,C580Y
PH0702-C,WKH,2011,C580Y
PH0703-C,WKH,2011,C580Y
PH0706-C,WKH,2011,C580Y
PH0708-C,WKH,2011,C580Y
PH0709-C,WKH,2011,WT
PH0712-C,WKH,2011,C580Y
PH0716-C,WKH,2011,C580Y
PH0718-C,WKH,2011,C580Y
PH0719-C,WKH,2011,C580Y
PH0722-C,WKH,2011,C580Y
PH0723-C,WKH,2011,C580Y
PH0727-C,NKH,2011,WT
PH0728-C,NKH,2011,C580Y
PH0729-C,NKH,2011,WT
PH0731-C,NKH,2011,R539T
PH0732-C,NKH,2011,WT
PH0737-C,NKH,2011,WT
PH0738-C,NKH,2011,Y493H
PH0739-C,NKH,2011,WT
PH0742-C,NKH,2011,WT
PH0743-C,NKH,2011,WT
PH0745-C,NKH,2011,R539T
PH0746-C,NKH,2011,WT
PH0752-C,NKH,2011,WT
PH0753-Cx,NKH,2011,C580Y
PH0754-C,NKH,2011,WT
PH0755-C,NKH,2011,C580Y
PH0757-C,NKH,2011,C580Y
PH0758-C,NKH,2011,WT
PH0759-C,NKH,2011,WT
PH0761-C,NKH,2011,WT
PH0762-Cx,NKH,2011,WT
PH0764-C,NEKH,2011,WT
PH0765-C,NEKH,2011,WT
PH0770-C,NEKH,2011,WT
PH0772-C,NEKH,2011,WT
PH0773-Cx,NEKH,2011,WT
PH0775-Cx,NEKH,2011,WT
PH0776-C,NEKH,2011,WT
PH0778-C,NEKH,2011,WT
PH0780-C,NEKH,2011,WT
PH0783-C,NEKH,2011,WT
PH0784-C,NEKH,2011,C580Y
PH0785-Cx,NEKH,2011,WT
PH0788-C,NEKH,2011,WT
PH0789-C,NEKH,2011,WT
PH0790-C,NEKH,2011,WT
PH0793-C,NEKH,2011,WT
PH0794-C,NEKH,2011,WT
PH0795-C,NEKH,2011,WT
PH0797-C,NEKH,2011,WT
PH0801-C,NEKH,2011,WT
PH0805-C,NEKH,2011,WT
PH0807-C,NEKH,2011,WT
PH0810-C,NEKH,2011,WT
PH0813-C,NEKH,2011,WT
PH0818-C,WKH,2011,C580Y
PH0819-C,WKH,2011,C580Y
PH0820-C,WKH,2011,C580Y
PH0822-C,WKH,2011,C580Y
PH0823-C,WKH,2011,C580Y
PH0825-C,WKH,2011,C580Y
PH0826-C,WKH,2011,C580Y
PH0828-C,WKH,2011,C580Y
PH0829-C,WKH,2011,C580Y
PH0830-C,WKH,2011,C580Y
PH0831-C,WKH,2011,C580Y
PH0832-C,WKH,2011,R539T
PH0833-C,WKH,2011,C580Y
PH0834-C,WKH,2011,C580Y
PH0835-C,WKH,2011,C580Y
PH0837-C,WKH,2011,C580Y
PH0838-C,WKH,2011,C580Y
PH0839-C,WKH,2011,C580Y
PH0840-C,WKH,2011,C580Y
PH0842-C,WKH,2011,C580Y
PH0843-C,WKH,2011,C580Y
PH0844-C,WKH,2011,C580Y
PH0845-C,WKH,2011,C580Y
PH0846-C,WKH,2011,C580Y
PH0847-C,WKH,2011,C580Y
PH0848-C,WKH,2011,WT
PH0850-C,WKH,2011,C580Y
PH0851-C,WKH,2011,C580Y
PH0852-C,WKH,2011,I543T
PH0853-C,WKH,2011,I543T
PH0854-C,WKH,2011,C580Y
PH0855-C,WKH,2011,C580Y
PH0856-C,WKH,2011,C580Y
PH0858-C,WKH,2011,C580Y
PH0865-C,NKH,2012,WT
PH0866-C,NKH,2012,WT
PH0868-Cx,NKH,2012,C580Y
PH0870-C,NKH,2012,C580Y
PH0871-C,NKH,2012,WT
PH0872-C,NKH,2012,WT
PH0874-Cx,NKH,2012,C580Y
PH0875-C,NKH,2012,WT
PH0877-C,NEKH,2012,WT
PH0878-C,NEKH,2012,WT
PH0879-C,NEKH,2012,WT
PH0880-C,NEKH,2012,WT
PH0885-Cx,NEKH,2012,WT
PH0886-C,WKH,2011,C580Y
PH0887-C,WKH,2011,C580Y
PH0888-C,WKH,2011,C580Y
PH0889-C,WKH,2011,C580Y
PH0890-C,WKH,2011,C580Y
PH0891-Cx,WKH,2011,C580Y
PH0894-C,WKH,2012,C580Y
PH0895-C,WKH,2012,WT
PH0896-C,WKH,2012,C580Y
PH0899-C,WKH,2012,C580Y
PH0900-C,WKH,2012,C580Y
PH0901-C,WKH,2012,C580Y
PH0902-C,WKH,2012,C580Y
PH0904-C,WKH,2012,C580Y
PH0907-C,WKH,2012,C580Y
PH0908-C,WKH,2012,C580Y
PH0909-C,WKH,2012,C580Y
PH0910-C,WKH,2012,C580Y
PH0912-C,WKH,2012,C580Y
PH0915-C,WKH,2012,C580Y
PH0920-Cx,WKH,2012,C580Y
PH0923-Cx,NKH,2012,WT
PH0924-C,NKH,2012,WT
PH0925-C,NKH,2012,WT
PH0927-C,NKH,2012,WT
PH0928-C,NKH,2012,WT
PH0929-C,NKH,2012,WT
PH0931-C,NKH,2012,WT
PH0932-C,NKH,2012,WT
PH0933-C,NEKH,2012,WT
PH0936-C,NEKH,2012,WT
PH0937-C,NEKH,2012,WT
PH0939-C,NEKH,2012,WT
PH0942-Cx,NEKH,2012,WT
PH0959-Cx,WKH,2012,C580Y
PH0961-Cx,WKH,2012,C580Y
PH0964-Cx,WKH,2012,C580Y
PH0971-C,NEKH,2012,WT
PH0976-C,NKH,2012,WT
PH0979-C,NKH,2012,WT
PH0980-C,NKH,2012,WT
PH0981-C,NKH,2012,WT
PH0982-C,NKH,2012,WT
PH0983-C,NKH,2012,WT
PH0984-C,NKH,2012,WT
PH0985-C,NKH,2012,WT
PH0986-C,WKH,2012,C580Y
PH0987-C,WKH,2012,C580Y
PH0991-C,WKH,2012,C580Y
PH0994-C,WKH,2012,C580Y
PH0996-C,WKH,2012,C580Y
PH0997-C,WKH,2012,C580Y
PH0999-C,WKH,2012,C580Y
PH1000-C,WKH,2012,WT
PH1001-C,WKH,2012,C580Y
PH1002-C,WKH,2012,C580Y
PH1003-C,WKH,2012,C580Y
PH1015-C,WKH,2012,C580Y
PH1023-C,WKH,2012,WT
PH1045-C,NKH,2012,WT
PH1068-C,NEKH,2012,WT
PH1071-C,NEKH,2012,WT
PH1073-C,NEKH,2012,WT
PH1085-C,WKH,2012,WT
PH1086-C,WKH,2012,C580Y
PH1092-C,NKH,2012,WT
PH1097-C,NKH,2012,WT
PH1106-C,NEKH,2012,WT
PH1136-C,WKH,2011,C580Y
PH1137-C,WKH,2011,WT
PH1147-C,NKH,2013,WT
PH1148-C,NKH,2013,C580Y
PH1150-C,NKH,2013,WT
PH1153-C,NKH,2013,WT
PH1162-C,NKH,2013,C580Y
PH1164-C,NKH,2013,WT
PH1168-C,NKH,2013,WT
PH1169-C,NKH,2013,WT
PH1170-C,NKH,2013,WT
PH1175-C,NKH,2013,C580Y
PH1183-C,WKH,2013,C580Y
PH1187-C,WKH,2013,Y493H
PH1190-C,WKH,2013,C580Y
PH1200-C,WKH,2013,C580Y
PH1201-C,WKH,2013,C580Y
PH1203-C,WKH,2013,C580Y
PH1216-C,WKH,2013,C580Y
PH1217-C,WKH,2013,C580Y
PH1229-C,WKH,2013,C580Y
PH1236-C,WKH,2013,Y493H
PH1252-C,WKH,2013,H719N
PH1253-C,WKH,2013,Y493H
PH1297-C,NEKH,2013,WT
PH1310-C,NEKH,2013,WT
PH1313-C,NEKH,2013,C580Y
PH1317-C,NEKH,2013,WT
PH1318-C,NEKH,2013,WT
PH1319-C,NEKH,2013,WT
PH1357-C,WKH,2012,C580Y
PH1358-C,WKH,2012,C580Y
PH1360-C,WKH,2012,C580Y
PH1373-C,WKH,2013,C580Y
PH1379-C,WKH,2013,C580Y
PH1387-C,NKH,2012,C580Y
PH1708-C,WKH,2016,C580Y
PH1713-C,WKH,2016,C580Y
PH1714-C,WKH,2016,C580Y
PH1716-C,WKH,2016,C580Y
PH1718-C,WKH,2016,C580Y
PH1720-C,WKH,2016,C580Y
PH1721-C,WKH,2016,C580Y
PH1723-C,WKH,2016,C580Y
PH1730-C,NKH,2016,C580Y
PH1731-C,NKH,2016,C580Y
PH1732-C,NKH,2016,C580Y
PH1737-C,WKH,2016,WT
PH1741-C,WKH,2016,C580Y
PH1742-C,WKH,2016,C580Y
PH1743-C,WKH,2016,C580Y
PH1745-C,WKH,2016,WT
PH1747-C,WKH,2016,C580Y
PH1748-C,WKH,2016,C580Y
PH1749-C,WKH,2016,C580Y
PH1750-C,WKH,2016,C580Y
PH1751-C,WKH,2016,C580Y
PH1752-C,WKH,2016,C580Y
PH1755-C,WKH,2015,C580Y
PH1756-C,WKH,2015,C580Y
PH1757-C,WKH,2015,C580Y
PH1759-C,WKH,2015,C580Y
PH1763-C,WKH,2015,C580Y
PH1764-C,WKH,2015,C580Y
PH1765-C,WKH,2015,C580Y
PH1767-C,WKH,2015,C580Y
PH1768-C,WKH,2015,C580Y
PH1769-C,WKH,2015,C580Y
PH1770-C,WKH,2016,C580Y
PV0002-C,VN,2009,P553L
PV0004-C,VN,2009,WT
PV0006-C,VN,2009,WT
PV0014-C,VN,2009,WT
PV0018-C,VN,2009,WT
PV0020-C,VN,2009,WT
PV0028-C,VN,2010,C580Y
PV0031-C,VN,2009,K13-other
PV0035-C,VN,2010,WT
PV0039-C,VN,2010,P553L
PV0041-C,VN,2009,WT
PV0046-C,VN,2009,WT
PV0048-C,VN,2010,WT
PV0080-C,VN,2010,WT
PV0081-C,VN,2010,C580Y
PV0082-C,VN,2010,WT
PV0083-C,VN,2010,P553L
PV0084-C,VN,2010,WT
PV0085-C,VN,2010,V568G
PV0088-C,VN,2010,K13-other
PV0089-C,VN,2010,WT
PV0091-C,VN,2010,I543T
PV0092-C,VN,2010,WT
PV0094-C,VN,2010,WT
PV0097-C,VN,2010,WT
PV0098-C,VN,2010,WT
PV0099-C,VN,2010,WT
PV0101-C,VN,2010,V568G
PV0102-C,VN,2010,P553L
PV0112-C,VN,2010,WT
PV0114-C,VN,2010,D353Y
PV0116-C,VN,2010,D353Y
PV0117-C,VN,2010,WT
PV0118-C,VN,2010,D353Y
PV0120-C,VN,2010,WT
PV0122-C,VN,2010,I543T
PV0124-C,VN,2010,D353Y
PV0125-C,VN,2010,I543T
PV0126-C,VN,2010,WT
PV0128-C,VN,2010,P553L
PV0129-C,VN,2010,WT
PV0130-C,VN,2010,I543T
PV0134-C,VN,2010,WT
PV0135-C,VN,2010,WT
PV0137-C,VN,2010,V568G
PV0139-C,VN,2010,WT
PV0140-C,VN,2010,I543T
PV0142-C,VN,2010,WT
PV0144-C,VN,2010,P553L
PV0147-C,VN,2010,WT
PV0151-C,VN,2010,I543T
PV0153-C,VN,2010,WT
PV0158-C,VN,2010,I543T
PV0161-C,VN,2010,WT
PV0169-C,VN,2010,WT
PV0180-C,VN,2011,I543T
PV0182-C,VN,2011,WT
PV0185-C,VN,2011,I543T
PV0186-C,VN,2011,P553L
PV0187-C,VN,2011,WT
PV0189-C,VN,2011,WT
PV0193-C,VN,2011,I543T
PV0195-C,VN,2011,C580Y
PV0197-C,VN,2011,WT
PV0202-C,VN,2011,WT
PV0211-C,VN,2011,WT
PV0216-C,VN,2011,WT
PV0218-C,VN,2011,I543T
PV0219-C,VN,2011,WT
PV0220-C,VN,2011,I543T
PV0221-C,VN,2011,WT
PV0223-C,VN,2011,I543T
PV0227-C,VN,2011,P553L
PV0230-C,VN,2011,WT
PV0234-C,VN,2011,WT
PV0235-C,VN,2011,WT
PV0236-C,VN,2011,WT
PV0237-C,VN,2011,P553L
PV0239-C,VN,2011,WT
PV0240-C,VN,2011,WT
PV0241-C,VN,2011,WT
PV0243-Cx2,VN,2011,V568G
PV0245-Cx2,VN,2011,WT
PV0246-C,VN,2011,C580Y
PV0247-Cx2,VN,2011,WT
PV0249-Cx,VN,2011,WT
PV0251-C,VN,2011,Y493H
PV0254-C,VN,2011,WT
PV0259-C,VN,2011,C580Y
PV0261-C,VN,2011,WT
PV0262-C,VN,2011,I543T
PV0267-C,VN,2011,Y493H
PV0269-C,VN,2011,Y493H
PV0270-C,VN,2011,WT
PV0272-C,VN,2011,WT
PV0274-C,VN,2011,WT
PV0277-C,VN,2011,R539T
PV0278-C,VN,2011,R539T
PV0279-C,VN,2011,WT
PV0280-C,VN,2011,WT
PV0282-C,VN,2011,WT
PV0283-C,VN,2011,I543T
PV0284-C,VN,2011,WT
PV0285-C,VN,2011,R539T
PV0286-C,VN,2011,R539T
PV0287-C,VN,2011,WT
PV0288-C,VN,2011,C580Y
PV0289-C,VN,2011,WT
PV0292-C,VN,2011,I543T
PV0296-C,VN,2011,WT
PV0297-C,VN,2011,WT
PV0298-C,VN,2011,WT
PV0299-C,VN,2011,I543T
PV0300-C,VN,2011,I543T
PV0301-C,VN,2011,WT
PV0302-C,VN,2011,WT
PV0304-C,VN,2011,WT
PV0305-C,VN,2011,WT
PV0306-C,VN,2011,C580Y
PV0308-Cx,VN,2011,WT
PV0309-C,VN,2011,WT
PV0310-C,VN,2011,WT
PV0311-C,VN,2012,WT
PV0312-C,VN,2012,I543T
PV0313-C,VN,2012,WT
PV0314-C,VN,2012,WT
PV0315-Cx,VN,2012,WT
PV0317-C,VN,2012,WT
PV0318-C,VN,2012,I543T
PV0319-C,VN,2012,WT
PV0320-C,VN,2012,I543T
PV0321-C,VN,2012,K13-other
PV0322-C,VN,2012,I543T
PV0324-C,VN,2012,I543T
PV0325-C,VN,2012,WT
PV0326-C,VN,2012,WT
PV0328-C,VN,2012,WT
PV0329-C,VN,2012,WT
PV0330-C,VN,2012,WT
PV0331-Cx,VN,2012,WT
PV0333-C,VN,2012,C580Y
PV0340-C,VN,2011,Y493H
PV0343-C,VN,2011,C580Y
PV0345-C,VN,2011,R539T
PV0347-C,VN,2011,WT
PV0355-C,VN,2012,I543T
PV0360-C,VN,2016,WT
PV0361-C,VN,2016,C580Y
PV0363-C,VN,2016,C580Y
PV0364-C,VN,2016,C580Y
PV0365-C,VN,2016,C580Y
PV0366-C,VN,2016,C580Y
PV0368-C,VN,2016,C580Y
PV0369-C,VN,2016,WT
PV0370-C,VN,2016,C580Y
PV0371-C,VN,2016,C580Y
PV0372-C,VN,2016,C580Y
PV0373-C,VN,2016,C580Y
PV0375-C,VN,2016,C580Y
PV0376-C,VN,2016,C580Y
PV0377-C,VN,2016,C580Y
PV0378-C,VN,2016,C580Y
PV0379-C,VN,2016,C580Y
PV0381-C,VN,2016,C580Y
PV0382-C,VN,2016,C580Y
PV0383-C,VN,2016,C580Y
PV0384-C,VN,2016,C580Y
PV0385-C,VN,2016,C580Y
PV0386-C,VN,2016,C580Y
PV0387-C,VN,2016,WT
PV0388-C,VN,2016,C580Y
PV0393-C,VN,2016,C580Y
PV0395-C,VN,2016,C580Y
PV0396-C,VN,2016,C580Y
PV0397-C,VN,2016,C580Y
PV0398-C,VN,2016,C580Y
PV0400-C,VN,2016,C580Y
PV0402-C,VN,2016,C580Y
QE0347-C,LA,2010,WT
QE0348-C,LA,2010,WT
QE0350-C,LA,2010,WT
QE0352-C,LA,2010,WT
QE0356-C,LA,2010,WT
QE0360-C,LA,2010,WT
QE0361-C,LA,2010,WT
QE0363-C,LA,2010,WT
QE0364-C,LA,2010,WT
QE0365-C,LA,2010,WT
QE0367-C,LA,2010,WT
QE0368-C,LA,2010,WT
QE0369-C,LA,2010,WT
QE0370-C,LA,2010,WT
QE0371-C,LA,2010,WT
QE0372-C,LA,2010,WT
QE0373-C,LA,2010,WT
QE0374-C,LA,2010,WT
QE0375-C,LA,2010,WT
QE0376-C,LA,2010,WT
QE0379-C,LA,2010,WT
QE0381-C,LA,2010,WT
QE0382-C,LA,2010,WT
QE0383-C,LA,2010,WT
QE0384-C,LA,2010,WT
QE0386-C,LA,2010,WT
QE0387-C,LA,2010,WT
QE0388-C,LA,2010,WT
QE0391-C,LA,2010,WT
QE0393-Cx,LA,2011,WT
QE0395-C,LA,2011,WT
QE0397-C,LA,2011,WT
QE0398-C,LA,2011,WT
QE0400-C,LA,2011,WT
QE0401-C,LA,2011,WT
QE0403-Cx,LA,2011,WT
QE0404-C,LA,2011,WT
QE0405-Cx,LA,2011,WT
QE0414-C,LA,2011,WT
QE0415-C,LA,2011,WT
QE0418-C,LA,2011,WT
QE0419-C,LA,2011,WT
QE0426-C,LA,2011,WT
QE0430-C,LA,2011,WT
QE0431-C,LA,2011,WT
QE0432-C,LA,2011,WT
QE0433-C,LA,2011,WT
QE0434-C,LA,2011,WT
QE0436-C,LA,2011,WT
QE0437-C,LA,2011,WT
QE0438-C,LA,2011,WT
QE0440-C,LA,2011,WT
QE0443-C,LA,2011,WT
QE0444-C,LA,2011,WT
QE0447-C,LA,2011,WT
QE0448-C,LA,2011,WT
QE0449-C,LA,2011,WT
QE0451-C,LA,2012,WT
QE0452-C,LA,2012,WT
QE0454-C,LA,2012,WT
QE0455-C,LA,2012,WT
QE0456-C,LA,2012,R539T
QE0457-C,LA,2012,WT
QE0458-C,LA,2012,WT
QE0459-C,LA,2012,WT
QE0460-C,LA,2012,WT
QE0461-C,LA,2012,WT
QE0463-C,LA,2012,WT
QE0464-C,LA,2012,WT
QE0465-C,LA,2012,WT
QE0468-C,LA,2012,WT
QE0471-C,LA,2012,WT
QE0474-C,LA,2012,WT
QE0475-C,LA,2012,WT
QE0476-C,LA,2012,WT
QE0478-C,LA,2011,WT
QE0484-C,LA,2015,C580Y
QE0485-C,LA,2015,WT
QE0486-C,LA,2015,Y493H
QE0487-C,LA,2015,C580Y
QE0488-C,LA,2015,Y493H
QE0489-C,LA,2015,WT
QE0490-C,LA,2015,Y493H
RCN07825,WKH,2016,WT
RCN07826,WKH,2016,C580Y
RCN07827,WKH,2016,C580Y
RCN07828,WKH,2016,C580Y
RCN07829,NKH,2016,C580Y
RCN07830,NKH,2016,C580Y
RCN07836,NEKH,2016,C580Y
RCN07837,NEKH,2016,C580Y
RCN07838,NEKH,2016,C580Y
RCN07839,NEKH,2016,C580Y
RCN07842,NEKH,2016,C580Y
RCN07845,NEKH,2016,C580Y
RCN07848,NEKH,2016,C580Y
RCN07851,NEKH,2016,WT
RCN07852,NEKH,2016,C580Y
RCN07853,NEKH,2016,C580Y
RCN07854,NEKH,2016,C580Y
RCN07856,NEKH,2016,C580Y
RCN07858,NEKH,2016,C580Y
RCN07859,NEKH,2016,C580Y
RCN07862,NEKH,2016,C580Y
RCN07863,NEKH,2016,C580Y
RCN08101,VN,2016,C580Y
RCN08103,VN,2016,C580Y
RCN08105,VN,2016,C580Y
RCN08106,VN,2016,C580Y
RCN08107,VN,2016,C580Y
RCN08112,VN,2016,C580Y
RCN08113,VN,2016,C580Y
RCN08114,VN,2016,C580Y
RCN08115,VN,2016,WT
RCN08116,VN,2016,C580Y
RCN08117,VN,2016,C580Y
RCN08118,VN,2016,C580Y
RCN08119,VN,2016,C580Y
RCN08120,VN,2016,C580Y
RCN08121,VN,2016,C580Y
RCN08122,VN,2016,C580Y
RCN08124,VN,2017,C580Y
RCN08126,VN,2017,C580Y
RCN08127,VN,2017,C580Y
RCN08128,VN,2017,C580Y
RCN08129,VN,2017,C580Y
RCN08130,VN,2017,C580Y
RCN08131,VN,2017,C580Y
RCN08132,VN,2017,C580Y
RCN08135,VN,2017,C580Y
RCN08136,VN,2017,C580Y
RCN08138,VN,2017,C580Y
RCN08139,VN,2017,C580Y
RCN08140,VN,2017,C580Y
RCN08141,VN,2017,C580Y
RCN08143,VN,2017,C580Y
RCN08144,VN,2017,C580Y
RCN08145,VN,2017,C580Y
RCN08147,VN,2017,C580Y
RCN08148,VN,2017,C580Y
RCN08232,WKH,2016,C580Y
RCN08389,LA,2016,WT
RCN08390,LA,2016,WT
RCN08392,LA,2016,WT
RCN08393,ETH,2017,C580Y
RCN08807,VN,2017,C580Y
RCN08809,VN,2017,-
RCN08810,VN,2017,C580Y
RCN08811,VN,2017,WT
RCN08812,VN,2017,C580Y
RCN08813,VN,2017,C580Y
RCN08814,VN,2017,C580Y
RCN08815,VN,2017,C580Y
RCN08816,VN,2017,C580Y
RCN08817,VN,2017,C580Y
RCN08818,VN,2017,C580Y
RCN08819,VN,2017,C580Y
RCN08820,VN,2017,C580Y
RCN08821,VN,2017,WT
RCN08822,VN,2017,WT
RCN08824,VN,2017,-
RCN08825,VN,2017,Het
RCN08827,VN,2017,P553L
RCN08828,VN,2017,WT
RCN08829,VN,2017,P553L
RCN08830,VN,2017,WT
RCN08831,VN,2017,WT
RCN08833,VN,2017,WT
RCN08834,VN,2017,WT
RCN08878,VN,2017,WT
RCN08881,VN,2017,-
RCN08882,VN,2017,-
RCN08883,VN,2017,WT
RCN08884,VN,2017,WT
RCN08887,VN,2017,-
RCN08888,VN,2017,Het
RCN08889,VN,2017,WT
RCN08890,VN,2017,-
RCN08891,VN,2017,WT
RCN08892,VN,2017,-
RCN08922,LA,2017,WT
RCN08923,LA,2017,WT
RCN08925,LA,2017,WT
RCN08926,LA,2017,C580Y
RCN08927,LA,2017,WT
RCN08929,LA,2017,C580Y
RCN08930,LA,2017,WT
RCN08931,LA,2017,C580Y
RCN08933,LA,2017,WT
RCN08934,LA,2017,WT
RCN08935,LA,2017,WT
RCN08936,LA,2017,WT
RCN08937,LA,2017,WT
RCN08938,LA,2017,WT
RCN08939,LA,2017,WT
RCN08941,LA,2017,WT
RCN08942,LA,2017,C580Y
RCN08943,LA,2017,WT
RCN08945,LA,2017,WT
RCN08946,LA,2017,WT
RCN08947,LA,2017,WT
RCN08949,LA,2017,WT
RCN08950,LA,2017,WT
RCN08951,LA,2017,WT
RCN08952,LA,2017,WT
RCN08953,LA,2017,WT
RCN08954,LA,2017,WT
RCN08957,LA,2017,WT
RCN08958,LA,2017,C580Y
RCN08959,LA,2017,C580Y
RCN08960,LA,2017,C580Y
RCN08961,LA,2017,C580Y
RCN08962,LA,2017,WT
RCN08963,LA,2017,C580Y
RCN08966,LA,2017,C580Y
RCN08971,LA,2017,C580Y
RCN08973,LA,2017,WT
RCN08974,LA,2017,WT
RCN08975,LA,2017,C580Y
RCN08976,LA,2017,C580Y
RCN08977,LA,2017,C580Y
RCN08978,LA,2017,WT
RCN08979,LA,2017,WT
RCN08981,LA,2017,R539T
RCN08982,LA,2017,R539T
RCN08984,LA,2017,C580Y
RCN08985,LA,2017,C580Y
RCN08987,LA,2017,C580Y
RCN08989,LA,2017,C580Y
RCN08990,LA,2017,C580Y
RCN08991,LA,2017,C580Y
RCN08992,LA,2017,Het
RCN08993,LA,2017,C580Y
RCN08994,LA,2017,C580Y
RCN08995,LA,2017,C580Y
RCN08998,LA,2017,C580Y
RCN08999,LA,2017,C580Y
RCN09000,LA,2017,C580Y
RCN09001,LA,2017,C580Y
RCN09002,LA,2017,C580Y
RCN09003,LA,2017,C580Y
RCN09006,LA,2017,C580Y
RCN09007,LA,2017,C580Y
RCN09010,LA,2017,Het
RCN09011,LA,2017,C580Y
RCN09012,LA,2017,C580Y
RCN09014,LA,2017,WT
RCN09016,LA,2017,C580Y
RCN09018,LA,2017,C580Y
RCN09019,LA,2017,C580Y
RCN09020,LA,2017,C580Y
RCN09021,LA,2017,C580Y
RCN09022,LA,2017,C580Y
RCN09023,LA,2017,C580Y
RCN09024,LA,2017,C580Y
RCN09025,LA,2017,C580Y
RCN09027,LA,2017,C580Y
RCN09029,LA,2017,WT
RCN09031,LA,2017,WT
RCN09032,LA,2017,WT
RCN09033,LA,2017,WT
RCN09034,LA,2017,C580Y
RCN09035,LA,2017,WT
RCN09036,LA,2017,WT
RCN09037,LA,2017,C580Y
RCN09038,LA,2017,K13-other
RCN09039,LA,2017,K13-other
RCN09040,LA,2017,C580Y
RCN09041,LA,2017,WT
RCN09042,LA,2017,WT
RCN09043,LA,2017,WT
RCN09044,LA,2017,WT
RCN09045,LA,2017,Het
RCN09046,LA,2017,C580Y
RCN09047,LA,2017,WT
RCN09048,LA,2017,WT
RCN09049,LA,2017,WT
RCN09050,LA,2017,WT
RCN09052,LA,2017,WT
RCN09053,LA,2017,C580Y
RCN09054,LA,2017,C580Y
RCN09055,LA,2017,C580Y
RCN09056,LA,2017,C580Y
RCN09057,LA,2017,C580Y
RCN09058,LA,2017,C580Y
RCN09059,LA,2017,C580Y
RCN09060,LA,2017,C580Y
RCN09061,LA,2017,WT
RCN09062,LA,2017,C580Y
RCN09063,LA,2017,WT
RCN09064,LA,2017,WT
RCN09065,LA,2017,WT
RCN09066,LA,2017,WT
RCN09069,LA,2017,WT
RCN09070,LA,2017,WT
RCN09071,LA,2017,WT
RCN09072,LA,2017,WT
RCN09073,LA,2017,WT
RCN09074,LA,2017,WT
RCN09075,LA,2017,WT
RCN09076,LA,2017,WT
RCN09077,LA,2017,WT
RCN09079,LA,2017,WT
RCN09080,LA,2017,WT
RCN09081,LA,2017,WT
RCN09082,LA,2017,WT
RCN09083,LA,2017,WT
RCN09084,LA,2017,WT
RCN09088,LA,2017,WT
RCN09093,LA,2017,WT
RCN09095,LA,2017,WT
RCN09096,LA,2017,WT
RCN09098,LA,2017,WT
RCN09103,LA,2017,WT
RCN09105,LA,2017,WT
RCN09106,LA,2017,WT
RCN09110,LA,2017,WT
RCN09111,LA,2017,WT
RCN09112,LA,2017,WT
RCN09113,LA,2017,WT
RCN09114,LA,2017,WT
RCN09115,LA,2017,WT
RCN09116,LA,2017,WT
RCN09117,LA,2017,WT
RCN09118,LA,2017,WT
RCN09119,LA,2017,WT
RCN09120,LA,2017,WT
RCN09121,LA,2017,WT
RCN09122,LA,2017,WT
RCN09126,LA,2017,WT
RCN09127,LA,2017,WT
RCN09128,LA,2017,WT
RCN09129,LA,2017,WT
RCN09130,LA,2017,Het
RCN09131,LA,2017,WT
RCN09132,LA,2017,WT
RCN09133,LA,2017,WT
RCN09134,LA,2017,C580Y
RCN09135,LA,2017,C580Y
RCN09136,LA,2017,C580Y
RCN09137,LA,2017,WT
RCN09138,LA,2017,WT
RCN09139,LA,2017,WT
RCN09140,LA,2017,WT
RCN09141,LA,2017,WT
RCN09143,LA,2017,WT
RCN09144,LA,2017,WT
RCN09145,LA,2017,WT
RCN09146,LA,2017,WT
RCN09147,LA,2017,WT
RCN09148,LA,2017,WT
RCN09149,LA,2017,WT
RCN09150,LA,2017,WT
RCN09151,LA,2017,WT
RCN09155,LA,2017,WT
RCN09156,LA,2017,WT
RCN09157,LA,2017,WT
RCN09158,LA,2017,WT
RCN09159,LA,2017,WT
RCN09160,LA,2017,WT
RCN09161,LA,2017,WT
RCN09162,LA,2017,WT
RCN09163,LA,2017,WT
RCN09164,LA,2017,WT
RCN09165,LA,2017,WT
RCN09166,LA,2017,WT
RCN09167,LA,2017,WT
RCN09168,LA,2017,C580Y
RCN09170,LA,2017,WT
RCN09220,VN,2017,WT
RCN09225,VN,2017,P553L
RCN09226,VN,2017,P553L
RCN09229,VN,2017,P553L
RCN09230,VN,2017,P553L
RCN09234,VN,2017,C580Y
RCN09235,VN,2017,C580Y
RCN09236,VN,2017,C580Y
RCN09238,VN,2017,C580Y
RCN09239,VN,2017,WT
RCN09240,VN,2017,C580Y
RCN09241,VN,2017,C580Y
RCN09245,VN,2017,C580Y
RCN09250,VN,2017,C580Y
RCN09251,VN,2017,C580Y
RCN09254,VN,2017,C580Y
RCN09258,VN,2017,C580Y
RCN09259,VN,2017,C580Y
RCN09260,VN,2017,C580Y
RCN09261,VN,2017,C580Y
RCN09262,VN,2017,C580Y
RCN09264,VN,2017,C580Y
RCN09265,VN,2017,C580Y
RCN09266,VN,2017,C580Y
RCN09268,VN,2017,C580Y
RCN09269,VN,2017,C580Y
RCN09270,VN,2017,C580Y
RCN09271,VN,2017,C580Y
RCN09272,VN,2017,C580Y
RCN09273,VN,2017,C580Y
RCN09274,VN,2017,C580Y
RCN09276,VN,2017,WT
RCN09278,VN,2017,C580Y
RCN09282,VN,2017,WT
RCN09283,VN,2017,C580Y
RCN09284,VN,2017,C580Y
RCN09285,VN,2017,R539T
RCN10143,VN,2017,Het
RCN10145,VN,2017,WT
RCN10151,VN,2017,C580Y
RCN10159,VN,2017,C580Y
RCN10162,VN,2017,WT
RCN10167,VN,2017,C580Y
RCN10168,VN,2017,C580Y
RCN10169,VN,2017,C580Y
RCN10170,VN,2017,WT
RCN10199,WKH,2017,C580Y
RCN10200,WKH,2017,C580Y
RCN10201,WKH,2017,C580Y
RCN10202,WKH,2017,C580Y
RCN10203,WKH,2017,C580Y
RCN10204,WKH,2017,C580Y
RCN10205,WKH,2017,C580Y
RCN10208,WKH,2017,C580Y
RCN10238,VN,2017,C580Y
RCN10244,VN,2017,WT
RCN10246,VN,2017,C580Y
RCN10247,VN,2017,C580Y
RCN10250,VN,2017,C580Y
RCN10252,VN,2017,C580Y
RCN10254,VN,2017,C580Y
RCN10256,VN,2017,C580Y
RCN10268,VN,2017,C580Y
RCN10279,VN,2017,Het
RCN10284,VN,2017,C580Y
RCN10286,VN,2017,C580Y
RCN10290,VN,2017,C580Y
RCN10291,VN,2017,C580Y
RCN10292,VN,2017,C580Y
RCN10293,VN,2017,C580Y
RCN10296,VN,2017,C580Y
RCN10297,VN,2017,C580Y
RCN10298,VN,2017,C580Y
RCN10299,VN,2017,C580Y
RCN10300,VN,2017,C580Y
RCN10305,VN,2017,C580Y
RCN10306,VN,2017,C580Y
RCN10307,VN,2017,C580Y
RCN10308,VN,2017,C580Y
RCN10309,VN,2017,C580Y
RCN10311,VN,2017,C580Y
RCN10313,VN,2017,C580Y
RCN10314,VN,2017,Het
RCN10315,VN,2017,C580Y
RCN10316,VN,2017,C580Y
RCN10317,VN,2017,C580Y
RCN10318,VN,2017,C580Y
RCN10319,VN,2017,C580Y
RCN10320,VN,2017,C580Y
RCN10321,VN,2017,C580Y
RCN10322,VN,2017,C580Y
RCN10323,VN,2017,C580Y
RCN10324,VN,2017,C580Y
RCN10325,VN,2017,C580Y
RCN10330,VN,2017,C580Y
RCN10332,VN,2017,WT
RCN10333,VN,2017,C580Y
RCN10337,VN,2017,Het
RCN10338,VN,2017,K13-other
RCN10339,VN,2017,WT
RCN10340,VN,2017,WT
RCN10341,VN,2017,WT
RCN10345,VN,2017,C580Y
RCN10346,VN,2017,C580Y
RCN10347,VN,2017,WT
RCN10348,VN,2017,C580Y
RCN10349,VN,2017,WT
RCN10350,VN,2017,C580Y
RCN10351,VN,2017,C580Y
RCN10352,VN,2017,C580Y
RCN10353,VN,2017,C580Y
RCN10354,VN,2017,C580Y
RCN10356,VN,2017,WT
RCN10357,VN,2017,WT
RCN10362,VN,2017,C580Y
RCN10363,VN,2017,C580Y
RCN10364,VN,2017,C580Y
RCN10365,VN,2017,C580Y
RCN10370,VN,2017,C580Y
RCN10372,VN,2017,WT
RCN10373,VN,2017,C580Y
RCN10377,VN,2017,C580Y
RCN10379,VN,2017,C580Y
RCN10380,VN,2017,WT
RCN10381,VN,2017,C580Y
RCN10382,VN,2017,C580Y
RCN10384,VN,2017,C580Y
RCN10385,VN,2017,WT
RCN10386,VN,2017,C580Y
RCN10387,VN,2017,C580Y
RCN10388,VN,2017,WT
RCN10390,VN,2017,WT
RCN10391,VN,2017,C580Y
RCN10392,VN,2017,WT
RCN10393,VN,2017,WT
RCN10396,VN,2017,C580Y
RCN10397,VN,2017,C580Y
RCN10398,VN,2017,C580Y
RCN10399,VN,2017,WT
RCN10400,VN,2017,WT
RCN10401,VN,2017,WT
RCN10402,VN,2017,WT
RCN10405,VN,2017,K13-other
RCN10406,VN,2017,WT
RCN10408,VN,2017,C580Y
RCN10689,VN,2017,C580Y
RCN10690,VN,2017,C580Y
RCN10691,VN,2017,WT
RCN10692,VN,2017,C580Y
RCN10693,VN,2017,C580Y
RCN10694,VN,2017,C580Y
RCN10695,VN,2017,C580Y
RCN10696,VN,2017,C580Y
RCN10697,VN,2017,C580Y
RCN10699,VN,2017,C580Y
RCN10703,VN,2017,C580Y
RCN10704,VN,2017,Het
RCN10706,VN,2017,C580Y
RCN10707,VN,2017,Het
RCN10709,VN,2017,C580Y
RCN10710,VN,2017,C580Y
RCN10712,VN,2017,C580Y
RCN10715,VN,2017,WT
RCN10716,VN,2017,WT
RCN10717,VN,2017,WT
RCN10718,VN,2017,Het
RCN10719,VN,2017,WT
RCN10720,VN,2017,WT
RCN10721,VN,2017,WT
RCN10722,VN,2017,C580Y
RCN10723,VN,2017,C580Y
RCN10724,VN,2017,C580Y
RCN10725,VN,2017,C580Y
RCN10726,VN,2017,C580Y
RCN10727,VN,2017,C580Y
RCN10728,VN,2017,C580Y
RCN10729,VN,2017,C580Y
RCN10730,VN,2017,C580Y
RCN10731,VN,2017,WT
RCN10732,VN,2017,WT
RCN10733,VN,2017,C580Y
RCN10734,VN,2017,C580Y
RCN10735,VN,2017,C580Y
RCN10736,VN,2017,C580Y
RCN10737,VN,2017,C580Y
RCN10738,VN,2017,C580Y
RCN10741,VN,2017,C580Y
RCN10742,VN,2017,C580Y
RCN10743,VN,2017,C580Y
RCN10744,VN,2017,C580Y
RCN10745,VN,2017,C580Y
RCN10746,VN,2017,C580Y
RCN10752,VN,2017,C580Y
RCN10761,VN,2017,C580Y
RCN10762,VN,2017,C580Y
RCN10764,VN,2017,C580Y
RCN10766,VN,2017,WT
RCN10768,VN,2017,WT
RCN10769,VN,2017,WT
RCN10770,VN,2017,C580Y
RCN10772,VN,2017,WT
RCN10773,VN,2017,C580Y
RCN10774,VN,2017,C580Y
RCN10776,VN,2017,WT
RCN10777,VN,2017,WT
RCN10778,VN,2017,Het
RCN10779,VN,2017,WT
RCN10780,VN,2017,WT
RCN10781,VN,2017,Het
RCN10782,VN,2017,WT
RCN10783,VN,2017,Het
RCN10785,VN,2017,C580Y
RCN10786,VN,2017,C580Y
RCN10788,VN,2017,WT
RCN10789,VN,2017,WT
RCN10790,VN,2017,WT
RCN10792,VN,2017,WT
RCN10794,VN,2017,C580Y
RCN12358,ETH,2017,C580Y
RCN12359,ETH,2017,C580Y
RCN12362,WKH,2017,C580Y
RCN12365,WKH,2017,WT
RCN12366,VN,2017,C580Y
RCN12370,VN,2017,C580Y
RCN12371,VN,2017,C580Y
RCN12372,VN,2017,C580Y
RCN12373,VN,2017,C580Y
RCN12374,VN,2017,C580Y
RCN12375,VN,2017,C580Y
RCN12376,VN,2017,C580Y
RCN12377,VN,2017,C580Y
RCN12378,VN,2017,C580Y
RCN12380,VN,2017,C580Y
RCN12381,VN,2017,C580Y
RCN12382,VN,2017,C580Y
RCN12383,VN,2017,C580Y
RCN12384,VN,2017,WT
RCN12385,VN,2017,WT
RCN12386,VN,2017,C580Y
RCN12387,VN,2017,C580Y
RCN12388,VN,2017,C580Y
RCN12389,VN,2017,C580Y
RCN12391,VN,2017,C580Y
RCN12393,VN,2017,C580Y
RCN12394,VN,2017,WT
RCN12593,ETH,2017,C580Y
RCN12595,ETH,2017,C580Y
RCN12599,ETH,2017,C580Y
RCN12600,ETH,2017,C580Y
RCN12601,ETH,2017,C580Y
RCN12602,ETH,2017,C580Y
RCN12603,ETH,2017,C580Y
RCN12604,ETH,2017,C580Y
RCN12606,ETH,2017,C580Y
RCN12607,ETH,2017,C580Y
RCN12608,ETH,2017,C580Y
RCN12612,ETH,2017,C580Y
RCN12613,ETH,2017,C580Y
RCN12614,WKH,2017,C580Y
RCN12615,WKH,2017,C580Y
RCN12616,WKH,2017,C580Y
RCN12618,WKH,2017,C580Y
RCN12619,WKH,2017,WT
RCN12620,WKH,2017,C580Y
RCN12621,WKH,2017,C580Y
RCN12622,WKH,2017,C580Y
RCN12980,WKH,2016,C580Y
RCN12982,WKH,2016,WT
RCN12984,WKH,2016,C580Y
RCN12986,WKH,2016,C580Y
RCN12987,WKH,2016,C580Y
RCN12990,WKH,2016,C580Y
RCN12992,WKH,2016,C580Y
RCN12994,WKH,2016,C580Y
RCN12995,WKH,2016,C580Y
RCN12996,WKH,2016,C580Y
RCN12997,WKH,2016,C580Y
RCN12999,WKH,2017,C580Y
RCN13000,WKH,2017,C580Y
RCN13004,WKH,2017,C580Y
RCN13005,WKH,2017,C580Y
RCN13008,WKH,2017,C580Y
RCN13009,WKH,2017,C580Y
RCN13010,WKH,2017,C580Y
RCN13013,WKH,2017,C580Y
RCN13014,WKH,2017,C580Y
RCN13015,WKH,2017,C580Y
RCN13016,WKH,2017,WT
RCN13017,WKH,2017,C580Y
RCN13018,WKH,2017,C580Y
RCN13020,WKH,2017,WT
RCN13023,WKH,2017,C580Y
RCN13025,WKH,2017,C580Y
RCN13027,WKH,2017,C580Y
RCN13028,WKH,2017,C580Y
RCN13032,WKH,2017,C580Y
RCN13034,WKH,2017,Y493H
RCN13036,WKH,2017,Y493H
RCN13037,WKH,2017,Y493H
RCN13039,WKH,2017,C580Y
RCN13044,WKH,2018,C580Y
RCN13045,WKH,2018,C580Y
RCN13048,NEKH,2017,C580Y
RCN13049,NEKH,2017,WT
RCN13050,NEKH,2017,C580Y
RCN13051,NEKH,2017,C580Y
RCN13052,NEKH,2017,WT
RCN13053,NEKH,2007,C580Y
RCN13054,NEKH,2017,C580Y
RCN13056,NEKH,2017,C580Y
RCN13057,NEKH,2017,C580Y
RCN13058,NEKH,2017,C580Y
RCN13059,NEKH,2017,C580Y
RCN13061,NEKH,2017,C580Y
RCN13062,NEKH,2017,C580Y
RCN13063,NEKH,2017,C580Y
RCN13065,NEKH,2017,C580Y
RCN13067,NEKH,2017,WT
RCN13068,NEKH,2017,C580Y
RCN13069,NEKH,2017,C580Y
RCN13071,NEKH,2017,C580Y
RCN13072,NEKH,2017,WT
RCN13074,NEKH,2017,C580Y
RCN13075,NEKH,2017,C580Y
RCN13076,NEKH,2017,R539T
RCN13078,NEKH,2017,C580Y
RCN13079,NEKH,2017,C580Y
RCN13080,NEKH,2017,C580Y
RCN13081,NEKH,2017,C580Y
RCN13083,NEKH,2017,C580Y
RCN13084,NEKH,2017,C580Y
RCN13085,NEKH,2017,WT
RCN13086,NEKH,2017,C580Y
RCN13087,NEKH,2017,C580Y
RCN13088,NEKH,2017,C580Y
RCN13089,NEKH,2017,C580Y
RCN13090,NEKH,2017,C580Y
RCN13093,NEKH,2017,WT
RCN13097,NEKH,2017,C580Y
RCN13098,NEKH,2017,C580Y
RCN13100,NEKH,2018,C580Y
RCN13101,NEKH,2018,WT
RCN13103,NEKH,2018,C580Y
