,Sample,Site,Year,k13Class,index,sbm1,sbm2,dcsbm1,dcsbm2,gc_sbm1,gc_sbm2,gc_dcsbm1,gc_dcsbm2
0,PD0498-C,ETH,2011,R539T,0,4,5,6,6,5,5,5,5
1,PD0500-C,ETH,2011,C580Y,1,21,20,21,25,22,17,18,8
2,PD0501-C,ETH,2011,C580Y,2,21,20,21,25,22,17,18,8
3,PD0502-C,ETH,2011,R539T,3,4,5,6,6,5,5,5,5
4,PD0575-C,ETH,2012,R539T,4,4,5,6,6,5,5,5,5
5,PD0578-C,ETH,2012,R539T,5,4,5,6,6,5,5,5,5
6,PD0579-C,ETH,2012,R539T,6,4,5,6,6,5,5,5,5
7,PD0580-C,ETH,2012,R539T,7,4,5,6,6,5,5,5,5
8,PD0651-C,ETH,2012,C580Y,8,21,20,21,25,22,17,18,8
9,PD0658-C,ETH,2012,R539T,9,4,5,6,6,5,5,5,5
10,PD0659-C,ETH,2012,R539T,10,4,5,6,6,5,5,5,5
11,PD0662-C,ETH,2012,R539T,11,4,5,6,6,5,5,5,5
12,PD0663-C,ETH,2012,R539T,12,4,5,6,6,5,5,5,5
13,PD0664-C,ETH,2012,R539T,13,4,5,6,6,5,5,5,5
14,PD0668-C,ETH,2013,R539T,14,4,5,6,6,5,5,5,5
15,PD0670-C,ETH,2013,R539T,15,4,5,6,6,5,5,5,5
16,PD1584-C,ETH,2015,C580Y,16,33,33,30,27,31,31,29,28
17,PD1585-C,ETH,2015,C580Y,17,2,8,22,20,23,7,23,23
18,PD1586-C,ETH,2015,C580Y,18,11,8,15,15,9,7,12,13
19,PD1587-C,ETH,2015,C580Y,19,2,2,4,3,3,3,3,4
20,PD1588-C,ETH,2015,C580Y,20,2,2,4,3,3,3,3,4
21,PD1589-C,ETH,2015,C580Y,21,14,13,15,15,9,21,16,13
22,PD1590-C,ETH,2015,C580Y,22,11,8,22,20,23,7,23,23
23,PD1593-C,ETH,2016,C580Y,23,8,6,7,8,8,10,3,4
24,PH0021-C,WKH,2007,WT,24,0,0,0,0,1,1,7,9
26,PH0028-Cx,WKH,2007,R539T,26,20,18,6,6,16,15,5,5
28,PH0043-C,WKH,2007,R539T,28,4,5,6,6,5,5,5,5
29,PH0044-C,WKH,2008,C580Y,29,10,10,21,25,22,30,18,8
30,PH0045-C,WKH,2008,C580Y,30,10,10,11,25,7,8,18,8
32,PH0051-Cx,WKH,2009,R539T,32,4,5,6,6,5,5,5,5
33,PH0055-C,WKH,2009,C580Y,33,2,2,4,3,3,3,6,7
34,PH0057-C,WKH,2009,C580Y,34,20,18,31,28,16,15,28,22
37,PH0105-C,WKH,2008,C580Y,37,13,11,18,16,10,12,13,27
41,PH0112-C,WKH,2008,R539T,41,4,5,6,6,5,5,5,5
44,PH0117-C,WKH,2008,R539T,44,4,5,6,6,5,5,5,5
46,PH0121-CW,WKH,2008,C580Y,46,28,26,31,28,22,30,28,22
47,PH0122-CW,WKH,2008,C580Y,47,10,10,21,25,22,30,18,8
49,PH0125-CW,WKH,2008,C580Y,49,0,0,0,20,1,1,3,9
50,PH0126-CW,WKH,2008,C580Y,50,10,10,11,11,7,8,9,8
51,PH0130-CW,WKH,2008,R539T,51,20,18,6,6,16,15,5,5
52,PH0132-CW,WKH,2008,R539T,52,4,5,6,6,5,5,5,5
53,PH0133-CW,WKH,2008,C580Y,53,0,0,0,11,1,1,9,9
54,PH0134-C,WKH,2008,C580Y,54,10,10,11,11,7,8,9,8
56,PH0137-C,WKH,2008,C580Y,56,0,0,26,27,1,1,4,3
62,PH0143-CW,WKH,2008,C580Y,62,28,26,21,25,22,30,18,8
63,PH0144-CW,WKH,2008,C580Y,63,9,7,16,1,11,6,1,6
64,PH0145-CW,WKH,2008,R539T,64,4,5,6,6,5,5,5,5
66,PH0147-CW,WKH,2008,C580Y,66,10,10,11,11,7,8,9,8
68,PH0149-CW,WKH,2008,C580Y,68,0,0,0,4,1,1,21,6
69,PH0151-CW,WKH,2008,C580Y,69,21,20,21,26,25,17,18,9
71,PH0153-CW,WKH,2008,C580Y,71,0,0,0,4,1,1,21,6
72,PH0155-C,WKH,2008,C580Y,72,21,20,21,25,22,17,18,8
73,PH0156-C,WKH,2008,C580Y,73,5,0,0,4,1,1,21,6
74,PH0157-C,WKH,2010,C580Y,74,3,3,5,5,4,4,4,3
75,PH0161-C,WKH,2010,C580Y,75,2,2,4,3,3,3,6,7
77,PH0164-C,WKH,2010,WT,77,0,0,0,0,1,1,7,9
78,PH0165-C,WKH,2010,C580Y,78,2,2,4,3,3,3,6,7
80,PH0169-C,WKH,2010,C580Y,80,2,2,4,3,3,3,6,7
82,PH0172-C,WKH,2010,C580Y,82,0,0,1,1,1,1,1,6
83,PH0173-C,WKH,2010,C580Y,83,15,12,17,14,14,14,15,15
87,PH0198-C,WKH,2010,R539T,87,4,5,6,6,5,5,5,5
88,PH0199-C,WKH,2010,WT,88,0,0,0,0,1,1,7,9
89,PH0200-C,WKH,2010,C580Y,89,2,2,4,3,3,3,6,7
92,PH0206-C,WKH,2010,C580Y,92,24,22,12,13,15,20,10,10
94,PH0208-C,WKH,2010,C580Y,94,2,2,4,3,3,3,6,7
95,PH0209-C,WKH,2010,WT,95,0,0,0,0,1,1,7,9
96,PH0210-C,WKH,2010,C580Y,96,3,3,5,5,4,4,4,3
97,PH0212-C,WKH,2010,C580Y,97,8,6,7,8,8,10,3,15
98,PH0213-C,WKH,2010,C580Y,98,2,2,4,3,3,3,6,7
99,PH0217-C,WKH,2009,C580Y,99,31,31,27,30,33,28,30,29
100,PH0218-C,WKH,2009,C580Y,100,8,6,7,8,8,10,3,4
101,PH0221-C,WKH,2009,C580Y,101,15,12,17,14,14,14,15,15
102,PH0222-C,WKH,2009,R539T,102,4,5,6,6,5,5,5,5
103,PH0224-C,WKH,2009,C580Y,103,31,31,27,30,33,28,30,29
104,PH0225-C,WKH,2009,C580Y,104,2,2,4,3,3,3,6,7
105,PH0227-C,WKH,2009,C580Y,105,2,2,4,3,3,3,6,7
106,PH0228-C,WKH,2009,C580Y,106,2,2,4,3,3,3,6,7
109,PH0234-C,WKH,2008,R539T,109,4,5,6,6,5,5,5,5
111,PH0236-C,WKH,2008,C580Y,111,13,11,18,16,10,12,13,27
112,PH0238-C,WKH,2010,C580Y,112,2,2,4,3,3,3,6,7
114,PH0240-C,WKH,2010,C580Y,114,0,0,1,1,1,1,1,6
115,PH0241-C,WKH,2010,C580Y,115,10,10,11,11,7,8,9,8
119,PH0246-C,WKH,2010,C580Y,119,0,0,1,1,1,1,1,6
123,PH0250-C,WKH,2010,R539T,123,4,5,6,6,5,5,5,5
124,PH0251-C,WKH,2010,C580Y,124,2,2,4,3,3,3,6,7
125,PH0252-C,WKH,2010,C580Y,125,0,0,0,0,1,1,7,9
126,PH0253-C,WKH,2010,C580Y,126,21,20,21,25,22,17,18,8
127,PH0278-CW,WKH,2010,C580Y,127,28,26,14,18,32,29,21,25
130,PH0284-C,WKH,2010,C580Y,130,2,2,4,3,3,3,6,7
131,PH0285-C,WKH,2010,C580Y,131,2,2,4,3,3,3,6,7
132,PH0300-C,WKH,2010,C580Y,132,2,2,4,3,3,3,6,7
135,PH0306-C,WKH,2010,R539T,135,4,5,6,6,5,5,5,5
136,PH0307-C,WKH,2010,C580Y,136,18,17,12,13,13,16,10,10
137,PH0308-CW,WKH,2010,C580Y,137,9,7,16,1,11,6,1,6
139,PH0322-C,WKH,2010,C580Y,139,0,0,23,1,1,1,1,2
140,PH0325-C,WKH,2010,C580Y,140,15,12,17,14,14,14,15,15
143,PH0329-C,WKH,2010,C580Y,143,15,12,17,14,14,14,15,15
144,PH0335-C,WKH,2010,C580Y,144,8,6,7,8,8,10,15,15
145,PH0337-C,WKH,2010,C580Y,145,0,0,0,0,1,1,7,9
146,PH0338-C,WKH,2010,R539T,146,4,5,6,6,5,5,5,5
178,PH0387-C,WKH,2008,C580Y,178,0,16,0,4,1,1,21,6
179,PH0389-C,WKH,2008,C580Y,179,10,10,11,11,7,8,9,8
180,PH0390-C,WKH,2008,C580Y,180,35,35,21,32,37,35,31,32
183,PH0393-C,WKH,2008,C580Y,183,21,20,21,26,25,17,18,9
185,PH0395-C,WKH,2008,C580Y,185,0,0,0,4,1,1,21,6
186,PH0396-C,WKH,2008,C580Y,186,13,11,11,11,10,12,9,27
187,PH0398-C,WKH,2008,C580Y,187,10,10,11,11,7,8,9,8
188,PH0400-C,WKH,2008,C580Y,188,13,11,18,16,10,12,13,27
189,PH0403-C,WKH,2008,H719N,189,0,0,0,0,1,1,7,9
190,PH0407-C,WKH,2008,C580Y,190,10,10,11,11,7,8,9,8
192,PH0410-C,WKH,2008,R539T,192,4,5,6,6,5,5,5,5
194,PH0412-C,WKH,2008,C580Y,194,0,0,0,4,1,1,21,6
195,PH0416-C,WKH,2008,C580Y,195,28,26,14,18,32,29,21,25
196,PH0418-C,WKH,2008,C580Y,196,28,26,31,28,22,30,28,22
198,PH0422-CW,WKH,2008,C580Y,198,10,10,11,11,7,8,9,8
199,PH0424-C,WKH,2008,C580Y,199,10,10,11,11,7,8,9,8
200,PH0438-C,WKH,2008,C580Y,200,0,0,22,20,1,1,4,3
203,PH0457-CW,WKH,2010,C580Y,203,9,7,16,1,11,6,1,6
204,PH0458-CW,WKH,2010,C580Y,204,2,2,4,3,3,3,6,7
205,PH0460-C,WKH,2010,C580Y,205,2,2,4,3,3,3,6,7
207,PH0463-C,WKH,2010,C580Y,207,2,2,4,3,3,3,6,7
210,PH0467-CW,WKH,2010,C580Y,210,28,26,14,18,32,29,21,25
213,PH0474-CW,WKH,2010,C580Y,213,20,18,14,18,16,15,21,25
215,PH0479-CW,WKH,2010,C580Y,215,2,2,4,3,3,3,6,7
216,PH0481-C,WKH,2010,C580Y,216,21,20,21,25,22,17,18,8
217,PH0482-C,WKH,2010,C580Y,217,2,2,4,3,3,3,6,7
220,PH0485-C,WKH,2011,C580Y,220,0,0,22,20,1,1,4,3
221,PH0486-C,WKH,2011,C580Y,221,13,11,18,16,10,12,13,20
222,PH0487-C,WKH,2011,R539T,222,4,5,6,6,5,5,5,5
230,PH0501-CW,WKH,2009,C580Y,230,2,2,4,3,3,3,6,7
236,PH0514-C,NKH,2011,C580Y,236,0,0,1,1,1,1,1,6
247,PH0526-C,WKH,2011,WT,247,24,22,12,13,15,20,10,10
248,PH0527-C,WKH,2011,C580Y,248,2,2,4,3,3,3,3,4
249,PH0528-C,WKH,2011,C580Y,249,0,0,2,18,1,1,7,9
250,PH0529-C,WKH,2011,C580Y,250,28,26,14,18,32,29,21,25
251,PH0530-C,WKH,2011,R539T,251,4,5,6,6,5,5,5,5
253,PH0532-C,WKH,2011,R539T,253,4,5,6,6,5,5,5,5
254,PH0533-C,WKH,2011,C580Y,254,2,2,4,3,3,3,6,7
255,PH0534-C,WKH,2011,C580Y,255,20,18,14,18,16,15,21,25
256,PH0537-C,WKH,2011,R539T,256,4,5,6,6,5,5,5,5
257,PH0538-C,WKH,2011,C580Y,257,0,0,23,1,1,1,1,2
258,PH0539-C,WKH,2011,C580Y,258,2,2,4,3,3,3,6,7
259,PH0540-C,WKH,2011,C580Y,259,2,2,4,3,3,3,6,7
260,PH0541-C,WKH,2011,C580Y,260,15,12,17,14,14,14,15,15
261,PH0542-C,WKH,2011,WT,261,27,25,12,13,15,25,10,10
262,PH0544-C,WKH,2011,C580Y,262,28,26,14,18,32,29,21,25
263,PH0551-C,WKH,2011,C580Y,263,15,12,17,14,14,14,15,15
264,PH0552-C,WKH,2011,C580Y,264,2,2,4,3,3,3,6,7
265,PH0553-C,WKH,2011,C580Y,265,0,0,2,18,1,1,7,9
266,PH0554-C,WKH,2011,C580Y,266,0,0,2,18,1,1,7,9
267,PH0555-C,WKH,2011,WT,267,24,22,12,13,15,20,10,10
268,PH0556-C,WKH,2011,C580Y,268,18,17,17,14,13,16,15,10
269,PH0558-C,WKH,2011,C580Y,269,18,17,17,14,13,16,15,10
270,PH0559-C,WKH,2011,C580Y,270,0,0,2,18,1,1,7,9
271,PH0560-C,WKH,2011,C580Y,271,15,12,27,14,36,34,30,31
272,PH0561-C,WKH,2011,C580Y,272,18,17,12,13,13,16,10,10
273,PH0562-C,WKH,2011,C580Y,273,15,12,17,14,14,14,15,15
274,PH0563-C,WKH,2011,C580Y,274,15,12,17,14,14,14,15,15
275,PH0565-C,WKH,2011,C580Y,275,13,11,18,16,10,12,13,27
276,PH0566-C,WKH,2011,C580Y,276,15,12,17,14,14,14,15,15
278,PH0570-C,WKH,2011,C580Y,278,3,3,5,5,4,4,4,3
279,PH0571-C,WKH,2011,WT,279,24,22,12,13,15,20,10,10
281,PH0578-C,WKH,2011,C580Y,281,2,2,4,3,3,3,6,7
282,PH0579-C,WKH,2011,R539T,282,4,5,6,6,5,5,5,5
283,PH0584-C,WKH,2011,C580Y,283,13,11,18,16,10,12,13,27
296,PH0602-C,NKH,2011,C580Y,296,0,0,1,1,1,1,1,6
321,PH0676-C,WKH,2011,C580Y,321,18,17,12,13,13,16,10,10
322,PH0677-C,WKH,2011,C580Y,322,24,22,27,16,15,20,13,31
323,PH0678-C,WKH,2011,WT,323,24,22,12,13,15,20,10,10
325,PH0680-C,WKH,2011,C580Y,325,18,17,12,13,13,16,10,10
326,PH0682-C,WKH,2011,C580Y,326,2,2,4,3,3,3,6,7
327,PH0684-C,WKH,2011,C580Y,327,3,3,5,5,4,4,4,3
328,PH0685-C,WKH,2011,C580Y,328,20,18,31,28,16,15,28,22
329,PH0686-C,WKH,2011,C580Y,329,2,2,4,3,3,3,3,4
330,PH0687-C,WKH,2011,R539T,330,4,5,6,6,5,5,5,5
331,PH0692-C,WKH,2011,C580Y,331,2,2,4,3,3,3,6,7
332,PH0694-C,WKH,2011,C580Y,332,2,2,4,3,3,3,6,7
333,PH0695-C,WKH,2011,C580Y,333,2,2,7,3,3,3,3,4
334,PH0696-C,WKH,2011,R539T,334,4,5,6,6,5,5,5,5
335,PH0697-C,WKH,2011,C580Y,335,24,22,12,14,15,20,10,10
336,PH0700-C,WKH,2011,R539T,336,4,5,6,6,5,5,5,5
337,PH0701-C,WKH,2011,C580Y,337,15,12,17,14,14,14,15,15
338,PH0702-C,WKH,2011,C580Y,338,8,6,7,8,8,10,3,4
339,PH0703-C,WKH,2011,C580Y,339,24,22,12,13,15,20,10,10
340,PH0706-C,WKH,2011,C580Y,340,18,17,17,14,13,16,10,10
341,PH0708-C,WKH,2011,C580Y,341,19,19,26,21,17,11,24,18
342,PH0709-C,WKH,2011,WT,342,27,25,12,13,15,25,10,10
343,PH0712-C,WKH,2011,C580Y,343,18,17,12,13,13,16,10,10
344,PH0716-C,WKH,2011,C580Y,344,3,3,5,5,4,4,4,3
345,PH0718-C,WKH,2011,C580Y,345,9,7,16,1,11,6,1,6
346,PH0719-C,WKH,2011,C580Y,346,0,0,2,18,1,1,7,9
347,PH0722-C,WKH,2011,C580Y,347,0,0,2,18,1,1,7,9
348,PH0723-C,WKH,2011,C580Y,348,2,2,4,3,3,3,6,7
352,PH0731-C,NKH,2011,R539T,352,4,5,6,6,5,5,5,5
359,PH0745-C,NKH,2011,R539T,359,4,5,6,6,5,5,5,5
362,PH0753-Cx,NKH,2011,C580Y,362,0,0,1,1,1,1,1,6
394,PH0818-C,WKH,2011,C580Y,394,10,10,11,11,7,8,9,8
395,PH0819-C,WKH,2011,C580Y,395,21,20,21,26,25,17,18,9
396,PH0820-C,WKH,2011,C580Y,396,21,20,21,26,25,17,18,9
397,PH0822-C,WKH,2011,C580Y,397,2,2,4,3,3,3,6,7
398,PH0823-C,WKH,2011,C580Y,398,21,20,21,26,25,17,18,9
399,PH0825-C,WKH,2011,C580Y,399,3,3,5,5,4,4,4,3
400,PH0826-C,WKH,2011,C580Y,400,10,10,11,11,7,8,9,8
401,PH0828-C,WKH,2011,C580Y,401,21,20,21,26,25,17,18,9
402,PH0829-C,WKH,2011,C580Y,402,3,3,5,5,4,4,4,3
403,PH0830-C,WKH,2011,C580Y,403,15,12,27,14,36,34,30,31
404,PH0831-C,WKH,2011,C580Y,404,13,11,11,11,7,8,9,8
405,PH0832-C,WKH,2011,R539T,405,4,5,6,6,5,5,5,5
406,PH0833-C,WKH,2011,C580Y,406,10,10,11,11,7,8,9,8
407,PH0834-C,WKH,2011,C580Y,407,0,0,22,20,1,1,10,10
408,PH0835-C,WKH,2011,C580Y,408,2,2,4,3,3,3,6,7
409,PH0837-C,WKH,2011,C580Y,409,10,10,11,11,7,8,9,8
410,PH0838-C,WKH,2011,C580Y,410,2,2,4,3,3,3,3,4
411,PH0839-C,WKH,2011,C580Y,411,21,20,21,26,25,17,18,9
412,PH0840-C,WKH,2011,C580Y,412,21,20,21,26,25,17,18,9
413,PH0842-C,WKH,2011,C580Y,413,20,18,31,28,16,15,28,22
414,PH0843-C,WKH,2011,C580Y,414,20,18,14,18,16,15,21,25
415,PH0844-C,WKH,2011,C580Y,415,0,0,0,0,1,1,7,9
416,PH0845-C,WKH,2011,C580Y,416,2,2,4,3,3,3,6,7
417,PH0846-C,WKH,2011,C580Y,417,2,2,4,3,3,3,6,7
418,PH0847-C,WKH,2011,C580Y,418,10,10,11,11,7,8,9,8
420,PH0850-C,WKH,2011,C580Y,420,10,10,11,11,7,8,9,8
421,PH0851-C,WKH,2011,C580Y,421,2,2,4,3,3,3,6,7
424,PH0854-C,WKH,2011,C580Y,424,10,10,11,11,7,8,9,8
425,PH0855-C,WKH,2011,C580Y,425,10,10,11,11,7,8,9,8
426,PH0856-C,WKH,2011,C580Y,426,0,0,2,18,1,1,7,9
427,PH0858-C,WKH,2011,C580Y,427,10,10,11,11,7,8,9,8
430,PH0868-Cx,NKH,2012,C580Y,430,3,3,5,5,4,4,4,3
431,PH0870-C,NKH,2012,C580Y,431,3,3,5,5,4,4,4,3
434,PH0874-Cx,NKH,2012,C580Y,434,3,3,5,5,4,4,4,3
441,PH0886-C,WKH,2011,C580Y,441,10,10,11,11,7,8,9,8
442,PH0887-C,WKH,2011,C580Y,442,9,7,16,1,11,6,1,6
443,PH0888-C,WKH,2011,C580Y,443,13,11,18,16,10,12,13,20
444,PH0889-C,WKH,2011,C580Y,444,10,10,11,11,7,8,9,8
445,PH0890-C,WKH,2011,C580Y,445,13,11,18,16,10,12,13,20
446,PH0891-Cx,WKH,2011,C580Y,446,13,11,18,16,10,12,13,27
447,PH0894-C,WKH,2012,C580Y,447,20,18,14,18,16,15,21,25
448,PH0895-C,WKH,2012,WT,448,0,0,16,1,1,1,1,6
449,PH0896-C,WKH,2012,C580Y,449,10,10,11,11,7,8,9,8
450,PH0899-C,WKH,2012,C580Y,450,13,11,18,16,10,12,13,20
451,PH0900-C,WKH,2012,C580Y,451,13,11,18,16,10,12,13,20
452,PH0901-C,WKH,2012,C580Y,452,13,11,18,16,10,12,13,20
453,PH0902-C,WKH,2012,C580Y,453,8,6,7,8,8,10,3,4
454,PH0904-C,WKH,2012,C580Y,454,13,11,18,16,10,12,13,20
455,PH0907-C,WKH,2012,C580Y,455,13,11,18,16,10,12,13,20
456,PH0908-C,WKH,2012,C580Y,456,13,11,18,16,10,12,13,20
457,PH0909-C,WKH,2012,C580Y,457,8,6,7,8,8,10,3,4
458,PH0910-C,WKH,2012,C580Y,458,13,11,18,16,10,12,13,20
459,PH0912-C,WKH,2012,C580Y,459,13,11,18,16,10,12,13,20
460,PH0915-C,WKH,2012,C580Y,460,13,11,18,16,10,12,13,20
461,PH0920-Cx,WKH,2012,C580Y,461,15,12,27,14,36,34,30,31
475,PH0959-Cx,WKH,2012,C580Y,475,0,0,30,27,1,1,29,28
476,PH0961-Cx,WKH,2012,C580Y,476,24,22,12,13,15,20,10,10
477,PH0964-Cx,WKH,2012,C580Y,477,0,0,23,1,1,1,1,2
487,PH0986-C,WKH,2012,C580Y,487,0,0,0,0,1,1,7,2
488,PH0987-C,WKH,2012,C580Y,488,5,0,0,0,1,1,7,2
489,PH0991-C,WKH,2012,C580Y,489,13,11,18,16,10,12,13,20
490,PH0994-C,WKH,2012,C580Y,490,8,6,7,8,8,10,3,4
491,PH0996-C,WKH,2012,C580Y,491,8,6,7,8,8,10,3,4
492,PH0997-C,WKH,2012,C580Y,492,8,6,7,8,8,10,3,4
493,PH0999-C,WKH,2012,C580Y,493,2,2,4,3,3,3,6,7
495,PH1001-C,WKH,2012,C580Y,495,13,11,18,16,10,12,13,20
496,PH1002-C,WKH,2012,C580Y,496,13,11,18,16,10,12,13,20
497,PH1003-C,WKH,2012,C580Y,497,2,2,4,3,3,3,6,7
498,PH1015-C,WKH,2012,C580Y,498,3,3,5,5,4,4,4,3
499,PH1023-C,WKH,2012,WT,499,0,0,22,20,1,1,10,10
505,PH1086-C,WKH,2012,C580Y,505,20,18,6,6,16,15,5,5
509,PH1136-C,WKH,2011,C580Y,509,10,10,11,11,7,8,9,8
510,PH1137-C,WKH,2011,WT,510,5,0,27,16,1,1,10,10
512,PH1148-C,NKH,2013,C580Y,512,10,10,11,11,7,8,9,8
515,PH1162-C,NKH,2013,C580Y,515,8,6,7,8,3,3,3,4
520,PH1175-C,NKH,2013,C580Y,520,8,6,7,8,8,10,3,4
521,PH1183-C,WKH,2013,C580Y,521,15,12,17,14,14,14,15,15
523,PH1190-C,WKH,2013,C580Y,523,8,6,7,8,8,10,3,4
524,PH1200-C,WKH,2013,C580Y,524,18,17,12,13,13,16,10,10
525,PH1201-C,WKH,2013,C580Y,525,19,19,26,21,17,11,24,18
526,PH1203-C,WKH,2013,C580Y,526,15,12,17,14,14,14,15,15
527,PH1216-C,WKH,2013,C580Y,527,11,8,15,15,9,7,12,13
528,PH1217-C,WKH,2013,C580Y,528,27,25,12,13,15,25,10,10
529,PH1229-C,WKH,2013,C580Y,529,1,1,3,2,2,2,2,1
531,PH1252-C,WKH,2013,H719N,531,0,0,0,0,1,1,7,9
535,PH1313-C,NEKH,2013,C580Y,535,8,6,7,8,8,10,3,4
539,PH1357-C,WKH,2012,C580Y,539,24,22,12,13,15,20,10,10
540,PH1358-C,WKH,2012,C580Y,540,15,12,17,14,14,14,15,15
541,PH1360-C,WKH,2012,C580Y,541,15,12,17,14,14,14,15,15
542,PH1373-C,WKH,2013,C580Y,542,18,17,12,13,13,16,10,10
543,PH1379-C,WKH,2013,C580Y,543,19,19,26,21,17,11,24,18
544,PH1387-C,NKH,2012,C580Y,544,8,6,7,8,8,10,3,4
545,PH1708-C,WKH,2016,C580Y,545,26,24,25,23,24,24,20,17
546,PH1713-C,WKH,2016,C580Y,546,11,8,22,2,23,7,23,19
547,PH1714-C,WKH,2016,C580Y,547,6,27,20,17,27,23,17,14
548,PH1716-C,WKH,2016,C580Y,548,19,19,26,21,17,11,24,18
549,PH1718-C,WKH,2016,C580Y,549,2,2,4,3,3,3,6,7
550,PH1720-C,WKH,2016,C580Y,550,1,1,3,2,2,2,2,1
551,PH1721-C,WKH,2016,C580Y,551,23,23,10,10,26,19,16,12
552,PH1723-C,WKH,2016,C580Y,552,14,13,10,10,20,21,16,12
553,PH1730-C,NKH,2016,C580Y,553,1,1,3,2,2,2,2,1
554,PH1731-C,NKH,2016,C580Y,554,6,9,9,9,6,9,8,11
555,PH1732-C,NKH,2016,C580Y,555,1,1,3,2,2,2,2,1
556,PH1737-C,WKH,2016,WT,556,0,0,14,4,1,1,7,22
557,PH1741-C,WKH,2016,C580Y,557,3,3,26,21,4,4,24,18
558,PH1742-C,WKH,2016,C580Y,558,26,24,25,23,24,24,20,17
559,PH1743-C,WKH,2016,C580Y,559,11,8,15,15,9,7,12,13
560,PH1745-C,WKH,2016,WT,560,5,0,14,4,1,1,7,25
561,PH1747-C,WKH,2016,C580Y,561,15,12,17,14,14,14,15,15
562,PH1748-C,WKH,2016,C580Y,562,8,6,7,8,8,10,3,4
563,PH1749-C,WKH,2016,C580Y,563,23,23,10,10,26,19,19,12
564,PH1750-C,WKH,2016,C580Y,564,24,22,12,13,15,20,10,10
565,PH1751-C,WKH,2016,C580Y,565,27,25,12,13,13,25,10,10
566,PH1752-C,WKH,2016,C580Y,566,18,17,25,23,13,16,20,17
567,PH1755-C,WKH,2015,C580Y,567,8,6,7,8,8,10,3,4
568,PH1756-C,WKH,2015,C580Y,568,8,6,7,8,8,10,3,4
569,PH1757-C,WKH,2015,C580Y,569,11,8,15,15,9,7,12,13
570,PH1759-C,WKH,2015,C580Y,570,8,6,7,8,8,10,20,17
571,PH1763-C,WKH,2015,C580Y,571,1,1,3,2,2,2,2,1
572,PH1764-C,WKH,2015,C580Y,572,8,6,7,8,8,10,3,4
573,PH1765-C,WKH,2015,C580Y,573,8,6,7,8,8,10,3,4
574,PH1767-C,WKH,2015,C580Y,574,19,19,26,21,17,11,24,18
575,PH1768-C,WKH,2015,C580Y,575,8,6,7,8,8,10,3,4
576,PH1769-C,WKH,2015,C580Y,576,1,1,3,17,21,13,17,14
577,PH1770-C,WKH,2016,C580Y,577,1,1,3,2,2,2,2,1
592,PV0081-C,VN,2010,C580Y,592,0,0,1,1,1,1,1,6
640,PV0195-C,VN,2011,C580Y,640,20,18,31,28,16,15,28,22
652,PV0234-C,VN,2011,WT,652,0,0,0,0,1,1,1,2
658,PV0241-C,VN,2011,WT,658,0,0,0,0,1,1,1,2
666,PV0259-C,VN,2011,C580Y,666,0,0,1,1,1,1,1,6
674,PV0277-C,VN,2011,R539T,674,20,18,6,6,16,15,5,5
675,PV0278-C,VN,2011,R539T,675,4,5,6,6,5,5,5,5
681,PV0285-C,VN,2011,R539T,681,20,18,6,6,16,15,5,5
682,PV0286-C,VN,2011,R539T,682,0,0,6,6,16,15,5,5
684,PV0288-C,VN,2011,C580Y,684,0,0,1,1,1,1,1,6
685,PV0289-C,VN,2011,WT,685,0,0,0,1,1,1,1,6
696,PV0306-C,VN,2011,C580Y,696,0,16,0,27,1,1,4,3
703,PV0314-C,VN,2012,WT,703,0,0,0,1,1,1,1,6
704,PV0315-Cx,VN,2012,WT,704,0,0,0,1,1,1,1,6
705,PV0317-C,VN,2012,WT,705,0,0,1,1,1,1,1,2
707,PV0319-C,VN,2012,WT,707,0,0,1,1,1,1,1,2
713,PV0326-C,VN,2012,WT,713,0,0,0,1,1,1,1,6
715,PV0329-C,VN,2012,WT,715,0,0,1,1,1,1,1,2
717,PV0331-Cx,VN,2012,WT,717,0,0,0,1,1,1,1,6
721,PV0345-C,VN,2011,R539T,721,20,18,6,6,16,15,5,5
724,PV0360-C,VN,2016,WT,724,0,0,1,1,1,1,1,2
725,PV0361-C,VN,2016,C580Y,725,8,6,7,8,3,3,3,4
726,PV0363-C,VN,2016,C580Y,726,6,9,9,9,6,9,8,11
727,PV0364-C,VN,2016,C580Y,727,6,9,9,9,6,9,8,11
728,PV0365-C,VN,2016,C580Y,728,6,9,9,9,6,9,8,11
729,PV0366-C,VN,2016,C580Y,729,6,9,9,9,6,9,8,11
730,PV0368-C,VN,2016,C580Y,730,1,1,3,2,2,2,2,1
731,PV0369-C,VN,2016,WT,731,0,0,1,1,1,1,1,2
732,PV0370-C,VN,2016,C580Y,732,6,9,9,9,6,9,8,11
733,PV0371-C,VN,2016,C580Y,733,25,34,28,24,35,23,26,24
734,PV0372-C,VN,2016,C580Y,734,6,9,9,9,6,9,8,11
735,PV0373-C,VN,2016,C580Y,735,6,9,9,9,6,9,8,11
736,PV0375-C,VN,2016,C580Y,736,3,3,5,5,4,4,4,3
737,PV0376-C,VN,2016,C580Y,737,3,3,5,5,4,4,4,3
738,PV0377-C,VN,2016,C580Y,738,3,3,5,5,4,4,4,3
739,PV0378-C,VN,2016,C580Y,739,3,3,5,5,4,4,4,3
740,PV0379-C,VN,2016,C580Y,740,3,3,5,5,4,4,4,3
741,PV0381-C,VN,2016,C580Y,741,6,9,9,9,6,9,8,11
742,PV0382-C,VN,2016,C580Y,742,2,2,4,3,3,3,3,4
743,PV0383-C,VN,2016,C580Y,743,2,2,7,8,3,3,3,4
744,PV0384-C,VN,2016,C580Y,744,6,9,9,9,6,9,8,11
745,PV0385-C,VN,2016,C580Y,745,11,8,15,15,9,7,12,13
746,PV0386-C,VN,2016,C580Y,746,6,9,9,9,6,9,8,11
747,PV0387-C,VN,2016,WT,747,0,0,1,1,1,1,1,2
748,PV0388-C,VN,2016,C580Y,748,6,9,9,9,6,9,8,11
749,PV0393-C,VN,2016,C580Y,749,6,9,9,9,6,9,8,11
750,PV0395-C,VN,2016,C580Y,750,1,1,3,2,2,2,2,1
751,PV0396-C,VN,2016,C580Y,751,1,1,20,17,21,13,17,14
752,PV0397-C,VN,2016,C580Y,752,9,7,16,1,11,6,1,6
753,PV0398-C,VN,2016,C580Y,753,11,8,22,20,9,7,23,23
754,PV0400-C,VN,2016,C580Y,754,29,30,29,24,29,26,25,26
755,PV0402-C,VN,2016,C580Y,755,1,1,20,17,21,13,17,14
830,QE0476-C,LA,2012,WT,830,0,0,0,0,1,1,1,2
832,QE0484-C,LA,2015,C580Y,832,9,7,23,1,1,6,1,6
835,QE0487-C,LA,2015,C580Y,835,9,7,23,1,1,6,1,2
839,RCN07825,WKH,2016,WT,839,0,0,14,4,1,1,7,22
840,RCN07826,WKH,2016,C580Y,840,19,19,26,21,17,11,24,18
841,RCN07827,WKH,2016,C580Y,841,26,24,7,8,24,24,20,17
842,RCN07828,WKH,2016,C580Y,842,23,23,10,10,19,19,19,12
843,RCN07829,NKH,2016,C580Y,843,31,31,34,31,33,28,32,29
844,RCN07830,NKH,2016,C580Y,844,31,31,34,31,33,28,32,29
845,RCN07836,NEKH,2016,C580Y,845,16,14,19,19,12,11,14,16
846,RCN07837,NEKH,2016,C580Y,846,2,2,4,3,3,3,3,4
847,RCN07838,NEKH,2016,C580Y,847,16,14,19,19,12,11,14,16
848,RCN07839,NEKH,2016,C580Y,848,16,14,19,19,12,11,14,16
849,RCN07842,NEKH,2016,C580Y,849,16,14,19,19,12,11,14,16
850,RCN07845,NEKH,2016,C580Y,850,16,14,19,19,12,11,14,16
851,RCN07848,NEKH,2016,C580Y,851,16,14,19,19,12,11,14,16
853,RCN07852,NEKH,2016,C580Y,853,16,14,19,19,12,11,14,16
854,RCN07853,NEKH,2016,C580Y,854,16,14,19,19,12,11,14,16
855,RCN07854,NEKH,2016,C580Y,855,16,14,19,19,12,11,14,16
856,RCN07856,NEKH,2016,C580Y,856,2,2,4,3,3,3,3,4
857,RCN07858,NEKH,2016,C580Y,857,16,14,19,19,12,11,14,16
858,RCN07859,NEKH,2016,C580Y,858,16,14,19,19,12,11,14,16
859,RCN07862,NEKH,2016,C580Y,859,16,14,19,19,12,11,14,16
860,RCN07863,NEKH,2016,C580Y,860,16,14,19,19,12,11,14,16
861,RCN08101,VN,2016,C580Y,861,1,1,3,2,2,2,2,1
862,RCN08103,VN,2016,C580Y,862,6,9,9,9,6,9,8,11
863,RCN08105,VN,2016,C580Y,863,8,6,7,8,8,10,3,4
864,RCN08106,VN,2016,C580Y,864,1,1,3,2,2,2,2,1
865,RCN08107,VN,2016,C580Y,865,1,1,3,2,2,2,2,1
866,RCN08112,VN,2016,C580Y,866,6,9,9,9,6,23,8,11
867,RCN08113,VN,2016,C580Y,867,2,2,4,3,3,3,6,7
868,RCN08114,VN,2016,C580Y,868,1,1,3,2,2,2,2,1
870,RCN08116,VN,2016,C580Y,870,1,1,3,2,2,2,2,1
871,RCN08117,VN,2016,C580Y,871,1,1,3,2,2,2,2,1
872,RCN08118,VN,2016,C580Y,872,6,9,9,9,6,9,8,11
873,RCN08119,VN,2016,C580Y,873,9,7,16,1,11,6,1,6
874,RCN08120,VN,2016,C580Y,874,1,1,3,2,2,2,2,1
875,RCN08121,VN,2016,C580Y,875,6,9,9,9,6,9,8,11
876,RCN08122,VN,2016,C580Y,876,2,6,4,3,3,3,3,4
877,RCN08124,VN,2017,C580Y,877,11,8,15,15,9,7,12,13
878,RCN08126,VN,2017,C580Y,878,33,33,30,27,31,31,29,28
879,RCN08127,VN,2017,C580Y,879,18,17,25,23,13,16,20,17
880,RCN08128,VN,2017,C580Y,880,1,1,20,17,21,13,17,14
881,RCN08129,VN,2017,C580Y,881,1,1,3,2,2,2,2,1
882,RCN08130,VN,2017,C580Y,882,2,2,7,8,3,3,3,4
883,RCN08131,VN,2017,C580Y,883,2,2,4,3,3,3,3,4
884,RCN08132,VN,2017,C580Y,884,3,3,5,5,4,4,4,3
885,RCN08135,VN,2017,C580Y,885,1,1,3,2,2,2,2,1
886,RCN08136,VN,2017,C580Y,886,10,10,11,11,7,8,9,8
887,RCN08138,VN,2017,C580Y,887,3,3,5,5,4,4,4,3
888,RCN08139,VN,2017,C580Y,888,2,2,4,3,3,3,3,4
889,RCN08140,VN,2017,C580Y,889,1,1,3,2,2,2,2,1
890,RCN08141,VN,2017,C580Y,890,1,1,3,2,2,2,2,1
891,RCN08143,VN,2017,C580Y,891,1,1,3,2,2,2,2,1
892,RCN08144,VN,2017,C580Y,892,1,1,3,2,2,2,2,1
893,RCN08145,VN,2017,C580Y,893,2,2,4,3,3,3,3,4
894,RCN08147,VN,2017,C580Y,894,1,1,3,2,2,2,2,1
895,RCN08148,VN,2017,C580Y,895,1,1,3,2,2,2,2,1
896,RCN08232,WKH,2016,C580Y,896,2,2,4,3,3,3,6,4
900,RCN08393,ETH,2017,C580Y,900,8,6,7,8,8,10,3,4
901,RCN08807,VN,2017,C580Y,901,14,27,20,17,27,13,17,14
902,RCN08809,VN,2017,-,902,25,29,28,24,28,27,26,24
903,RCN08810,VN,2017,C580Y,903,35,35,30,32,37,35,31,32
905,RCN08812,VN,2017,C580Y,905,22,21,24,22,18,18,22,21
906,RCN08813,VN,2017,C580Y,906,6,27,20,17,27,23,17,14
907,RCN08814,VN,2017,C580Y,907,6,27,20,17,27,23,17,14
908,RCN08815,VN,2017,C580Y,908,0,0,1,1,1,1,1,6
909,RCN08816,VN,2017,C580Y,909,1,1,3,2,2,2,2,1
910,RCN08817,VN,2017,C580Y,910,1,1,3,2,2,2,2,1
911,RCN08818,VN,2017,C580Y,911,1,1,3,2,2,2,2,1
912,RCN08819,VN,2017,C580Y,912,1,1,3,2,2,2,2,1
913,RCN08820,VN,2017,C580Y,913,1,1,3,2,2,2,2,1
927,RCN08882,VN,2017,-,927,8,6,7,8,8,10,3,4
939,RCN08926,LA,2017,C580Y,939,1,1,20,17,21,13,17,14
941,RCN08929,LA,2017,C580Y,941,1,1,3,2,20,2,16,19
943,RCN08931,LA,2017,C580Y,943,6,9,9,17,6,9,8,11
952,RCN08942,LA,2017,C580Y,952,2,2,4,3,3,3,6,7
964,RCN08958,LA,2017,C580Y,964,3,3,5,5,4,4,4,3
965,RCN08959,LA,2017,C580Y,965,2,2,4,3,3,3,6,7
966,RCN08960,LA,2017,C580Y,966,11,8,15,15,9,7,12,13
967,RCN08961,LA,2017,C580Y,967,0,0,0,0,1,1,9,9
968,RCN08962,LA,2017,WT,968,0,0,24,22,1,1,22,21
969,RCN08963,LA,2017,C580Y,969,2,2,4,3,3,3,3,4
970,RCN08966,LA,2017,C580Y,970,2,2,4,3,3,3,3,4
971,RCN08971,LA,2017,C580Y,971,2,2,4,3,3,3,3,4
974,RCN08975,LA,2017,C580Y,974,18,17,17,14,13,16,15,15
975,RCN08976,LA,2017,C580Y,975,6,9,9,17,6,9,8,14
976,RCN08977,LA,2017,C580Y,976,3,3,5,5,4,4,4,3
979,RCN08981,LA,2017,R539T,979,4,5,6,6,5,5,5,5
980,RCN08982,LA,2017,R539T,980,4,5,6,6,5,5,5,5
981,RCN08984,LA,2017,C580Y,981,30,28,33,29,34,22,27,30
982,RCN08985,LA,2017,C580Y,982,11,8,15,15,9,7,12,13
983,RCN08987,LA,2017,C580Y,983,11,8,15,15,9,7,12,13
984,RCN08989,LA,2017,C580Y,984,3,3,5,5,4,4,4,3
985,RCN08990,LA,2017,C580Y,985,3,3,5,5,4,4,4,3
986,RCN08991,LA,2017,C580Y,986,1,1,20,17,21,13,17,14
987,RCN08992,LA,2017,Het,987,1,1,3,2,2,2,2,19
988,RCN08993,LA,2017,C580Y,988,1,1,3,2,2,2,2,1
989,RCN08994,LA,2017,C580Y,989,2,2,4,3,3,3,3,4
990,RCN08995,LA,2017,C580Y,990,1,1,3,2,2,2,2,19
991,RCN08998,LA,2017,C580Y,991,2,2,4,3,3,3,3,4
992,RCN08999,LA,2017,C580Y,992,2,2,4,3,3,3,6,7
993,RCN09000,LA,2017,C580Y,993,1,1,20,17,21,13,17,14
994,RCN09001,LA,2017,C580Y,994,3,3,5,5,4,4,4,3
995,RCN09002,LA,2017,C580Y,995,1,1,20,17,21,13,17,14
996,RCN09003,LA,2017,C580Y,996,14,13,10,10,20,21,16,19
997,RCN09006,LA,2017,C580Y,997,2,2,4,3,3,3,3,4
998,RCN09007,LA,2017,C580Y,998,2,2,4,3,3,3,3,4
999,RCN09010,LA,2017,Het,999,8,6,7,8,8,10,3,4
1000,RCN09011,LA,2017,C580Y,1000,3,3,5,5,4,4,4,3
1001,RCN09012,LA,2017,C580Y,1001,3,3,5,5,4,4,4,3
1003,RCN09016,LA,2017,C580Y,1003,11,8,15,15,9,7,12,13
1004,RCN09018,LA,2017,C580Y,1004,11,8,15,15,9,7,12,13
1005,RCN09019,LA,2017,C580Y,1005,11,8,15,15,9,7,12,13
1006,RCN09020,LA,2017,C580Y,1006,3,3,5,5,4,4,4,3
1007,RCN09021,LA,2017,C580Y,1007,11,8,15,15,9,7,12,13
1008,RCN09022,LA,2017,C580Y,1008,2,2,22,20,23,3,23,23
1009,RCN09023,LA,2017,C580Y,1009,3,3,5,5,4,4,4,3
1010,RCN09024,LA,2017,C580Y,1010,2,2,4,3,3,3,3,4
1011,RCN09025,LA,2017,C580Y,1011,11,8,15,15,9,7,12,13
1012,RCN09027,LA,2017,C580Y,1012,9,7,16,1,11,6,1,6
1013,RCN09029,LA,2017,WT,1013,0,0,2,1,1,1,11,2
1014,RCN09031,LA,2017,WT,1014,0,0,2,0,1,1,1,2
1015,RCN09032,LA,2017,WT,1015,0,0,2,0,1,1,1,2
1017,RCN09034,LA,2017,C580Y,1017,1,1,3,2,20,2,16,19
1018,RCN09035,LA,2017,WT,1018,17,15,2,1,1,1,11,2
1019,RCN09036,LA,2017,WT,1019,17,15,2,1,1,1,11,2
1020,RCN09037,LA,2017,C580Y,1020,9,7,16,1,11,6,1,6
1023,RCN09040,LA,2017,C580Y,1023,9,7,16,1,11,6,1,6
1024,RCN09041,LA,2017,WT,1024,0,0,2,1,1,1,11,2
1028,RCN09045,LA,2017,Het,1028,17,15,2,1,1,1,11,2
1029,RCN09046,LA,2017,C580Y,1029,9,7,16,1,11,6,1,6
1034,RCN09052,LA,2017,WT,1034,0,0,0,0,1,1,1,2
1035,RCN09053,LA,2017,C580Y,1035,9,7,23,1,11,6,1,6
1036,RCN09054,LA,2017,C580Y,1036,9,7,16,1,11,6,1,6
1037,RCN09055,LA,2017,C580Y,1037,9,7,16,1,11,6,1,6
1038,RCN09056,LA,2017,C580Y,1038,9,7,16,1,11,6,1,6
1039,RCN09057,LA,2017,C580Y,1039,9,7,16,1,11,6,1,6
1040,RCN09058,LA,2017,C580Y,1040,9,7,16,1,11,6,1,6
1041,RCN09059,LA,2017,C580Y,1041,9,7,16,1,11,6,1,6
1042,RCN09060,LA,2017,C580Y,1042,9,7,16,1,11,6,1,6
1043,RCN09061,LA,2017,WT,1043,0,0,0,0,1,1,1,2
1044,RCN09062,LA,2017,C580Y,1044,9,7,16,1,11,6,1,6
1048,RCN09066,LA,2017,WT,1048,0,0,2,0,1,1,1,2
1050,RCN09070,LA,2017,WT,1050,0,0,2,0,1,1,1,2
1052,RCN09072,LA,2017,WT,1052,0,0,2,0,1,1,1,2
1055,RCN09075,LA,2017,WT,1055,0,0,2,0,1,1,1,2
1058,RCN09079,LA,2017,WT,1058,5,0,2,0,1,1,1,2
1060,RCN09081,LA,2017,WT,1060,0,0,2,1,1,1,11,2
1061,RCN09082,LA,2017,WT,1061,0,0,2,0,1,1,1,2
1062,RCN09083,LA,2017,WT,1062,0,0,2,0,1,1,1,2
1075,RCN09113,LA,2017,WT,1075,17,15,2,1,1,1,11,2
1077,RCN09115,LA,2017,WT,1077,17,15,2,1,1,1,11,2
1078,RCN09116,LA,2017,WT,1078,17,15,2,1,1,1,11,2
1083,RCN09121,LA,2017,WT,1083,17,15,2,1,1,1,11,2
1085,RCN09126,LA,2017,WT,1085,17,15,2,1,1,1,11,2
1089,RCN09130,LA,2017,Het,1089,9,7,16,1,11,6,1,6
1091,RCN09132,LA,2017,WT,1091,0,0,2,0,1,1,1,2
1092,RCN09133,LA,2017,WT,1092,0,0,2,0,1,1,1,2
1093,RCN09134,LA,2017,C580Y,1093,9,7,16,1,11,6,1,6
1094,RCN09135,LA,2017,C580Y,1094,9,7,23,1,1,6,1,6
1095,RCN09136,LA,2017,C580Y,1095,9,7,23,1,1,6,1,6
1109,RCN09151,LA,2017,WT,1109,17,15,2,1,1,1,11,2
1110,RCN09155,LA,2017,WT,1110,17,15,2,1,1,1,11,2
1111,RCN09156,LA,2017,WT,1111,17,15,2,1,1,1,11,2
1112,RCN09157,LA,2017,WT,1112,0,0,2,1,1,1,11,2
1113,RCN09158,LA,2017,WT,1113,17,15,2,1,1,1,11,2
1114,RCN09159,LA,2017,WT,1114,17,15,2,1,1,1,11,2
1115,RCN09160,LA,2017,WT,1115,17,15,2,1,1,1,11,2
1116,RCN09161,LA,2017,WT,1116,17,15,2,1,1,1,11,2
1117,RCN09162,LA,2017,WT,1117,17,15,2,1,1,1,11,2
1118,RCN09163,LA,2017,WT,1118,17,15,2,1,1,1,11,2
1119,RCN09164,LA,2017,WT,1119,17,15,2,1,1,1,11,2
1123,RCN09168,LA,2017,C580Y,1123,2,2,4,3,3,3,3,4
1130,RCN09234,VN,2017,C580Y,1130,30,28,33,29,34,22,27,30
1131,RCN09235,VN,2017,C580Y,1131,11,8,22,20,23,7,23,23
1132,RCN09236,VN,2017,C580Y,1132,1,1,3,2,2,2,2,1
1133,RCN09238,VN,2017,C580Y,1133,1,1,3,2,20,2,16,19
1135,RCN09240,VN,2017,C580Y,1135,1,1,3,2,2,2,2,1
1136,RCN09241,VN,2017,C580Y,1136,11,8,22,20,23,7,23,23
1137,RCN09245,VN,2017,C580Y,1137,1,1,3,2,2,2,2,1
1138,RCN09250,VN,2017,C580Y,1138,3,3,5,5,4,4,4,3
1139,RCN09251,VN,2017,C580Y,1139,3,3,5,5,4,4,4,3
1140,RCN09254,VN,2017,C580Y,1140,14,27,20,17,27,13,17,14
1141,RCN09258,VN,2017,C580Y,1141,6,9,9,9,6,9,8,11
1142,RCN09259,VN,2017,C580Y,1142,3,3,5,5,4,4,4,3
1143,RCN09260,VN,2017,C580Y,1143,3,3,5,5,4,4,4,3
1144,RCN09261,VN,2017,C580Y,1144,10,10,11,11,7,8,9,8
1145,RCN09262,VN,2017,C580Y,1145,1,1,3,2,2,2,2,1
1146,RCN09264,VN,2017,C580Y,1146,6,9,9,9,6,9,8,11
1147,RCN09265,VN,2017,C580Y,1147,6,9,9,9,6,9,8,11
1148,RCN09266,VN,2017,C580Y,1148,6,9,9,9,6,9,8,11
1149,RCN09268,VN,2017,C580Y,1149,6,9,9,9,6,9,8,11
1150,RCN09269,VN,2017,C580Y,1150,23,23,10,10,19,19,19,12
1151,RCN09270,VN,2017,C580Y,1151,6,27,20,17,27,23,17,14
1152,RCN09271,VN,2017,C580Y,1152,14,13,30,27,31,31,29,28
1153,RCN09272,VN,2017,C580Y,1153,1,1,3,2,2,2,2,1
1154,RCN09273,VN,2017,C580Y,1154,26,24,25,23,24,24,20,17
1155,RCN09274,VN,2017,C580Y,1155,1,1,3,2,2,2,2,1
1157,RCN09278,VN,2017,C580Y,1157,1,1,3,2,2,2,2,1
1158,RCN09282,VN,2017,WT,1158,0,0,0,0,1,1,1,3
1159,RCN09283,VN,2017,C580Y,1159,10,10,11,11,7,8,9,8
1160,RCN09284,VN,2017,C580Y,1160,1,1,3,2,2,2,2,1
1161,RCN09285,VN,2017,R539T,1161,4,5,6,6,5,5,5,5
1163,RCN10145,VN,2017,WT,1163,0,16,2,1,1,1,1,2
1164,RCN10151,VN,2017,C580Y,1164,3,3,5,5,4,4,4,3
1165,RCN10159,VN,2017,C580Y,1165,1,1,3,2,2,2,2,1
1166,RCN10162,VN,2017,WT,1166,0,0,2,1,1,1,1,2
1167,RCN10167,VN,2017,C580Y,1167,3,3,5,5,4,4,4,3
1168,RCN10168,VN,2017,C580Y,1168,14,13,10,10,19,13,19,12
1169,RCN10169,VN,2017,C580Y,1169,23,23,10,10,19,19,19,12
1170,RCN10170,VN,2017,WT,1170,0,0,1,4,1,1,7,9
1171,RCN10199,WKH,2017,C580Y,1171,8,6,7,8,8,10,3,4
1172,RCN10200,WKH,2017,C580Y,1172,1,1,20,17,21,13,17,14
1173,RCN10201,WKH,2017,C580Y,1173,8,6,7,8,8,10,3,4
1174,RCN10202,WKH,2017,C580Y,1174,8,6,7,8,8,10,3,4
1175,RCN10203,WKH,2017,C580Y,1175,8,6,7,8,8,10,3,4
1176,RCN10204,WKH,2017,C580Y,1176,1,1,20,17,21,13,17,14
1177,RCN10205,WKH,2017,C580Y,1177,1,1,20,17,21,13,17,14
1178,RCN10208,WKH,2017,C580Y,1178,11,8,15,15,9,7,12,13
1179,RCN10238,VN,2017,C580Y,1179,25,29,28,24,28,27,26,24
1180,RCN10244,VN,2017,WT,1180,0,0,1,4,1,1,7,9
1181,RCN10246,VN,2017,C580Y,1181,11,8,22,20,23,7,23,23
1182,RCN10247,VN,2017,C580Y,1182,3,3,5,5,4,4,4,3
1183,RCN10250,VN,2017,C580Y,1183,3,3,5,5,4,4,4,3
1184,RCN10252,VN,2017,C580Y,1184,16,14,19,19,12,22,14,16
1185,RCN10254,VN,2017,C580Y,1185,25,29,5,24,28,27,26,24
1186,RCN10256,VN,2017,C580Y,1186,14,27,20,17,27,13,17,14
1187,RCN10268,VN,2017,C580Y,1187,34,28,10,33,38,33,33,33
1188,RCN10279,VN,2017,Het,1188,29,30,29,24,29,26,25,26
1189,RCN10284,VN,2017,C580Y,1189,16,14,19,19,12,22,14,16
1190,RCN10286,VN,2017,C580Y,1190,16,14,19,19,12,22,14,16
1191,RCN10290,VN,2017,C580Y,1191,1,1,3,2,2,2,2,1
1192,RCN10291,VN,2017,C580Y,1192,11,8,22,20,23,7,23,23
1193,RCN10292,VN,2017,C580Y,1193,3,3,5,5,4,4,4,3
1194,RCN10293,VN,2017,C580Y,1194,8,6,7,8,8,10,3,4
1195,RCN10296,VN,2017,C580Y,1195,2,2,4,3,3,3,3,4
1196,RCN10297,VN,2017,C580Y,1196,3,3,5,5,4,4,4,3
1197,RCN10298,VN,2017,C580Y,1197,1,1,3,2,2,2,2,1
1198,RCN10299,VN,2017,C580Y,1198,0,0,1,1,1,1,1,6
1199,RCN10300,VN,2017,C580Y,1199,3,3,5,5,4,4,4,3
1200,RCN10305,VN,2017,C580Y,1200,2,2,7,8,3,3,3,4
1201,RCN10306,VN,2017,C580Y,1201,3,3,5,5,4,4,4,3
1202,RCN10307,VN,2017,C580Y,1202,6,9,9,9,6,9,8,11
1203,RCN10308,VN,2017,C580Y,1203,3,3,5,5,4,4,4,3
1204,RCN10309,VN,2017,C580Y,1204,1,1,3,2,2,2,2,1
1205,RCN10311,VN,2017,C580Y,1205,2,2,4,3,3,3,3,4
1206,RCN10313,VN,2017,C580Y,1206,1,1,3,2,2,2,2,1
1207,RCN10314,VN,2017,Het,1207,1,1,3,2,2,2,2,1
1208,RCN10315,VN,2017,C580Y,1208,6,27,20,17,27,23,17,14
1209,RCN10316,VN,2017,C580Y,1209,3,3,5,5,4,4,4,3
1210,RCN10317,VN,2017,C580Y,1210,3,3,5,5,4,4,4,3
1211,RCN10318,VN,2017,C580Y,1211,3,3,5,5,4,4,4,3
1212,RCN10319,VN,2017,C580Y,1212,3,3,32,5,4,4,4,3
1213,RCN10320,VN,2017,C580Y,1213,3,3,5,5,4,4,4,3
1214,RCN10321,VN,2017,C580Y,1214,1,1,3,2,2,2,2,1
1215,RCN10322,VN,2017,C580Y,1215,1,1,3,2,2,2,2,1
1216,RCN10323,VN,2017,C580Y,1216,1,1,3,2,2,2,2,1
1217,RCN10324,VN,2017,C580Y,1217,1,1,3,2,2,2,2,1
1218,RCN10325,VN,2017,C580Y,1218,11,8,22,20,23,7,23,23
1219,RCN10330,VN,2017,C580Y,1219,1,1,3,2,2,2,2,1
1221,RCN10333,VN,2017,C580Y,1221,10,10,11,11,7,8,9,8
1222,RCN10337,VN,2017,Het,1222,1,1,3,2,2,2,2,1
1227,RCN10345,VN,2017,C580Y,1227,1,1,3,2,2,2,2,1
1228,RCN10346,VN,2017,C580Y,1228,1,1,3,2,2,2,2,1
1229,RCN10347,VN,2017,WT,1229,0,0,1,4,1,1,7,9
1230,RCN10348,VN,2017,C580Y,1230,10,10,11,11,7,8,9,8
1232,RCN10350,VN,2017,C580Y,1232,1,1,3,2,2,2,2,1
1233,RCN10351,VN,2017,C580Y,1233,14,13,10,10,19,13,19,19
1234,RCN10352,VN,2017,C580Y,1234,10,10,11,11,7,8,9,8
1235,RCN10353,VN,2017,C580Y,1235,1,1,3,2,2,2,2,1
1236,RCN10354,VN,2017,C580Y,1236,3,3,5,5,4,4,4,3
1237,RCN10356,VN,2017,WT,1237,0,0,1,4,1,1,7,9
1238,RCN10357,VN,2017,WT,1238,0,0,1,4,1,1,7,9
1239,RCN10362,VN,2017,C580Y,1239,0,0,1,1,1,1,1,6
1240,RCN10363,VN,2017,C580Y,1240,1,1,3,2,2,2,2,1
1241,RCN10364,VN,2017,C580Y,1241,1,1,3,2,2,2,2,1
1242,RCN10365,VN,2017,C580Y,1242,1,1,3,2,2,2,2,1
1243,RCN10370,VN,2017,C580Y,1243,6,9,9,9,6,9,8,11
1244,RCN10372,VN,2017,WT,1244,5,16,2,1,1,1,1,2
1245,RCN10373,VN,2017,C580Y,1245,25,34,28,9,35,23,27,24
1246,RCN10377,VN,2017,C580Y,1246,6,9,9,9,6,9,8,11
1247,RCN10379,VN,2017,C580Y,1247,6,9,9,9,6,9,8,11
1249,RCN10381,VN,2017,C580Y,1249,6,9,9,9,6,9,8,11
1250,RCN10382,VN,2017,C580Y,1250,6,9,9,9,6,9,8,11
1251,RCN10384,VN,2017,C580Y,1251,1,1,3,2,2,2,2,1
1253,RCN10386,VN,2017,C580Y,1253,22,21,24,22,18,18,22,21
1254,RCN10387,VN,2017,C580Y,1254,22,21,24,22,18,18,22,21
1255,RCN10388,VN,2017,WT,1255,0,0,1,4,1,1,7,9
1256,RCN10390,VN,2017,WT,1256,0,0,1,4,1,1,7,9
1257,RCN10391,VN,2017,C580Y,1257,25,29,5,5,28,27,26,24
1260,RCN10396,VN,2017,C580Y,1260,3,3,5,5,4,4,4,3
1261,RCN10397,VN,2017,C580Y,1261,2,2,4,3,3,3,3,4
1262,RCN10398,VN,2017,C580Y,1262,16,14,19,19,12,22,14,16
1265,RCN10401,VN,2017,WT,1265,0,0,1,4,1,1,7,9
1268,RCN10406,VN,2017,WT,1268,0,0,1,4,1,1,7,9
1269,RCN10408,VN,2017,C580Y,1269,16,14,19,19,12,22,14,16
1270,RCN10689,VN,2017,C580Y,1270,1,1,3,2,2,2,2,1
1271,RCN10690,VN,2017,C580Y,1271,1,1,3,2,2,2,2,1
1273,RCN10692,VN,2017,C580Y,1273,3,3,5,5,4,4,4,3
1274,RCN10693,VN,2017,C580Y,1274,22,21,24,22,18,18,22,21
1275,RCN10694,VN,2017,C580Y,1275,22,21,24,22,18,18,22,21
1276,RCN10695,VN,2017,C580Y,1276,14,13,10,10,19,13,19,12
1277,RCN10696,VN,2017,C580Y,1277,22,21,24,22,18,18,22,21
1278,RCN10697,VN,2017,C580Y,1278,3,3,5,5,4,4,4,3
1279,RCN10699,VN,2017,C580Y,1279,22,21,24,22,18,18,22,21
1280,RCN10703,VN,2017,C580Y,1280,1,1,3,2,2,2,2,1
1281,RCN10704,VN,2017,Het,1281,3,3,5,5,4,4,4,3
1282,RCN10706,VN,2017,C580Y,1282,3,3,5,5,4,4,4,3
1283,RCN10707,VN,2017,Het,1283,36,36,29,24,25,26,25,26
1284,RCN10709,VN,2017,C580Y,1284,3,3,5,5,4,4,4,3
1285,RCN10710,VN,2017,C580Y,1285,23,23,10,10,26,19,19,12
1286,RCN10712,VN,2017,C580Y,1286,22,21,24,22,18,18,22,21
1287,RCN10715,VN,2017,WT,1287,0,0,1,4,1,1,7,9
1288,RCN10716,VN,2017,WT,1288,0,0,2,1,1,1,1,2
1289,RCN10717,VN,2017,WT,1289,5,0,1,4,1,1,7,9
1290,RCN10718,VN,2017,Het,1290,0,0,2,1,1,1,1,2
1291,RCN10719,VN,2017,WT,1291,5,0,2,1,1,1,1,2
1292,RCN10720,VN,2017,WT,1292,0,0,2,1,1,1,1,2
1293,RCN10721,VN,2017,WT,1293,0,0,2,1,1,1,1,2
1294,RCN10722,VN,2017,C580Y,1294,25,29,5,24,28,27,26,24
1295,RCN10723,VN,2017,C580Y,1295,22,21,24,22,18,18,22,21
1296,RCN10724,VN,2017,C580Y,1296,14,13,10,10,19,13,19,12
1297,RCN10725,VN,2017,C580Y,1297,14,13,10,10,19,21,16,12
1298,RCN10726,VN,2017,C580Y,1298,14,13,10,10,19,13,19,12
1299,RCN10727,VN,2017,C580Y,1299,14,13,10,10,19,13,19,12
1300,RCN10728,VN,2017,C580Y,1300,22,21,24,22,18,18,22,21
1301,RCN10729,VN,2017,C580Y,1301,22,21,24,22,18,18,22,21
1302,RCN10730,VN,2017,C580Y,1302,1,1,3,2,2,2,2,1
1303,RCN10731,VN,2017,WT,1303,0,0,1,4,1,1,7,9
1304,RCN10732,VN,2017,WT,1304,0,0,1,4,1,1,7,9
1305,RCN10733,VN,2017,C580Y,1305,14,13,10,10,19,13,19,19
1306,RCN10734,VN,2017,C580Y,1306,22,21,24,22,18,18,22,21
1307,RCN10735,VN,2017,C580Y,1307,1,1,3,2,2,2,2,1
1308,RCN10736,VN,2017,C580Y,1308,3,3,5,5,4,4,4,3
1309,RCN10737,VN,2017,C580Y,1309,22,21,24,22,18,18,22,21
1310,RCN10738,VN,2017,C580Y,1310,1,1,3,2,2,2,2,1
1311,RCN10741,VN,2017,C580Y,1311,1,1,3,2,2,2,2,1
1312,RCN10742,VN,2017,C580Y,1312,1,1,3,2,2,2,2,1
1313,RCN10743,VN,2017,C580Y,1313,23,23,10,10,19,19,19,12
1314,RCN10744,VN,2017,C580Y,1314,33,33,30,27,31,31,29,28
1315,RCN10745,VN,2017,C580Y,1315,1,1,3,2,2,2,2,1
1316,RCN10746,VN,2017,C580Y,1316,11,8,15,15,9,7,12,13
1317,RCN10752,VN,2017,C580Y,1317,29,30,29,24,29,26,25,26
1318,RCN10761,VN,2017,C580Y,1318,2,2,4,3,3,3,3,4
1319,RCN10762,VN,2017,C580Y,1319,1,1,3,2,2,2,2,1
1320,RCN10764,VN,2017,C580Y,1320,1,1,3,2,2,2,2,1
1322,RCN10768,VN,2017,WT,1322,0,0,0,0,1,1,1,2
1323,RCN10769,VN,2017,WT,1323,0,0,2,1,1,1,11,2
1324,RCN10770,VN,2017,C580Y,1324,9,7,23,1,1,6,1,2
1326,RCN10773,VN,2017,C580Y,1326,9,7,23,1,1,6,1,2
1327,RCN10774,VN,2017,C580Y,1327,9,7,23,1,1,6,1,2
1328,RCN10776,VN,2017,WT,1328,5,0,0,0,1,1,1,2
1330,RCN10778,VN,2017,Het,1330,9,7,23,1,1,6,1,2
1333,RCN10781,VN,2017,Het,1333,0,0,0,1,1,1,1,2
1335,RCN10783,VN,2017,Het,1335,9,7,23,1,1,6,1,2
1336,RCN10785,VN,2017,C580Y,1336,9,7,23,1,1,6,1,2
1337,RCN10786,VN,2017,C580Y,1337,9,7,23,1,1,6,1,2
1338,RCN10788,VN,2017,WT,1338,0,0,2,1,1,1,11,2
1340,RCN10790,VN,2017,WT,1340,0,0,0,0,1,1,1,2
1341,RCN10792,VN,2017,WT,1341,17,15,2,1,1,1,11,2
1342,RCN10794,VN,2017,C580Y,1342,9,7,23,1,1,6,1,2
1343,RCN12358,ETH,2017,C580Y,1343,23,23,10,10,26,19,19,12
1344,RCN12359,ETH,2017,C580Y,1344,11,8,15,15,9,7,12,13
1345,RCN12362,WKH,2017,C580Y,1345,34,28,10,10,39,33,16,12
1346,RCN12365,WKH,2017,WT,1346,0,0,14,4,1,1,7,22
1347,RCN12366,VN,2017,C580Y,1347,1,1,3,2,2,2,2,1
1348,RCN12370,VN,2017,C580Y,1348,1,1,3,2,2,2,2,1
1349,RCN12371,VN,2017,C580Y,1349,11,8,15,15,9,7,12,13
1350,RCN12372,VN,2017,C580Y,1350,1,1,3,2,2,2,2,1
1351,RCN12373,VN,2017,C580Y,1351,2,2,4,3,3,3,3,4
1352,RCN12374,VN,2017,C580Y,1352,25,34,28,9,35,23,27,24
1353,RCN12375,VN,2017,C580Y,1353,29,30,29,24,29,26,25,26
1354,RCN12376,VN,2017,C580Y,1354,6,9,9,17,6,9,8,11
1355,RCN12377,VN,2017,C580Y,1355,3,3,5,5,4,4,4,3
1356,RCN12378,VN,2017,C580Y,1356,1,1,3,2,2,2,2,1
1357,RCN12380,VN,2017,C580Y,1357,25,34,28,9,35,23,27,24
1358,RCN12381,VN,2017,C580Y,1358,2,2,4,3,3,3,3,4
1359,RCN12382,VN,2017,C580Y,1359,3,3,5,5,4,4,4,3
1360,RCN12383,VN,2017,C580Y,1360,10,10,11,11,7,8,9,8
1363,RCN12386,VN,2017,C580Y,1363,3,3,5,5,4,4,4,3
1364,RCN12387,VN,2017,C580Y,1364,1,1,3,2,2,2,2,1
1365,RCN12388,VN,2017,C580Y,1365,8,6,7,8,3,3,3,4
1366,RCN12389,VN,2017,C580Y,1366,1,1,3,2,2,2,2,1
1367,RCN12391,VN,2017,C580Y,1367,3,3,5,5,4,4,4,3
1368,RCN12393,VN,2017,C580Y,1368,3,3,5,5,4,4,4,3
1370,RCN12593,ETH,2017,C580Y,1370,3,3,5,5,4,4,4,3
1371,RCN12595,ETH,2017,C580Y,1371,2,2,4,3,3,3,3,4
1372,RCN12599,ETH,2017,C580Y,1372,2,2,4,3,3,3,3,4
1373,RCN12600,ETH,2017,C580Y,1373,11,8,15,15,9,7,12,13
1374,RCN12601,ETH,2017,C580Y,1374,2,2,4,3,3,3,3,4
1375,RCN12602,ETH,2017,C580Y,1375,3,3,5,5,4,4,4,3
1376,RCN12603,ETH,2017,C580Y,1376,11,8,15,15,9,7,12,13
1377,RCN12604,ETH,2017,C580Y,1377,3,3,5,5,4,4,4,3
1378,RCN12606,ETH,2017,C580Y,1378,11,8,15,15,9,7,12,13
1379,RCN12607,ETH,2017,C580Y,1379,23,23,10,10,26,19,16,12
1380,RCN12608,ETH,2017,C580Y,1380,1,1,3,2,2,2,2,14
1381,RCN12612,ETH,2017,C580Y,1381,26,24,25,23,24,24,20,17
1382,RCN12613,ETH,2017,C580Y,1382,26,24,25,23,24,24,20,17
1383,RCN12614,WKH,2017,C580Y,1383,14,13,10,10,20,21,16,12
1384,RCN12615,WKH,2017,C580Y,1384,1,1,20,17,21,13,17,14
1385,RCN12616,WKH,2017,C580Y,1385,14,13,10,10,20,21,16,12
1386,RCN12618,WKH,2017,C580Y,1386,14,13,10,10,20,21,16,12
1387,RCN12619,WKH,2017,WT,1387,0,0,14,4,1,1,7,22
1388,RCN12620,WKH,2017,C580Y,1388,14,13,10,10,20,21,16,12
1389,RCN12621,WKH,2017,C580Y,1389,1,1,3,2,2,2,2,1
1390,RCN12622,WKH,2017,C580Y,1390,6,9,9,9,6,9,8,11
1391,RCN12980,WKH,2016,C580Y,1391,26,24,25,23,24,24,20,17
1392,RCN12982,WKH,2016,WT,1392,0,0,14,4,1,1,7,22
1393,RCN12984,WKH,2016,C580Y,1393,27,25,12,13,13,25,10,10
1394,RCN12986,WKH,2016,C580Y,1394,26,24,25,23,24,24,20,17
1395,RCN12987,WKH,2016,C580Y,1395,14,13,10,10,19,21,16,12
1396,RCN12990,WKH,2016,C580Y,1396,23,23,10,15,26,19,12,19
1397,RCN12992,WKH,2016,C580Y,1397,14,13,10,10,20,21,16,12
1398,RCN12994,WKH,2016,C580Y,1398,27,25,25,23,30,25,20,17
1399,RCN12995,WKH,2016,C580Y,1399,26,24,25,23,24,24,20,17
1400,RCN12996,WKH,2016,C580Y,1400,1,1,3,2,2,2,2,1
1401,RCN12997,WKH,2016,C580Y,1401,19,19,26,21,17,11,24,18
1402,RCN12999,WKH,2017,C580Y,1402,23,23,10,10,26,19,19,12
1403,RCN13000,WKH,2017,C580Y,1403,18,17,12,13,13,16,10,10
1404,RCN13004,WKH,2017,C580Y,1404,34,28,19,19,38,33,14,16
1405,RCN13005,WKH,2017,C580Y,1405,24,22,7,8,15,20,3,4
1406,RCN13008,WKH,2017,C580Y,1406,27,25,12,13,13,25,10,10
1407,RCN13009,WKH,2017,C580Y,1407,31,31,27,30,33,28,30,29
1408,RCN13010,WKH,2017,C580Y,1408,27,25,12,13,15,25,10,10
1409,RCN13013,WKH,2017,C580Y,1409,19,19,26,21,17,11,24,18
1410,RCN13014,WKH,2017,C580Y,1410,26,24,25,23,24,24,20,17
1411,RCN13015,WKH,2017,C580Y,1411,30,28,10,10,34,22,19,12
1412,RCN13016,WKH,2017,WT,1412,0,0,14,4,1,1,7,22
1413,RCN13017,WKH,2017,C580Y,1413,32,32,25,23,30,32,20,17
1414,RCN13018,WKH,2017,C580Y,1414,16,14,19,19,12,22,14,16
1415,RCN13020,WKH,2017,WT,1415,0,0,14,4,1,1,7,22
1416,RCN13023,WKH,2017,C580Y,1416,15,12,17,14,14,14,15,15
1417,RCN13025,WKH,2017,C580Y,1417,8,6,7,8,8,10,3,15
1418,RCN13027,WKH,2017,C580Y,1418,19,19,26,21,17,11,24,18
1419,RCN13028,WKH,2017,C580Y,1419,27,25,12,13,15,25,10,10
1420,RCN13032,WKH,2017,C580Y,1420,18,17,12,13,13,16,10,10
1424,RCN13039,WKH,2017,C580Y,1424,19,19,26,21,17,11,24,18
1425,RCN13044,WKH,2018,C580Y,1425,32,32,25,23,30,32,20,17
1426,RCN13045,WKH,2018,C580Y,1426,32,32,7,8,30,32,3,4
1427,RCN13048,NEKH,2017,C580Y,1427,11,8,22,20,23,7,23,23
1429,RCN13050,NEKH,2017,C580Y,1429,2,2,4,3,3,3,6,4
1430,RCN13051,NEKH,2017,C580Y,1430,1,1,3,2,2,2,2,1
1432,RCN13053,NEKH,2007,C580Y,1432,25,29,28,9,28,27,26,24
1433,RCN13054,NEKH,2017,C580Y,1433,15,12,17,14,14,14,15,15
1434,RCN13056,NEKH,2017,C580Y,1434,1,1,3,10,20,2,16,19
1435,RCN13057,NEKH,2017,C580Y,1435,30,28,33,29,34,22,27,30
1436,RCN13058,NEKH,2017,C580Y,1436,2,2,4,3,3,3,3,4
1437,RCN13059,NEKH,2017,C580Y,1437,1,1,3,2,2,2,2,1
1438,RCN13061,NEKH,2017,C580Y,1438,3,3,5,5,4,4,4,3
1439,RCN13062,NEKH,2017,C580Y,1439,11,8,15,15,9,7,12,13
1440,RCN13063,NEKH,2017,C580Y,1440,3,3,5,5,4,4,4,3
1441,RCN13065,NEKH,2017,C580Y,1441,1,1,3,2,2,2,2,1
1443,RCN13068,NEKH,2017,C580Y,1443,33,33,30,27,31,31,29,28
1444,RCN13069,NEKH,2017,C580Y,1444,3,3,5,5,4,4,4,3
1445,RCN13071,NEKH,2017,C580Y,1445,3,3,9,9,4,4,8,11
1447,RCN13074,NEKH,2017,C580Y,1447,30,28,33,29,34,22,27,30
1448,RCN13075,NEKH,2017,C580Y,1448,19,19,32,21,17,11,25,18
1449,RCN13076,NEKH,2017,R539T,1449,4,5,6,6,5,5,5,5
1450,RCN13078,NEKH,2017,C580Y,1450,11,8,22,20,23,7,23,23
1451,RCN13079,NEKH,2017,C580Y,1451,1,1,3,2,2,2,2,19
1452,RCN13080,NEKH,2017,C580Y,1452,29,30,29,24,29,26,25,26
1453,RCN13081,NEKH,2017,C580Y,1453,1,1,3,2,20,2,16,19
1454,RCN13083,NEKH,2017,C580Y,1454,29,30,29,24,29,26,25,26
1455,RCN13084,NEKH,2017,C580Y,1455,32,32,10,10,30,32,16,19
1457,RCN13086,NEKH,2017,C580Y,1457,32,32,10,10,30,32,16,19
1458,RCN13087,NEKH,2017,C580Y,1458,14,13,10,10,20,21,16,12
1459,RCN13088,NEKH,2017,C580Y,1459,6,9,9,9,6,9,8,11
1460,RCN13089,NEKH,2017,C580Y,1460,25,29,28,9,28,27,26,24
1461,RCN13090,NEKH,2017,C580Y,1461,23,23,10,10,26,19,19,12
1463,RCN13097,NEKH,2017,C580Y,1463,19,19,32,21,17,11,25,18
1464,RCN13098,NEKH,2017,C580Y,1464,19,19,32,21,17,11,25,18
1465,RCN13100,NEKH,2018,C580Y,1465,1,1,3,2,2,2,2,1
1466,RCN13101,NEKH,2018,WT,1466,0,0,14,4,1,1,7,22
1467,RCN13103,NEKH,2018,C580Y,1467,19,19,32,21,17,11,14,18
