Sample,Site,Year,k13Class,crt_class,DCSBM_MAP1,DCSBM_MAP2,DCSBM_MAP3,DCSBM_Dahl1,DCSBM_Dahl2,DCSBM_Dahl3,SBM_MAP1,SBM_MAP2,SBM_MAP3,SBM_Dahl1,SBM_Dahl2,SBM_Dahl3
PD0498-C,ETH,2011,R539T,no_nea,8,9,10,8,9,10,18,24,25,18,24,25
PD0500-C,ETH,2011,C580Y,no_nea,14,17,20,14,17,20,6,19,26,25,25,15
PD0501-C,ETH,2011,C580Y,no_nea,14,17,20,14,17,20,6,17,22,29,26,9
PD0502-C,ETH,2011,R539T,no_nea,8,9,10,8,9,10,18,24,25,18,24,25
PD0575-C,ETH,2012,R539T,no_nea,8,9,10,8,9,10,18,24,25,18,24,25
PD0578-C,ETH,2012,R539T,no_nea,9,16,15,9,16,12,14,21,26,29,27,15
PD0579-C,ETH,2012,R539T,no_nea,8,9,10,8,9,10,18,24,25,18,24,25
PD0580-C,ETH,2012,R539T,no_nea,8,9,10,8,9,10,18,24,25,18,24,25
PD0651-C,ETH,2012,C580Y,no_nea,14,17,20,14,17,20,14,21,9,26,26,22
PD0658-C,ETH,2012,R539T,no_nea,8,9,10,8,9,10,18,24,25,18,24,25
PD0659-C,ETH,2012,R539T,no_nea,8,9,10,8,9,10,18,24,25,18,24,25
PD0662-C,ETH,2012,R539T,no_nea,8,9,10,8,9,10,18,24,25,18,24,25
PD0663-C,ETH,2012,R539T,no_nea,8,9,10,8,9,10,18,24,25,18,24,25
PD0664-C,ETH,2012,R539T,no_nea,8,9,10,8,9,10,18,24,25,18,24,25
PD0668-C,ETH,2013,R539T,no_nea,8,9,10,8,9,10,18,24,25,18,24,25
PD0670-C,ETH,2013,R539T,no_nea,8,9,10,8,9,10,18,24,25,18,24,25
PD1584-C,ETH,2015,C580Y,het,6,19,23,6,19,23,15,20,10,15,20,10
PD1585-C,ETH,2015,C580Y,F145I,18,11,16,18,11,16,21,18,0,21,18,0
PD1586-C,ETH,2015,C580Y,F145I,3,0,18,3,0,18,6,25,9,17,17,30
PD1587-C,ETH,2015,C580Y,F145I,18,11,16,18,11,16,19,16,1,19,16,1
PD1588-C,ETH,2015,C580Y,F145I,18,11,16,18,11,16,19,16,1,19,16,1
PD1589-C,ETH,2015,C580Y,I218F,19,4,2,19,4,2,15,20,10,15,20,10
PD1590-C,ETH,2015,C580Y,H97Y,3,0,18,3,0,18,11,17,15,8,17,22
PD1593-C,ETH,2016,C580Y,F145I,18,11,16,18,11,16,19,16,1,19,16,1
PH0021-C,WKH,2007,WT,no_nea,9,11,15,9,11,15,14,21,19,12,21,29
PH0024-C,WKH,2007,Y493H,no_nea,9,4,15,9,4,15,27,25,26,11,28,21
PH0028-Cx,WKH,2007,R539T,no_nea,9,16,1,9,16,15,14,14,15,6,6,26
PH0042-C,WKH,2007,WT,missing,9,16,15,9,16,15,26,21,27,12,10,19
PH0043-C,WKH,2007,R539T,no_nea,9,16,15,9,16,15,14,17,27,31,23,27
PH0044-C,WKH,2008,C580Y,no_nea,9,16,15,9,16,15,27,25,22,14,17,27
PH0045-C,WKH,2008,C580Y,no_nea,9,16,15,9,16,15,27,21,27,14,28,19
PH0047-Cx,WKH,2009,WT,no_nea,9,16,15,9,16,15,27,21,22,8,26,31
PH0051-Cx,WKH,2009,R539T,no_nea,8,9,10,8,9,10,18,24,25,18,24,25
PH0055-C,WKH,2009,C580Y,no_nea,3,0,18,3,0,18,4,1,2,4,1,2
PH0057-C,WKH,2009,C580Y,no_nea,17,8,9,17,8,9,25,21,15,6,14,9
PH0059-C,WKH,2009,WT,no_nea,9,16,15,9,16,15,25,21,15,25,6,30
PH0064-C,WKH,2009,Y493H,no_nea,9,16,15,9,16,15,12,21,27,11,19,21
PH0105-C,WKH,2008,C580Y,no_nea,12,5,12,12,5,12,16,15,14,16,15,14
PH0109-C,WKH,2008,K13-other,no_nea,9,16,15,9,16,15,27,23,26,25,23,9
PH0110-C,WKH,2008,Y493H,no_nea,9,16,15,9,16,15,25,21,27,12,25,22
PH0111-C,WKH,2008,Y493H,no_nea,9,16,15,17,16,15,14,19,22,8,14,27
PH0112-C,WKH,2008,R539T,no_nea,8,9,10,8,9,10,18,24,25,18,24,25
PH0114-C,WKH,2008,C580Y,no_nea,9,16,15,9,16,15,27,21,22,29,10,29
PH0116-C,WKH,2008,Y493H,no_nea,9,16,15,9,16,15,27,17,26,8,10,29
PH0117-C,WKH,2008,R539T,no_nea,8,9,10,8,9,10,18,24,25,18,24,25
PH0118-C,WKH,2008,K13-other,no_nea,9,16,15,9,16,15,12,21,27,29,25,29
PH0121-CW,WKH,2008,C580Y,no_nea,9,16,15,9,16,15,11,21,15,26,14,29
PH0122-CW,WKH,2008,C580Y,no_nea,9,16,15,9,16,15,12,21,22,17,6,26
PH0123-CW,WKH,2008,K13-other,no_nea,9,16,15,9,16,15,25,21,27,17,17,22
PH0125-CW,WKH,2008,C580Y,no_nea,9,16,15,9,16,15,27,25,27,11,17,31
PH0126-CW,WKH,2008,C580Y,no_nea,12,5,12,12,5,12,16,15,14,16,15,14
PH0130-CW,WKH,2008,R539T,no_nea,9,16,8,9,16,15,12,21,26,8,23,27
PH0132-CW,WKH,2008,R539T,no_nea,8,9,10,8,9,10,18,24,25,18,24,25
PH0133-CW,WKH,2008,C580Y,no_nea,20,16,15,9,16,15,27,17,22,29,25,15
PH0134-C,WKH,2008,C580Y,no_nea,12,5,12,12,5,12,16,15,14,16,15,14
PH0136-C,WKH,2008,K13-other,no_nea,9,16,15,9,16,15,27,21,26,26,23,26
PH0137-C,WKH,2008,C580Y,no_nea,9,16,15,9,16,15,27,14,9,29,27,15
PH0138-CW,WKH,2008,WT,no_nea,16,16,15,9,16,15,27,21,22,6,27,27
PH0139-CW,WKH,2008,C580Y,no_nea,9,16,14,9,16,15,25,14,9,14,6,31
PH0140-CW,WKH,2008,C580Y,no_nea,9,16,15,9,16,12,14,23,27,12,14,28
PH0141-CW,WKH,2008,WT,no_nea,9,16,0,9,16,15,25,17,22,12,19,27
PH0142-CW,WKH,2008,WT,no_nea,9,16,14,9,16,15,14,21,22,8,17,26
PH0143-CW,WKH,2008,C580Y,no_nea,17,17,20,5,17,20,6,25,15,14,28,27
PH0144-CW,WKH,2008,C580Y,no_nea,20,10,20,20,10,20,3,11,8,3,11,8
PH0145-CW,WKH,2008,R539T,no_nea,8,9,10,8,9,10,18,24,25,18,24,25
PH0146-CW,WKH,2008,WT,no_nea,9,16,15,9,16,15,14,17,15,26,19,27
PH0147-CW,WKH,2008,C580Y,no_nea,12,5,12,12,5,12,16,15,14,16,15,14
PH0148-CW,WKH,2008,WT,no_nea,12,16,15,9,16,15,27,14,27,28,17,15
PH0149-CW,WKH,2008,C580Y,no_nea,17,6,13,17,6,13,27,17,22,6,14,30
PH0151-CW,WKH,2008,C580Y,no_nea,13,8,14,13,8,14,12,19,27,12,10,29
PH0152-CW,WKH,2008,Y493H,no_nea,9,16,15,9,16,15,12,21,22,31,25,26
PH0153-CW,WKH,2008,C580Y,no_nea,17,6,13,17,6,13,27,17,26,14,26,29
PH0155-C,WKH,2008,C580Y,missing,9,16,15,9,16,15,25,21,27,31,27,27
PH0156-C,WKH,2008,C580Y,no_nea,17,6,13,17,6,13,26,21,22,12,6,26
PH0157-C,WKH,2010,C580Y,I218F,19,4,2,19,4,2,24,5,12,24,5,12
PH0161-C,WKH,2010,C580Y,no_nea,3,0,18,3,0,18,4,1,2,4,1,2
PH0163-C,WKH,2010,WT,no_nea,9,16,15,9,16,15,12,21,22,14,25,21
PH0164-C,WKH,2010,WT,no_nea,13,16,15,9,16,15,25,17,26,6,14,26
PH0165-C,WKH,2010,C580Y,no_nea,3,0,18,3,0,18,4,1,2,4,1,2
PH0167-C,WKH,2010,WT,no_nea,9,16,15,9,16,15,6,21,26,26,6,30
PH0169-C,WKH,2010,C580Y,no_nea,3,0,18,3,0,18,4,1,2,4,1,2
PH0171-C,WKH,2010,C580Y,no_nea,9,20,15,9,20,15,6,14,15,6,25,21
PH0172-C,WKH,2010,C580Y,no_nea,9,16,15,9,16,15,27,25,15,29,28,9
PH0173-C,WKH,2010,C580Y,no_nea,18,16,15,9,16,15,14,25,26,31,10,30
PH0191-C,WKH,2010,Y493H,no_nea,9,16,15,9,16,15,27,17,22,11,19,21
PH0192-C,WKH,2010,Y493H,no_nea,21,16,18,21,16,18,27,21,22,14,14,28
PH0193-C,WKH,2010,WT,no_nea,9,16,9,9,16,15,27,14,27,11,23,30
PH0198-C,WKH,2010,R539T,no_nea,8,9,10,8,9,10,18,24,25,18,24,25
PH0199-C,WKH,2010,WT,no_nea,9,16,15,9,16,15,12,25,22,31,6,28
PH0200-C,WKH,2010,C580Y,no_nea,3,0,18,3,0,18,4,1,2,4,1,2
PH0201-C,NEKH,2010,WT,no_nea,9,16,15,9,16,15,27,17,26,14,17,30
PH0203-C,NEKH,2010,WT,no_nea,9,16,15,19,16,20,12,23,22,8,19,9
PH0206-C,WKH,2010,C580Y,no_nea,9,16,4,9,16,15,14,14,22,31,28,19
PH0207-C,WKH,2010,Y493H,no_nea,9,16,15,9,16,15,12,19,9,28,6,29
PH0208-C,WKH,2010,C580Y,no_nea,3,0,18,3,0,18,4,1,2,4,1,2
PH0209-C,WKH,2010,WT,no_nea,9,16,0,9,16,15,12,21,22,28,28,15
PH0210-C,WKH,2010,C580Y,I218F,19,4,2,19,4,2,24,5,12,24,5,12
PH0212-C,WKH,2010,C580Y,no_nea,1,2,16,1,2,16,21,18,0,21,18,0
PH0213-C,WKH,2010,C580Y,no_nea,3,0,18,3,0,18,4,1,2,4,1,2
PH0217-C,WKH,2009,C580Y,no_nea,12,5,12,12,5,12,16,15,14,16,15,14
PH0218-C,WKH,2009,C580Y,H97Y,10,18,19,10,18,19,1,3,16,1,3,16
PH0221-C,WKH,2009,C580Y,no_nea,10,18,19,10,18,19,1,3,16,1,3,16
PH0222-C,WKH,2009,R539T,no_nea,8,9,10,8,9,10,18,24,25,18,24,25
PH0224-C,WKH,2009,C580Y,no_nea,0,13,24,0,13,24,8,6,21,30,29,4
PH0225-C,WKH,2009,C580Y,no_nea,3,0,18,3,0,18,4,1,2,4,1,2
PH0227-C,WKH,2009,C580Y,no_nea,3,0,18,3,0,18,4,1,2,4,1,2
PH0228-C,WKH,2009,C580Y,no_nea,3,0,18,3,0,18,4,1,2,4,1,2
PH0229-C,WKH,2009,C580Y,no_nea,9,16,15,1,16,15,14,14,26,31,14,22
PH0232-C,WKH,2008,WT,no_nea,9,16,15,9,16,15,14,21,22,28,23,19
PH0234-C,WKH,2008,R539T,no_nea,8,9,10,8,9,10,18,24,25,18,24,25
PH0235-C,WKH,2008,WT,no_nea,9,16,15,9,16,15,27,25,26,25,6,29
PH0236-C,WKH,2008,C580Y,no_nea,12,5,12,12,5,12,16,15,14,16,15,14
PH0238-C,WKH,2010,C580Y,no_nea,3,0,18,3,0,18,4,1,2,4,1,2
PH0239-C,WKH,2010,Y493H,no_nea,9,16,13,9,16,5,27,21,22,17,21,22
PH0240-C,WKH,2010,C580Y,no_nea,9,14,15,9,14,15,25,17,9,25,26,30
PH0241-C,WKH,2010,C580Y,no_nea,12,5,12,12,5,12,16,15,14,16,15,14
PH0243-C,WKH,2010,Y493H,no_nea,2,17,20,2,17,20,25,19,22,11,26,19
PH0244-C,WKH,2010,Y493H,no_nea,9,16,15,9,16,15,27,25,26,31,19,22
PH0245-C,WKH,2010,Y493H,no_nea,2,17,20,2,17,20,14,17,15,27,21,26
PH0246-C,WKH,2010,C580Y,no_nea,9,16,15,9,16,15,14,21,22,6,10,15
PH0247-C,WKH,2010,Y493H,no_nea,2,17,20,2,17,20,25,21,9,28,21,30
PH0248-C,WKH,2010,Y493H,no_nea,9,16,15,9,16,15,14,19,26,12,6,31
PH0249-C,WKH,2010,Y493H,no_nea,2,17,20,2,17,20,14,21,26,6,17,15
PH0250-C,WKH,2010,R539T,no_nea,8,9,10,8,9,10,18,24,25,18,24,25
PH0251-C,WKH,2010,C580Y,no_nea,3,0,18,3,0,18,4,1,2,4,1,2
PH0252-C,WKH,2010,C580Y,no_nea,9,16,15,9,16,15,12,23,26,29,23,22
PH0253-C,WKH,2010,C580Y,no_nea,14,17,20,14,17,20,14,17,22,12,23,15
PH0278-CW,WKH,2010,C580Y,no_nea,17,17,20,17,17,20,27,21,27,29,27,27
PH0282-C,WKH,2010,Y493H,no_nea,21,16,18,21,16,18,27,23,15,8,14,15
PH0283-C,WKH,2010,WT,no_nea,9,16,15,9,16,15,12,10,22,12,27,26
PH0284-C,WKH,2010,C580Y,no_nea,3,0,18,3,0,18,4,1,2,4,1,2
PH0285-C,WKH,2010,C580Y,no_nea,3,0,18,3,0,18,4,1,2,4,1,2
PH0300-C,WKH,2010,C580Y,no_nea,3,0,18,3,0,18,4,1,2,4,1,2
PH0303-CW,WKH,2010,Y493H,no_nea,21,16,19,21,16,18,27,23,26,17,6,21
PH0305-C,WKH,2010,WT,no_nea,9,16,15,9,16,15,27,17,22,12,6,15
PH0306-C,WKH,2010,R539T,no_nea,8,9,10,8,9,10,18,24,25,18,24,25
PH0307-C,WKH,2010,C580Y,no_nea,3,0,18,3,0,18,27,14,9,27,25,22
PH0308-CW,WKH,2010,C580Y,no_nea,20,10,20,20,10,20,3,11,8,3,11,8
PH0321-C,WKH,2010,WT,no_nea,9,16,15,9,16,15,14,14,9,25,23,9
PH0322-C,WKH,2010,C580Y,no_nea,9,16,15,9,16,15,12,21,22,29,26,29
PH0325-C,WKH,2010,C580Y,no_nea,10,18,19,10,18,19,1,3,16,1,3,16
PH0326-C,WKH,2010,Y493H,no_nea,17,16,15,9,16,15,27,21,22,12,21,27
PH0327-C,WKH,2010,WT,no_nea,9,16,11,9,16,15,26,21,27,31,17,28
PH0329-C,WKH,2010,C580Y,no_nea,10,18,19,10,18,19,1,3,16,1,3,16
PH0335-C,WKH,2010,C580Y,no_nea,1,2,16,1,2,16,21,18,0,21,18,0
PH0337-C,WKH,2010,C580Y,no_nea,9,16,15,7,16,15,12,14,22,29,27,28
PH0338-C,WKH,2010,R539T,no_nea,8,9,10,8,9,10,18,24,25,18,24,25
PH0339-C,NEKH,2010,WT,no_nea,9,16,15,14,16,14,27,21,22,31,25,26
PH0342-C,NEKH,2010,WT,no_nea,9,8,20,9,8,20,26,14,27,25,23,21
PH0343-C,NEKH,2010,WT,no_nea,9,8,20,9,8,20,25,21,9,8,23,30
PH0344-C,NEKH,2010,WT,no_nea,9,8,20,9,8,20,27,25,27,17,6,27
PH0346-C,NEKH,2010,WT,no_nea,9,16,15,21,16,17,12,21,22,12,23,19
PH0347-C,NEKH,2010,WT,no_nea,9,16,15,17,16,15,14,21,19,29,25,9
PH0348-C,NEKH,2010,WT,no_nea,9,16,15,9,16,15,14,14,9,11,14,15
PH0349-C,NEKH,2010,WT,no_nea,9,8,20,9,8,20,27,17,9,28,28,29
PH0350-C,NEKH,2010,WT,no_nea,17,16,17,9,16,15,14,21,9,26,14,26
PH0352-C,NEKH,2010,WT,no_nea,9,16,15,9,16,15,6,14,15,26,19,15
PH0353-C,NEKH,2010,WT,no_nea,9,16,15,9,16,15,27,19,26,29,17,19
PH0354-C,NEKH,2010,WT,no_nea,9,8,20,9,8,20,14,21,22,17,19,19
PH0355-C,NEKH,2010,WT,no_nea,7,16,0,9,16,15,11,21,15,26,6,31
PH0356-C,NEKH,2010,WT,no_nea,13,16,15,9,16,15,12,25,19,8,21,15
PH0357-C,NEKH,2010,WT,no_nea,9,2,15,9,2,15,27,14,9,31,6,29
PH0358-C,NEKH,2010,WT,no_nea,9,16,15,9,16,10,26,14,26,28,23,9
PH0359-C,NEKH,2010,WT,no_nea,16,16,15,9,16,15,25,21,26,25,17,22
PH0360-C,NEKH,2010,WT,no_nea,9,16,15,9,16,15,26,21,15,27,25,22
PH0361-C,NEKH,2010,WT,no_nea,9,16,15,9,16,15,12,14,9,17,10,19
PH0362-C,NEKH,2010,WT,no_nea,9,16,15,9,16,15,27,25,26,25,27,28
PH0363-C,NEKH,2010,WT,no_nea,9,16,15,9,16,15,27,19,19,29,10,19
PH0364-C,NEKH,2010,WT,no_nea,9,16,6,9,16,15,27,19,9,31,27,21
PH0367-C,NEKH,2010,WT,no_nea,9,16,15,9,16,15,14,14,26,31,25,27
PH0370-C,NEKH,2010,WT,no_nea,9,6,15,20,6,15,27,14,22,6,23,21
PH0372-C,NEKH,2010,WT,no_nea,9,16,15,9,16,15,12,21,26,26,25,21
PH0373-C,NEKH,2010,WT,no_nea,9,16,5,9,16,16,25,21,22,17,23,19
PH0374-C,NEKH,2010,WT,no_nea,9,1,15,9,1,15,27,21,22,31,19,27
PH0375-C,NEKH,2010,WT,no_nea,9,16,15,9,16,15,25,21,22,12,19,19
PH0377-C,NEKH,2010,WT,no_nea,9,20,15,1,20,15,27,21,22,31,25,31
PH0381-C,NEKH,2010,WT,no_nea,9,16,15,9,16,10,25,21,9,25,17,30
PH0382-C,NEKH,2010,WT,no_nea,9,16,15,9,16,15,11,14,27,29,26,9
PH0387-C,WKH,2008,C580Y,no_nea,17,6,13,17,6,13,27,21,15,12,25,27
PH0389-C,WKH,2008,C580Y,no_nea,12,5,12,12,5,12,16,15,14,16,15,14
PH0390-C,WKH,2008,C580Y,missing,12,5,12,12,5,12,12,23,26,31,19,31
PH0391-C,WKH,2008,K13-other,no_nea,9,16,15,9,16,15,12,17,22,6,26,22
PH0392-C,WKH,2008,Y493H,no_nea,9,16,23,9,16,15,12,14,22,25,14,21
PH0393-C,WKH,2008,C580Y,no_nea,13,8,14,13,8,14,12,19,22,8,21,30
PH0394-C,WKH,2008,WT,missing,9,16,15,5,16,15,14,21,15,6,6,15
PH0395-C,WKH,2008,C580Y,missing,17,6,13,17,6,13,12,21,26,28,27,30
PH0396-C,WKH,2008,C580Y,no_nea,12,5,12,12,5,12,16,15,14,16,15,14
PH0398-C,WKH,2008,C580Y,no_nea,12,5,12,12,5,12,16,15,14,16,15,14
PH0400-C,WKH,2008,C580Y,no_nea,12,5,12,12,5,12,16,15,14,16,15,14
PH0403-C,WKH,2008,H719N,missing,9,16,15,9,16,15,25,21,26,25,17,19
PH0407-C,WKH,2008,C580Y,no_nea,12,5,12,12,5,12,16,15,14,16,15,14
PH0408-C,WKH,2008,WT,no_nea,9,16,15,9,16,15,27,21,22,28,21,9
PH0410-C,WKH,2008,R539T,no_nea,8,9,10,8,9,10,18,24,25,18,24,25
PH0411-C,WKH,2008,Y493H,no_nea,9,16,15,9,16,15,27,19,9,6,28,26
PH0412-C,WKH,2008,C580Y,missing,17,6,13,17,6,13,25,17,27,26,19,26
PH0416-C,WKH,2008,C580Y,no_nea,17,17,20,17,17,20,25,21,26,6,10,29
PH0418-C,WKH,2008,C580Y,no_nea,17,8,9,17,8,9,27,14,27,27,23,29
PH0421-C,WKH,2008,Y493H,no_nea,9,16,15,9,16,15,27,21,15,6,23,28
PH0422-CW,WKH,2008,C580Y,no_nea,12,5,12,12,5,12,16,15,14,16,15,14
PH0424-C,WKH,2008,C580Y,missing,12,5,12,12,5,12,16,15,14,16,15,14
PH0438-C,WKH,2008,C580Y,missing,9,16,15,9,16,15,14,14,22,14,25,22
PH0444-C,WKH,2008,Y493H,no_nea,7,16,15,9,16,15,27,19,15,11,6,21
PH0456-C,WKH,2010,Y493H,no_nea,21,16,18,21,16,19,25,25,9,29,17,31
PH0457-CW,WKH,2010,C580Y,no_nea,20,10,20,20,10,20,3,11,8,3,11,8
PH0458-CW,WKH,2010,C580Y,no_nea,3,0,18,3,0,18,4,1,2,4,1,2
PH0460-C,WKH,2010,C580Y,no_nea,3,0,18,3,0,18,4,1,2,4,1,2
PH0462-C,WKH,2010,WT,no_nea,9,16,15,9,16,15,25,21,15,11,27,31
PH0463-C,WKH,2010,C580Y,no_nea,3,0,18,3,0,18,4,1,2,4,1,2
PH0464-CW,WKH,2010,WT,no_nea,9,16,15,9,16,15,12,21,15,25,17,9
PH0466-C,WKH,2010,WT,no_nea,9,16,15,9,16,15,14,19,19,29,28,30
PH0467-CW,WKH,2010,C580Y,no_nea,17,17,20,17,17,20,14,17,22,27,23,9
PH0468-C,WKH,2010,WT,no_nea,9,16,15,9,16,15,12,21,22,11,23,26
PH0473-C,WKH,2010,WT,no_nea,9,16,10,9,16,15,25,10,19,25,21,22
PH0474-CW,WKH,2010,C580Y,no_nea,20,17,20,20,17,20,12,14,9,29,6,30
PH0476-C,WKH,2010,Y493H,no_nea,21,16,18,21,16,19,12,23,26,17,14,28
PH0479-CW,WKH,2010,C580Y,no_nea,3,0,18,3,0,18,4,1,2,4,1,2
PH0481-C,WKH,2010,C580Y,no_nea,14,17,20,14,17,20,25,21,9,25,19,9
PH0482-C,WKH,2010,C580Y,no_nea,3,0,18,3,0,18,4,1,2,4,1,2
PH0483-CW,WKH,2010,WT,no_nea,9,16,15,9,16,15,14,23,9,17,19,30
PH0484-C,WKH,2011,Y493H,no_nea,2,17,20,2,17,20,14,25,22,29,23,9
PH0485-C,WKH,2011,C580Y,no_nea,9,16,15,9,16,15,27,14,19,31,21,31
PH0486-C,WKH,2011,C580Y,no_nea,12,5,12,12,5,12,16,15,14,16,15,14
PH0487-C,WKH,2011,R539T,no_nea,9,16,15,9,16,15,12,21,22,29,25,27
PH0488-C,WKH,2011,WT,no_nea,1,16,15,9,16,20,27,14,22,31,10,15
PH0489-C,WKH,2011,WT,no_nea,9,17,15,9,17,15,27,21,26,29,10,15
PH0490-C,WKH,2011,Y493H,no_nea,21,16,18,21,16,18,14,21,15,28,10,15
PH0493-C,WKH,2010,Y493H,no_nea,21,16,19,21,16,19,12,21,22,17,19,29
PH0494-CW,WKH,2009,WT,no_nea,9,16,15,9,16,15,12,21,22,29,10,9
PH0498-C,WKH,2009,Y493H,no_nea,21,16,19,21,16,18,27,23,27,12,19,31
PH0500-CW,WKH,2009,K13-other,no_nea,9,16,22,9,16,15,14,23,26,17,28,22
PH0501-CW,WKH,2009,C580Y,no_nea,3,0,18,3,0,18,4,1,2,4,1,2
PH0502-C,NEKH,2011,WT,no_nea,9,16,15,11,16,9,12,10,9,6,27,31
PH0506-C,NEKH,2011,WT,no_nea,13,16,15,9,16,15,6,21,19,28,10,29
PH0507-C,NEKH,2011,WT,no_nea,14,16,15,9,16,15,12,14,22,12,10,28
PH0508-C,NEKH,2011,WT,no_nea,9,16,15,7,16,15,14,17,9,25,23,21
PH0513-C,NKH,2011,WT,no_nea,18,5,15,9,5,15,12,21,15,25,26,28
PH0514-C,NKH,2011,C580Y,no_nea,21,14,7,21,14,7,12,14,8,12,21,9
PH0516-C,NKH,2011,C580Y,no_nea,13,10,20,13,10,20,12,14,22,14,14,19
PH0517-C,NKH,2011,WT,no_nea,9,16,15,9,16,15,27,21,22,31,19,27
PH0518-C,NKH,2011,WT,no_nea,9,16,15,9,16,15,14,21,22,26,6,19
PH0519-C,NKH,2011,WT,no_nea,9,16,15,9,16,15,25,25,26,29,28,28
PH0520-C,NKH,2011,Y493H,no_nea,9,16,15,9,16,15,25,23,27,12,10,19
PH0521-C,NKH,2011,WT,no_nea,9,16,15,9,16,15,27,21,19,29,14,19
PH0522-C,NKH,2011,WT,missing,9,16,15,9,16,15,12,21,15,26,10,15
PH0523-C,NKH,2011,Y493H,no_nea,17,16,7,17,16,7,27,21,9,29,27,31
PH0524-C,NKH,2011,WT,no_nea,21,16,15,9,16,15,12,21,26,29,21,26
PH0525-C,NKH,2011,C580Y,no_nea,13,10,20,13,10,20,12,21,9,6,23,30
PH0526-C,WKH,2011,WT,missing,9,16,15,9,16,15,27,25,26,14,17,15
PH0527-C,WKH,2011,C580Y,no_nea,3,0,18,3,0,18,4,1,2,4,1,2
PH0528-C,WKH,2011,C580Y,no_nea,12,16,13,12,16,13,14,21,27,25,21,21
PH0529-C,WKH,2011,C580Y,no_nea,17,17,20,17,17,20,14,21,9,31,19,22
PH0530-C,WKH,2011,R539T,no_nea,8,9,10,8,9,10,18,24,25,18,24,25
PH0531-C,WKH,2011,Y493H,no_nea,9,16,15,9,16,15,6,21,26,26,19,21
PH0532-C,WKH,2011,R539T,no_nea,8,9,10,8,9,10,18,24,25,18,24,25
PH0533-C,WKH,2011,C580Y,no_nea,3,0,18,3,0,18,4,1,2,4,1,2
PH0534-C,WKH,2011,C580Y,no_nea,20,17,20,20,17,20,27,21,9,26,10,26
PH0537-C,WKH,2011,R539T,no_nea,8,9,10,8,9,10,18,24,25,18,24,25
PH0538-C,WKH,2011,C580Y,no_nea,19,3,15,9,3,15,14,21,9,6,14,30
PH0539-C,WKH,2011,C580Y,no_nea,3,0,18,3,0,18,4,1,2,4,1,2
PH0540-C,WKH,2011,C580Y,no_nea,3,0,18,3,0,18,4,1,2,4,1,2
PH0541-C,WKH,2011,C580Y,no_nea,10,18,19,10,18,19,1,3,16,1,3,16
PH0542-C,WKH,2011,WT,no_nea,9,16,15,9,16,15,6,17,22,31,14,15
PH0544-C,WKH,2011,C580Y,no_nea,17,17,20,17,17,20,12,21,22,25,19,19
PH0551-C,WKH,2011,C580Y,no_nea,10,18,19,10,18,19,1,3,16,1,3,16
PH0552-C,WKH,2011,C580Y,no_nea,3,0,18,3,0,18,4,1,2,4,1,2
PH0553-C,WKH,2011,C580Y,no_nea,12,16,13,12,16,13,27,21,27,12,17,9
PH0554-C,WKH,2011,C580Y,no_nea,12,16,13,12,16,13,12,21,15,26,23,21
PH0555-C,WKH,2011,WT,no_nea,9,16,15,9,16,15,27,21,26,31,27,15
PH0556-C,WKH,2011,C580Y,no_nea,3,0,18,3,0,18,11,17,15,14,17,31
PH0558-C,WKH,2011,C580Y,no_nea,9,16,15,9,16,15,27,21,26,31,28,30
PH0559-C,WKH,2011,C580Y,no_nea,12,16,13,12,16,13,27,21,9,26,21,31
PH0560-C,WKH,2011,C580Y,no_nea,10,18,19,10,18,19,1,3,16,1,3,16
PH0561-C,WKH,2011,C580Y,no_nea,9,16,15,9,16,15,12,21,27,26,23,29
PH0562-C,WKH,2011,C580Y,no_nea,10,18,19,10,18,19,1,3,16,1,3,16
PH0563-C,WKH,2011,C580Y,no_nea,10,18,19,10,18,19,1,3,16,1,3,16
PH0565-C,WKH,2011,C580Y,no_nea,12,5,12,12,5,12,16,15,14,16,15,14
PH0566-C,WKH,2011,C580Y,no_nea,10,18,19,10,18,19,1,3,16,1,3,16
PH0569-C,WKH,2011,WT,no_nea,9,16,7,19,16,15,14,19,22,12,23,30
PH0570-C,WKH,2011,C580Y,I218F,19,4,2,19,4,2,24,5,12,24,5,12
PH0571-C,WKH,2011,WT,no_nea,9,16,15,9,16,15,27,21,9,27,23,22
PH0576-C,WKH,2011,C580Y,no_nea,9,16,15,7,16,15,27,21,22,31,27,22
PH0578-C,WKH,2011,C580Y,no_nea,3,0,18,3,0,18,4,1,2,4,1,2
PH0579-C,WKH,2011,R539T,missing,8,9,10,8,9,10,18,24,25,18,24,25
PH0584-C,WKH,2011,C580Y,no_nea,12,5,12,12,5,12,16,15,14,16,15,14
PH0585-C,NKH,2011,WT,no_nea,2,6,15,2,6,15,12,14,9,31,14,29
PH0586-C,NKH,2011,C580Y,no_nea,13,10,20,13,10,20,14,21,15,12,6,15
PH0587-C,NKH,2011,C580Y,no_nea,13,10,20,13,10,20,27,21,22,14,27,26
PH0589-C,NKH,2011,WT,no_nea,9,11,15,9,11,15,27,21,22,29,27,15
PH0592-C,NKH,2011,WT,no_nea,9,16,15,9,16,15,6,21,22,14,26,15
PH0593-C,NKH,2011,WT,no_nea,9,16,15,9,16,15,27,14,26,6,17,30
PH0596-C,NKH,2011,C580Y,no_nea,9,16,15,9,16,15,27,17,22,17,21,30
PH0597-C,NKH,2011,WT,no_nea,15,16,15,9,16,15,27,21,9,25,14,29
PH0598-C,NKH,2011,WT,no_nea,9,16,15,9,16,8,26,21,22,14,10,27
PH0599-C,NKH,2011,WT,no_nea,9,16,15,9,16,15,12,21,22,6,27,26
PH0600-C,NKH,2011,WT,no_nea,9,16,15,9,16,15,12,10,9,6,27,15
PH0601-C,NKH,2011,WT,no_nea,2,8,15,2,8,15,11,21,27,17,14,30
PH0602-C,NKH,2011,C580Y,no_nea,21,14,7,21,14,7,12,21,8,8,6,27
PH0604-C,NKH,2011,WT,no_nea,2,6,15,2,6,15,25,21,22,29,10,27
PH0605-C,NKH,2011,WT,no_nea,9,16,15,9,16,15,27,21,22,28,21,27
PH0608-C,NKH,2011,WT,missing,13,17,7,13,17,7,25,17,15,28,21,29
PH0609-C,NKH,2011,WT,no_nea,13,17,7,13,17,7,12,25,22,25,28,29
PH0610-C,NKH,2011,WT,no_nea,9,16,15,9,16,15,12,23,26,29,14,28
PH0611-C,NKH,2011,C580Y,no_nea,13,10,20,13,10,20,12,23,27,29,14,19
PH0617-C,NEKH,2011,WT,no_nea,9,16,15,17,16,15,12,14,27,29,26,31
PH0619-C,NEKH,2011,WT,no_nea,9,16,15,17,16,15,14,21,26,12,14,22
PH0621-C,NEKH,2011,WT,no_nea,9,16,15,9,16,15,6,14,9,25,26,29
PH0623-C,NEKH,2011,WT,no_nea,9,16,15,17,16,15,25,21,26,28,28,30
PH0624-C,NEKH,2011,WT,no_nea,9,16,16,9,16,15,25,21,22,6,23,26
PH0625-C,NEKH,2011,WT,no_nea,9,16,15,9,16,15,14,21,22,12,27,28
PH0626-C,NEKH,2011,WT,no_nea,19,16,15,9,16,15,14,21,22,12,21,26
PH0630-C,NEKH,2011,WT,no_nea,9,16,15,9,16,15,27,17,9,14,10,15
PH0631-C,NEKH,2011,WT,no_nea,9,16,15,9,16,15,12,21,26,25,27,31
PH0632-C,NEKH,2011,WT,no_nea,9,16,15,2,16,0,11,21,22,25,17,19
PH0633-C,NEKH,2011,WT,no_nea,9,16,15,9,16,15,11,21,9,14,25,9
PH0636-C,NEKH,2011,WT,no_nea,9,16,15,9,16,15,14,17,9,14,25,21
PH0638-C,NEKH,2011,K13-other,no_nea,1,16,15,9,16,17,27,14,22,26,26,30
PH0639-C,NEKH,2011,WT,no_nea,9,16,15,9,16,15,26,14,4,29,23,30
PH0640-C,NEKH,2011,WT,no_nea,9,16,15,9,16,15,27,21,19,8,23,9
PH0644-C,NEKH,2011,WT,no_nea,9,16,15,9,16,15,25,17,19,14,26,27
PH0647-C,NEKH,2011,WT,no_nea,9,16,15,9,16,15,14,21,26,31,14,22
PH0650-C,NEKH,2011,WT,no_nea,2,12,10,2,12,10,14,21,26,25,26,26
PH0676-C,WKH,2011,C580Y,no_nea,9,16,15,9,16,15,27,25,22,12,6,15
PH0677-C,WKH,2011,C580Y,no_nea,20,17,20,20,17,20,27,14,9,6,10,9
PH0678-C,WKH,2011,WT,no_nea,9,16,15,9,16,15,14,21,9,31,10,30
PH0679-C,WKH,2011,WT,no_nea,9,1,15,9,1,15,25,19,19,29,17,9
PH0680-C,WKH,2011,C580Y,missing,9,16,15,9,16,15,25,21,27,31,6,22
PH0682-C,WKH,2011,C580Y,no_nea,3,0,18,3,0,18,4,1,2,4,1,2
PH0684-C,WKH,2011,C580Y,missing,19,4,2,19,4,2,24,5,12,24,5,12
PH0685-C,WKH,2011,C580Y,no_nea,17,8,9,17,8,9,27,21,9,12,14,29
PH0686-C,WKH,2011,C580Y,no_nea,1,2,16,18,2,16,21,18,0,21,18,0
PH0687-C,WKH,2011,R539T,no_nea,8,9,10,8,9,10,18,24,25,18,24,25
PH0692-C,WKH,2011,C580Y,no_nea,3,0,18,3,0,18,4,1,2,4,1,2
PH0694-C,WKH,2011,C580Y,no_nea,3,0,18,3,0,18,4,1,2,4,1,2
PH0695-C,WKH,2011,C580Y,missing,1,2,18,1,2,18,21,18,0,21,18,0
PH0696-C,WKH,2011,R539T,no_nea,8,9,10,8,9,10,18,24,25,18,24,25
PH0697-C,WKH,2011,C580Y,no_nea,9,16,15,9,16,15,12,21,26,6,27,29
PH0700-C,WKH,2011,R539T,no_nea,8,9,10,8,9,10,18,24,25,18,24,25
PH0701-C,WKH,2011,C580Y,no_nea,7,0,18,9,0,19,27,14,15,17,14,30
PH0702-C,WKH,2011,C580Y,no_nea,1,2,16,1,2,16,21,18,0,21,18,0
PH0703-C,WKH,2011,C580Y,missing,9,16,15,9,16,15,27,21,4,6,28,27
PH0706-C,WKH,2011,C580Y,missing,9,16,15,9,16,15,27,21,9,11,6,31
PH0708-C,WKH,2011,C580Y,no_nea,14,1,11,14,1,11,5,0,13,5,0,13
PH0709-C,WKH,2011,WT,no_nea,9,16,15,9,16,15,14,25,22,17,23,15
PH0712-C,WKH,2011,C580Y,no_nea,9,16,15,9,16,15,14,19,22,25,21,31
PH0716-C,WKH,2011,C580Y,I218F,19,4,2,19,4,2,24,5,12,24,5,12
PH0718-C,WKH,2011,C580Y,no_nea,20,10,20,20,10,20,3,11,8,3,11,8
PH0719-C,WKH,2011,C580Y,no_nea,12,16,13,12,16,13,12,21,15,17,6,21
PH0722-C,WKH,2011,C580Y,no_nea,12,16,13,12,16,13,27,23,22,28,17,19
PH0723-C,WKH,2011,C580Y,no_nea,3,0,18,3,0,18,4,1,2,4,1,2
PH0727-C,NKH,2011,WT,no_nea,9,16,15,9,16,15,27,21,26,17,19,31
PH0728-C,NKH,2011,C580Y,no_nea,13,10,20,13,10,20,12,25,22,29,10,21
PH0729-C,NKH,2011,WT,no_nea,13,17,7,13,17,7,14,25,15,28,23,19
PH0731-C,NKH,2011,R539T,no_nea,8,9,10,8,9,10,18,24,25,18,24,25
PH0732-C,NKH,2011,WT,no_nea,2,6,15,2,6,15,6,19,22,29,26,9
PH0737-C,NKH,2011,WT,no_nea,9,16,20,9,16,15,14,21,19,28,14,21
PH0738-C,NKH,2011,Y493H,no_nea,17,16,7,17,16,7,25,21,19,12,27,27
PH0739-C,NKH,2011,WT,no_nea,9,16,15,9,16,15,14,17,27,6,14,9
PH0742-C,NKH,2011,WT,no_nea,2,8,15,2,8,15,12,14,22,25,27,31
PH0743-C,NKH,2011,WT,no_nea,2,8,15,2,8,15,14,21,15,6,23,15
PH0745-C,NKH,2011,R539T,missing,8,9,10,8,9,10,18,24,25,18,24,25
PH0746-C,NKH,2011,WT,no_nea,9,16,15,2,16,15,14,21,22,11,25,30
PH0752-C,NKH,2011,WT,no_nea,2,6,15,2,6,15,27,19,26,14,14,21
PH0753-Cx,NKH,2011,C580Y,no_nea,21,14,7,21,14,7,11,17,8,6,19,15
PH0754-C,NKH,2011,WT,no_nea,14,16,15,9,16,15,25,21,9,25,27,9
PH0755-C,NKH,2011,C580Y,no_nea,13,10,20,13,10,20,25,21,9,27,25,19
PH0757-C,NKH,2011,C580Y,no_nea,13,10,20,13,10,20,27,14,26,14,14,27
PH0758-C,NKH,2011,WT,missing,9,16,15,9,16,15,25,21,22,17,23,15
PH0759-C,NKH,2011,WT,missing,9,16,15,9,16,15,27,21,26,26,23,27
PH0761-C,NKH,2011,WT,no_nea,9,16,15,9,16,15,11,21,9,25,26,15
PH0762-Cx,NKH,2011,WT,no_nea,9,16,15,17,16,15,25,21,17,6,21,31
PH0764-C,NEKH,2011,WT,no_nea,9,16,15,9,16,15,12,17,9,26,14,29
PH0765-C,NEKH,2011,WT,no_nea,9,16,15,9,16,15,27,21,22,6,10,29
PH0770-C,NEKH,2011,WT,missing,9,16,15,9,16,15,12,21,22,31,17,19
PH0772-C,NEKH,2011,WT,no_nea,9,3,15,7,3,15,27,14,19,25,25,29
PH0773-Cx,NEKH,2011,WT,no_nea,9,16,15,9,16,15,27,14,22,11,17,22
PH0775-Cx,NEKH,2011,WT,no_nea,5,16,15,9,16,15,12,25,4,25,21,27
PH0776-C,NEKH,2011,WT,no_nea,19,16,15,9,16,15,27,14,9,8,10,29
PH0778-C,NEKH,2011,WT,no_nea,9,8,15,9,8,15,6,19,15,26,25,27
PH0780-C,NEKH,2011,WT,no_nea,9,16,15,9,16,15,12,25,22,6,6,29
PH0783-C,NEKH,2011,WT,no_nea,9,16,15,9,16,15,25,21,26,8,26,21
PH0784-C,NEKH,2011,C580Y,no_nea,9,21,0,9,21,15,27,17,22,31,6,31
PH0785-Cx,NEKH,2011,WT,no_nea,2,12,10,2,12,10,14,21,22,14,19,27
PH0788-C,NEKH,2011,WT,no_nea,9,16,15,3,16,15,27,21,22,6,6,9
PH0789-C,NEKH,2011,WT,no_nea,9,16,15,9,16,15,25,21,22,11,19,15
PH0790-C,NEKH,2011,WT,no_nea,9,16,15,9,16,15,12,21,26,25,21,22
PH0793-C,NEKH,2011,WT,no_nea,9,16,15,9,16,15,26,21,26,11,27,22
PH0794-C,NEKH,2011,WT,no_nea,9,16,15,9,16,15,12,25,22,12,21,15
PH0795-C,NEKH,2011,WT,no_nea,2,12,10,2,12,10,27,25,26,26,14,31
PH0797-C,NEKH,2011,WT,no_nea,9,16,15,9,16,15,12,14,26,29,23,15
PH0801-C,NEKH,2011,WT,no_nea,2,12,10,2,12,10,27,14,19,26,28,30
PH0805-C,NEKH,2011,WT,missing,9,16,15,9,16,15,12,21,15,12,25,19
PH0807-C,NEKH,2011,WT,missing,9,16,15,9,16,15,14,17,19,8,25,22
PH0810-C,NEKH,2011,WT,no_nea,1,16,15,9,16,15,25,21,9,31,10,19
PH0813-C,NEKH,2011,WT,no_nea,9,16,15,6,16,17,27,19,9,31,25,22
PH0818-C,WKH,2011,C580Y,no_nea,12,5,12,12,5,12,16,15,14,16,15,14
PH0819-C,WKH,2011,C580Y,H97Y,13,8,14,13,8,14,27,10,15,6,14,29
PH0820-C,WKH,2011,C580Y,H97Y,13,8,14,13,8,14,27,21,19,26,27,30
PH0822-C,WKH,2011,C580Y,no_nea,3,0,18,3,0,18,4,1,2,4,1,2
PH0823-C,WKH,2011,C580Y,H97Y,13,8,14,13,8,14,27,21,22,6,6,27
PH0825-C,WKH,2011,C580Y,I218F,19,4,2,19,4,2,24,5,12,24,5,12
PH0826-C,WKH,2011,C580Y,no_nea,12,5,12,12,5,12,16,15,14,16,15,14
PH0828-C,WKH,2011,C580Y,H97Y,13,8,14,13,8,14,27,19,27,11,14,15
PH0829-C,WKH,2011,C580Y,I218F,19,4,2,19,4,2,24,5,12,24,5,12
PH0830-C,WKH,2011,C580Y,no_nea,10,18,19,10,18,19,1,3,16,1,3,16
PH0831-C,WKH,2011,C580Y,no_nea,12,5,12,12,5,12,16,15,14,16,15,14
PH0832-C,WKH,2011,R539T,no_nea,8,9,10,8,9,10,18,24,25,18,24,25
PH0833-C,WKH,2011,C580Y,no_nea,12,5,12,12,5,12,16,15,14,16,15,14
PH0834-C,WKH,2011,C580Y,no_nea,9,16,15,9,16,15,27,19,22,25,19,9
PH0835-C,WKH,2011,C580Y,no_nea,3,0,18,3,0,18,4,1,2,4,1,2
PH0837-C,WKH,2011,C580Y,no_nea,12,5,12,12,5,12,16,15,14,16,15,14
PH0838-C,WKH,2011,C580Y,no_nea,3,0,18,3,0,18,4,1,2,4,1,2
PH0839-C,WKH,2011,C580Y,H97Y,13,8,14,13,8,14,14,21,15,14,10,31
PH0840-C,WKH,2011,C580Y,H97Y,13,8,14,13,8,14,12,10,22,31,21,15
PH0842-C,WKH,2011,C580Y,no_nea,17,8,9,17,8,9,27,14,22,25,10,19
PH0843-C,WKH,2011,C580Y,no_nea,20,17,20,20,17,20,12,14,22,26,26,9
PH0844-C,WKH,2011,C580Y,no_nea,9,16,15,9,16,15,27,14,27,29,23,9
PH0845-C,WKH,2011,C580Y,no_nea,3,0,18,3,0,18,4,1,2,4,1,2
PH0846-C,WKH,2011,C580Y,no_nea,3,0,18,3,0,18,4,1,2,4,1,2
PH0847-C,WKH,2011,C580Y,no_nea,12,5,12,12,5,12,16,15,14,16,15,14
PH0848-C,WKH,2011,WT,no_nea,9,17,15,9,17,20,27,21,22,29,19,31
PH0850-C,WKH,2011,C580Y,no_nea,12,5,12,12,5,12,16,15,14,16,15,14
PH0851-C,WKH,2011,C580Y,no_nea,3,0,18,3,0,18,4,1,2,4,1,2
PH0852-C,WKH,2011,I543T,no_nea,11,6,7,11,6,7,23,8,11,23,8,11
PH0853-C,WKH,2011,I543T,no_nea,11,6,7,11,6,7,23,8,11,23,8,11
PH0854-C,WKH,2011,C580Y,no_nea,12,5,12,12,5,12,16,15,14,16,15,14
PH0855-C,WKH,2011,C580Y,no_nea,12,5,12,12,5,12,16,15,14,16,15,14
PH0856-C,WKH,2011,C580Y,no_nea,13,16,11,9,16,15,14,21,22,29,10,26
PH0858-C,WKH,2011,C580Y,no_nea,12,5,12,12,5,12,16,15,14,16,15,14
PH0865-C,NKH,2012,WT,no_nea,9,16,15,9,16,15,11,21,22,29,10,27
PH0866-C,NKH,2012,WT,no_nea,9,16,15,9,16,15,12,23,9,26,14,28
PH0868-Cx,NKH,2012,C580Y,I218F,19,4,2,19,4,2,24,5,12,24,5,12
PH0870-C,NKH,2012,C580Y,I218F,19,4,2,19,4,2,24,5,12,24,5,12
PH0871-C,NKH,2012,WT,no_nea,9,16,15,9,16,15,26,19,26,8,23,26
PH0872-C,NKH,2012,WT,no_nea,13,17,7,13,17,7,14,25,22,14,26,22
PH0874-Cx,NKH,2012,C580Y,I218F,19,4,2,19,4,2,24,5,12,24,5,12
PH0875-C,NKH,2012,WT,no_nea,9,16,15,9,16,0,6,21,27,12,28,19
PH0877-C,NEKH,2012,WT,no_nea,9,16,15,9,16,15,14,21,22,14,21,22
PH0878-C,NEKH,2012,WT,no_nea,9,16,15,9,16,15,25,17,15,17,23,27
PH0879-C,NEKH,2012,WT,no_nea,3,16,15,9,16,15,12,21,27,26,27,21
PH0880-C,NEKH,2012,WT,no_nea,9,16,20,9,16,15,12,21,26,12,6,27
PH0885-Cx,NEKH,2012,WT,no_nea,9,16,15,9,16,15,27,17,22,29,23,29
PH0886-C,WKH,2011,C580Y,no_nea,12,5,12,12,5,12,16,15,14,16,15,14
PH0887-C,WKH,2011,C580Y,no_nea,9,16,15,9,16,15,27,17,27,8,25,30
PH0888-C,WKH,2011,C580Y,no_nea,12,5,12,12,5,12,16,15,14,16,15,14
PH0889-C,WKH,2011,C580Y,no_nea,12,5,12,12,5,12,16,15,14,16,15,14
PH0890-C,WKH,2011,C580Y,no_nea,12,5,12,12,5,12,16,15,14,16,15,14
PH0891-Cx,WKH,2011,C580Y,no_nea,12,5,12,12,5,12,16,15,14,16,15,14
PH0894-C,WKH,2012,C580Y,no_nea,20,17,20,20,17,20,27,10,4,14,19,19
PH0895-C,WKH,2012,WT,no_nea,9,16,15,9,16,15,14,21,22,25,23,26
PH0896-C,WKH,2012,C580Y,no_nea,12,5,12,12,5,12,16,15,14,16,15,14
PH0899-C,WKH,2012,C580Y,no_nea,12,5,12,12,5,12,16,15,14,16,15,14
PH0900-C,WKH,2012,C580Y,no_nea,12,5,12,12,5,12,16,15,14,16,15,14
PH0901-C,WKH,2012,C580Y,no_nea,12,5,12,12,5,12,16,15,14,16,15,14
PH0902-C,WKH,2012,C580Y,H97Y,10,18,19,10,18,19,1,3,16,1,3,16
PH0904-C,WKH,2012,C580Y,no_nea,12,5,12,12,5,12,16,15,14,16,15,14
PH0907-C,WKH,2012,C580Y,no_nea,12,5,12,12,5,12,16,15,14,16,15,14
PH0908-C,WKH,2012,C580Y,no_nea,12,5,12,12,5,12,16,15,14,16,15,14
PH0909-C,WKH,2012,C580Y,H97Y,10,18,19,10,18,19,1,3,16,1,3,16
PH0910-C,WKH,2012,C580Y,no_nea,12,5,12,12,5,12,16,15,14,16,15,14
PH0912-C,WKH,2012,C580Y,no_nea,12,5,12,12,5,12,16,15,14,16,15,14
PH0915-C,WKH,2012,C580Y,no_nea,12,5,12,12,5,12,16,15,14,16,15,14
PH0920-Cx,WKH,2012,C580Y,no_nea,10,18,19,10,18,19,1,3,16,1,3,16
PH0923-Cx,NKH,2012,WT,missing,13,17,7,13,17,7,27,21,22,31,21,9
PH0924-C,NKH,2012,WT,no_nea,13,17,7,13,17,7,14,21,9,29,26,21
PH0925-C,NKH,2012,WT,no_nea,2,6,15,2,6,15,27,21,26,31,14,15
PH0927-C,NKH,2012,WT,no_nea,9,16,15,9,16,15,12,19,15,31,19,31
PH0928-C,NKH,2012,WT,no_nea,9,16,15,9,16,15,12,17,26,6,27,31
PH0929-C,NKH,2012,WT,no_nea,13,17,7,13,17,7,25,19,22,6,21,9
PH0931-C,NKH,2012,WT,no_nea,13,17,7,13,17,7,12,21,22,6,17,29
PH0932-C,NKH,2012,WT,no_nea,9,14,15,9,14,15,27,21,22,25,14,30
PH0933-C,NEKH,2012,WT,no_nea,9,16,15,9,16,15,27,21,9,26,17,30
PH0936-C,NEKH,2012,WT,no_nea,9,16,15,9,16,15,14,17,27,12,27,19
PH0937-C,NEKH,2012,WT,no_nea,9,16,15,9,16,15,27,21,26,28,14,26
PH0939-C,NEKH,2012,WT,no_nea,9,16,15,9,16,15,14,21,15,28,10,27
PH0942-Cx,NEKH,2012,WT,no_nea,9,16,15,9,16,15,14,21,27,29,19,28
PH0959-Cx,WKH,2012,C580Y,no_nea,9,16,15,9,16,20,27,21,15,27,17,15
PH0961-Cx,WKH,2012,C580Y,no_nea,9,16,15,9,16,15,14,10,22,25,10,31
PH0964-Cx,WKH,2012,C580Y,no_nea,9,16,15,9,16,15,27,14,26,17,26,30
PH0971-C,NEKH,2012,WT,no_nea,9,16,15,9,16,20,11,25,22,17,27,15
PH0976-C,NKH,2012,WT,no_nea,2,6,15,2,6,15,6,21,26,17,21,27
PH0979-C,NKH,2012,WT,no_nea,2,6,15,2,6,15,27,10,26,26,14,29
PH0980-C,NKH,2012,WT,no_nea,9,16,15,9,16,15,27,21,22,29,28,27
PH0981-C,NKH,2012,WT,no_nea,9,16,15,9,16,15,6,21,22,26,14,15
PH0982-C,NKH,2012,WT,no_nea,9,16,15,9,16,15,14,21,22,11,26,29
PH0983-C,NKH,2012,WT,no_nea,13,17,7,13,17,7,14,14,22,12,27,15
PH0984-C,NKH,2012,WT,no_nea,18,16,15,9,16,15,14,21,9,31,14,15
PH0985-C,NKH,2012,WT,no_nea,2,8,15,2,8,15,27,10,22,8,25,19
PH0986-C,WKH,2012,C580Y,no_nea,9,16,15,9,16,15,14,14,22,28,25,26
PH0987-C,WKH,2012,C580Y,no_nea,9,16,15,9,16,15,14,21,9,6,23,9
PH0991-C,WKH,2012,C580Y,no_nea,12,5,12,12,5,12,16,15,14,16,15,14
PH0994-C,WKH,2012,C580Y,no_nea,1,2,16,1,2,16,21,18,0,21,18,0
PH0996-C,WKH,2012,C580Y,no_nea,1,2,16,1,2,16,21,18,0,21,18,0
PH0997-C,WKH,2012,C580Y,no_nea,1,2,16,1,2,16,21,18,0,21,18,0
PH0999-C,WKH,2012,C580Y,no_nea,3,0,18,3,0,18,4,1,2,4,1,2
PH1000-C,WKH,2012,WT,no_nea,9,16,5,9,16,15,27,21,26,25,27,31
PH1001-C,WKH,2012,C580Y,no_nea,12,5,12,12,5,12,16,15,14,16,15,14
PH1002-C,WKH,2012,C580Y,no_nea,12,5,12,12,5,12,16,15,14,16,15,14
PH1003-C,WKH,2012,C580Y,no_nea,3,0,18,3,0,18,4,1,2,4,1,2
PH1015-C,WKH,2012,C580Y,I218F,19,4,2,19,4,2,24,5,12,24,5,12
PH1023-C,WKH,2012,WT,no_nea,2,16,15,3,16,15,27,21,15,31,19,22
PH1045-C,NKH,2012,WT,no_nea,9,16,15,9,16,15,27,17,27,26,6,26
PH1068-C,NEKH,2012,WT,no_nea,9,16,15,9,16,15,12,21,26,26,19,31
PH1071-C,NEKH,2012,WT,no_nea,9,17,15,10,17,15,25,17,15,26,14,19
PH1073-C,NEKH,2012,WT,no_nea,19,16,15,9,16,15,14,23,4,28,14,27
PH1085-C,WKH,2012,WT,no_nea,9,16,15,9,16,15,27,21,15,8,26,28
PH1086-C,WKH,2012,C580Y,no_nea,9,16,15,9,16,15,27,21,19,29,23,22
PH1092-C,NKH,2012,WT,no_nea,9,16,15,9,16,15,27,21,22,29,25,28
PH1097-C,NKH,2012,WT,no_nea,9,16,15,9,16,15,12,21,27,26,6,9
PH1106-C,NEKH,2012,WT,missing,9,16,15,9,16,15,6,21,9,29,14,15
PH1136-C,WKH,2011,C580Y,no_nea,12,5,12,12,5,12,16,15,14,16,15,14
PH1137-C,WKH,2011,WT,missing,9,5,15,13,5,15,27,21,26,11,14,29
PH1147-C,NKH,2013,WT,no_nea,9,16,15,9,16,15,27,21,26,26,28,26
PH1148-C,NKH,2013,C580Y,no_nea,12,5,12,12,5,12,16,15,14,16,15,14
PH1150-C,NKH,2013,WT,no_nea,13,17,7,13,17,7,27,25,22,11,21,15
PH1153-C,NKH,2013,WT,no_nea,9,16,15,9,16,15,27,21,26,31,19,15
PH1162-C,NKH,2013,C580Y,F145I,18,11,16,18,11,16,19,16,1,19,16,1
PH1164-C,NKH,2013,WT,no_nea,9,16,15,9,16,15,25,25,15,8,25,9
PH1168-C,NKH,2013,WT,no_nea,9,17,20,20,17,15,27,14,22,29,19,27
PH1169-C,NKH,2013,WT,no_nea,9,16,15,9,16,15,14,21,26,26,17,28
PH1170-C,NKH,2013,WT,no_nea,9,16,15,9,16,15,25,14,27,28,25,9
PH1175-C,NKH,2013,C580Y,no_nea,1,2,18,1,2,18,21,18,0,21,18,0
PH1183-C,WKH,2013,C580Y,H97Y,10,18,19,10,18,19,1,3,16,1,3,16
PH1187-C,WKH,2013,Y493H,no_nea,9,16,15,9,16,15,11,25,15,31,21,9
PH1190-C,WKH,2013,C580Y,no_nea,1,2,18,1,2,18,21,18,0,21,18,0
PH1200-C,WKH,2013,C580Y,no_nea,9,16,15,9,16,15,27,21,27,12,25,19
PH1201-C,WKH,2013,C580Y,no_nea,14,1,11,14,1,11,5,0,13,5,0,13
PH1203-C,WKH,2013,C580Y,H97Y,10,18,19,10,18,19,1,3,16,1,3,16
PH1216-C,WKH,2013,C580Y,H97Y,3,0,18,3,0,18,11,17,15,29,17,29
PH1217-C,WKH,2013,C580Y,missing,16,3,13,9,3,15,25,14,22,6,23,27
PH1229-C,WKH,2013,C580Y,T93S,15,21,17,15,21,17,20,7,23,20,7,23
PH1236-C,WKH,2013,Y493H,no_nea,9,16,15,9,16,15,27,21,22,14,6,15
PH1252-C,WKH,2013,H719N,no_nea,9,16,15,9,16,15,27,21,26,14,19,31
PH1253-C,WKH,2013,Y493H,no_nea,9,2,15,9,2,15,27,19,9,6,26,15
PH1297-C,NEKH,2013,WT,no_nea,8,16,17,9,16,15,27,21,26,6,14,30
PH1310-C,NEKH,2013,WT,no_nea,9,16,15,9,16,15,14,19,19,28,26,29
PH1313-C,NEKH,2013,C580Y,H97Y,10,18,19,10,18,19,1,3,16,1,3,16
PH1317-C,NEKH,2013,WT,no_nea,9,16,15,9,16,15,27,19,22,17,26,21
PH1318-C,NEKH,2013,WT,no_nea,9,17,15,9,17,15,27,14,22,29,23,15
PH1319-C,NEKH,2013,WT,no_nea,9,16,15,9,16,15,27,21,27,28,23,30
PH1357-C,WKH,2012,C580Y,no_nea,9,16,15,9,16,15,27,21,27,6,27,29
PH1358-C,WKH,2012,C580Y,no_nea,10,18,19,10,18,19,1,3,16,1,3,16
PH1360-C,WKH,2012,C580Y,no_nea,10,11,24,3,11,0,27,17,15,6,19,9
PH1373-C,WKH,2013,C580Y,no_nea,9,16,15,9,16,15,12,14,22,12,25,22
PH1379-C,WKH,2013,C580Y,no_nea,14,1,11,14,1,11,5,0,13,5,0,13
PH1387-C,NKH,2012,C580Y,H97Y,10,18,19,10,18,19,1,3,16,1,3,16
PH1708-C,WKH,2016,C580Y,no_nea,9,16,15,9,16,15,12,21,22,28,27,26
PH1713-C,WKH,2016,C580Y,no_nea,13,16,15,9,16,15,12,17,27,31,17,26
PH1714-C,WKH,2016,C580Y,no_nea,4,7,21,4,7,21,7,2,24,7,2,24
PH1716-C,WKH,2016,C580Y,no_nea,14,1,11,14,1,11,5,0,13,5,0,13
PH1718-C,WKH,2016,C580Y,no_nea,1,2,16,1,2,18,21,18,0,21,18,0
PH1720-C,WKH,2016,C580Y,T93S,15,21,17,15,21,17,20,7,23,20,7,23
PH1721-C,WKH,2016,C580Y,no_nea,9,1,8,9,1,8,22,0,17,22,0,17
PH1723-C,WKH,2016,C580Y,no_nea,9,1,8,9,1,8,22,0,17,22,0,17
PH1730-C,NKH,2016,C580Y,het,15,21,17,15,21,17,20,7,23,20,7,23
PH1731-C,NKH,2016,C580Y,T93S,4,7,21,4,7,21,7,2,24,7,2,24
PH1732-C,NKH,2016,C580Y,T93S,15,21,17,15,21,17,20,7,23,20,7,23
PH1737-C,WKH,2016,WT,H97Y,2,5,15,2,5,15,25,21,22,17,27,19
PH1741-C,WKH,2016,C580Y,I218F,6,19,23,6,19,23,15,20,10,15,20,10
PH1742-C,WKH,2016,C580Y,H97Y,11,5,15,11,5,15,27,21,22,28,14,15
PH1743-C,WKH,2016,C580Y,H97Y,9,16,15,9,16,15,27,21,4,31,19,31
PH1745-C,WKH,2016,WT,no_nea,9,16,15,8,16,15,12,21,22,12,26,30
PH1747-C,WKH,2016,C580Y,no_nea,10,18,19,10,18,19,1,3,16,1,3,16
PH1748-C,WKH,2016,C580Y,het,1,2,18,1,2,18,21,18,0,21,18,0
PH1749-C,WKH,2016,C580Y,H97Y,9,14,15,9,14,15,27,14,22,17,23,31
PH1750-C,WKH,2016,C580Y,H97Y,9,16,15,12,16,15,12,19,26,29,10,15
PH1751-C,WKH,2016,C580Y,no_nea,9,16,15,9,16,15,12,25,22,12,10,27
PH1752-C,WKH,2016,C580Y,no_nea,16,16,15,9,16,16,12,21,9,14,26,21
PH1755-C,WKH,2015,C580Y,no_nea,1,2,16,1,2,16,21,18,0,21,18,0
PH1756-C,WKH,2015,C580Y,no_nea,1,2,16,1,2,16,21,18,0,21,18,0
PH1757-C,WKH,2015,C580Y,I218F,19,4,2,19,4,2,15,20,10,15,20,10
PH1759-C,WKH,2015,C580Y,H97Y,10,18,19,10,18,19,1,3,16,1,3,16
PH1763-C,WKH,2015,C580Y,T93S,15,21,17,15,21,17,20,7,23,20,7,23
PH1764-C,WKH,2015,C580Y,no_nea,1,2,16,1,2,16,21,18,0,21,18,0
PH1765-C,WKH,2015,C580Y,no_nea,1,2,16,1,2,16,21,18,0,21,18,0
PH1767-C,WKH,2015,C580Y,no_nea,14,1,11,14,1,11,5,0,13,5,0,13
PH1768-C,WKH,2015,C580Y,no_nea,1,2,18,1,2,18,21,18,0,21,18,0
PH1769-C,WKH,2015,C580Y,T93S,16,3,1,16,3,1,10,13,6,10,13,6
PH1770-C,WKH,2016,C580Y,T93S,15,21,17,15,21,17,20,7,23,20,7,23
PV0002-C,VN,2009,P553L,no_nea,9,11,15,13,11,15,27,21,22,8,21,30
PV0004-C,VN,2009,WT,no_nea,9,16,15,9,16,15,27,14,26,31,25,26
PV0006-C,VN,2009,WT,no_nea,9,16,15,9,16,15,27,14,26,31,26,28
PV0014-C,VN,2009,WT,missing,9,16,15,15,16,15,27,21,26,31,17,27
PV0018-C,VN,2009,WT,no_nea,13,12,20,13,12,20,12,21,15,26,17,15
PV0020-C,VN,2009,WT,missing,9,16,15,9,16,15,12,14,15,6,26,30
PV0028-C,VN,2010,C580Y,no_nea,1,16,15,9,16,15,12,21,22,29,17,30
PV0031-C,VN,2009,K13-other,no_nea,9,20,15,9,20,15,14,25,15,6,6,15
PV0035-C,VN,2010,WT,no_nea,9,2,15,9,2,15,12,19,27,25,17,19
PV0039-C,VN,2010,P553L,no_nea,9,16,15,9,16,15,27,14,15,29,27,27
PV0041-C,VN,2009,WT,no_nea,9,16,15,9,16,15,25,21,22,31,14,15
PV0046-C,VN,2009,WT,no_nea,9,16,20,9,16,15,25,21,26,31,14,15
PV0048-C,VN,2010,WT,no_nea,9,16,15,9,16,13,12,17,27,6,27,19
PV0080-C,VN,2010,WT,no_nea,9,16,15,9,16,15,27,21,22,11,19,29
PV0081-C,VN,2010,C580Y,no_nea,21,14,7,21,14,7,12,10,8,6,21,19
PV0082-C,VN,2010,WT,no_nea,9,16,15,9,16,15,12,21,27,6,17,26
PV0083-C,VN,2010,P553L,no_nea,9,16,15,1,16,15,27,21,9,6,6,15
PV0084-C,VN,2010,WT,no_nea,2,16,15,9,16,15,27,21,27,12,19,19
PV0085-C,VN,2010,V568G,no_nea,9,16,15,9,16,15,25,21,22,27,23,29
PV0088-C,VN,2010,K13-other,no_nea,9,16,15,9,16,15,27,14,19,31,25,15
PV0089-C,VN,2010,WT,no_nea,9,16,15,9,16,15,6,21,26,6,14,28
PV0091-C,VN,2010,I543T,no_nea,11,6,7,11,6,7,23,8,11,23,8,11
PV0092-C,VN,2010,WT,no_nea,9,16,15,9,16,15,27,21,15,28,27,28
PV0094-C,VN,2010,WT,no_nea,9,16,15,9,16,15,27,21,22,31,17,19
PV0097-C,VN,2010,WT,no_nea,2,8,13,2,8,13,27,17,9,27,6,22
PV0098-C,VN,2010,WT,no_nea,2,8,13,2,8,13,14,21,26,12,17,19
PV0099-C,VN,2010,WT,no_nea,9,16,15,9,16,17,12,23,15,14,19,31
PV0101-C,VN,2010,V568G,no_nea,9,16,15,9,16,15,25,21,26,31,17,27
PV0102-C,VN,2010,P553L,no_nea,9,16,9,9,16,15,12,21,22,31,23,30
PV0112-C,VN,2010,WT,no_nea,2,8,13,2,8,13,11,21,22,25,26,21
PV0114-C,VN,2010,D353Y,no_nea,9,8,9,9,8,9,27,25,22,14,23,31
PV0116-C,VN,2010,D353Y,no_nea,9,8,9,9,8,9,27,21,22,17,17,30
PV0117-C,VN,2010,WT,no_nea,9,16,15,9,16,15,12,17,19,31,6,22
PV0118-C,VN,2010,D353Y,no_nea,9,8,9,9,8,9,14,23,22,17,26,31
PV0120-C,VN,2010,WT,no_nea,9,16,15,9,16,15,14,21,26,12,25,15
PV0122-C,VN,2010,I543T,missing,11,6,7,11,6,7,23,8,11,23,8,11
PV0124-C,VN,2010,D353Y,no_nea,9,8,9,9,8,9,12,19,22,17,27,31
PV0125-C,VN,2010,I543T,no_nea,11,6,7,11,6,7,23,8,11,23,8,11
PV0126-C,VN,2010,WT,no_nea,9,16,15,7,16,15,27,19,15,27,23,27
PV0128-C,VN,2010,P553L,no_nea,9,16,15,9,16,15,14,21,22,12,21,15
PV0129-C,VN,2010,WT,no_nea,9,16,15,9,16,15,11,21,22,8,17,9
PV0130-C,VN,2010,I543T,no_nea,11,6,7,11,6,7,23,8,11,23,8,11
PV0134-C,VN,2010,WT,no_nea,9,16,15,2,16,15,11,21,22,6,27,26
PV0135-C,VN,2010,WT,no_nea,1,16,15,9,16,15,12,14,22,17,14,26
PV0137-C,VN,2010,V568G,no_nea,9,16,15,9,16,15,25,17,22,26,25,22
PV0139-C,VN,2010,WT,no_nea,9,16,15,9,16,15,27,14,9,14,25,26
PV0140-C,VN,2010,I543T,no_nea,11,6,7,11,6,7,23,8,11,23,8,11
PV0142-C,VN,2010,WT,no_nea,2,8,13,2,8,13,14,10,26,25,19,31
PV0144-C,VN,2010,P553L,no_nea,9,16,15,9,16,15,27,14,26,29,6,21
PV0147-C,VN,2010,WT,no_nea,9,16,15,9,16,15,27,23,27,31,6,28
PV0151-C,VN,2010,I543T,no_nea,11,6,7,11,6,7,23,8,11,23,8,11
PV0153-C,VN,2010,WT,no_nea,9,16,15,9,16,15,27,21,26,27,21,26
PV0158-C,VN,2010,I543T,no_nea,11,6,7,11,6,7,23,8,11,23,8,11
PV0161-C,VN,2010,WT,no_nea,9,16,13,9,16,15,14,14,22,25,27,29
PV0169-C,VN,2010,WT,no_nea,9,16,15,9,16,15,14,21,15,6,25,30
PV0180-C,VN,2011,I543T,no_nea,11,6,7,11,6,7,23,8,11,23,8,11
PV0182-C,VN,2011,WT,no_nea,9,16,15,7,16,15,27,19,9,6,10,29
PV0185-C,VN,2011,I543T,no_nea,11,6,7,11,6,7,23,8,11,23,8,11
PV0186-C,VN,2011,P553L,no_nea,9,16,15,9,16,15,27,25,22,31,26,26
PV0187-C,VN,2011,WT,no_nea,9,16,15,9,16,15,27,21,15,29,19,9
PV0189-C,VN,2011,WT,no_nea,9,16,15,8,16,15,14,21,22,8,17,29
PV0193-C,VN,2011,I543T,no_nea,11,6,7,11,6,7,23,8,11,23,8,11
PV0195-C,VN,2011,C580Y,no_nea,17,8,9,17,8,9,11,21,26,29,27,9
PV0197-C,VN,2011,WT,no_nea,9,16,15,9,16,15,27,17,26,8,14,27
PV0202-C,VN,2011,WT,no_nea,9,16,15,9,16,15,27,21,22,8,19,28
PV0211-C,VN,2011,WT,no_nea,9,16,15,9,16,15,27,14,27,27,21,30
PV0216-C,VN,2011,WT,missing,9,16,15,9,16,15,12,14,15,6,23,27
PV0218-C,VN,2011,I543T,no_nea,11,6,7,11,6,7,23,8,11,23,8,11
PV0219-C,VN,2011,WT,no_nea,9,16,15,9,16,15,14,10,22,26,27,22
PV0220-C,VN,2011,I543T,no_nea,11,6,7,11,6,7,23,8,11,23,8,11
PV0221-C,VN,2011,WT,no_nea,9,16,0,9,16,15,25,21,15,14,25,21
PV0223-C,VN,2011,I543T,no_nea,11,6,7,11,6,7,23,8,11,23,8,11
PV0227-C,VN,2011,P553L,no_nea,9,16,15,9,16,15,27,23,22,11,6,28
PV0230-C,VN,2011,WT,no_nea,9,16,15,9,16,15,27,21,9,29,17,22
PV0234-C,VN,2011,WT,no_nea,9,16,15,9,16,15,25,14,26,12,26,29
PV0235-C,VN,2011,WT,no_nea,9,16,15,9,16,15,12,21,22,31,6,22
PV0236-C,VN,2011,WT,no_nea,9,16,15,9,16,15,14,19,26,12,26,9
PV0237-C,VN,2011,P553L,no_nea,9,16,22,9,16,15,25,21,22,31,6,21
PV0239-C,VN,2011,WT,no_nea,9,12,13,9,12,13,27,14,15,6,17,27
PV0240-C,VN,2011,WT,no_nea,9,16,15,9,16,15,26,21,27,14,6,30
PV0241-C,VN,2011,WT,no_nea,9,16,15,9,16,15,27,21,22,6,21,30
PV0243-Cx2,VN,2011,V568G,no_nea,17,16,15,9,16,15,25,14,19,31,23,29
PV0245-Cx2,VN,2011,WT,no_nea,9,16,15,9,16,15,27,21,22,28,27,15
PV0246-C,VN,2011,C580Y,no_nea,9,16,15,9,16,15,12,21,15,29,25,9
PV0247-Cx2,VN,2011,WT,no_nea,9,16,15,13,16,15,26,21,9,6,23,26
PV0249-Cx,VN,2011,WT,no_nea,13,12,20,13,12,20,27,21,22,26,6,27
PV0251-C,VN,2011,Y493H,no_nea,9,16,15,9,16,15,14,17,26,31,25,15
PV0254-C,VN,2011,WT,no_nea,9,16,15,9,16,15,27,25,22,29,25,22
PV0259-C,VN,2011,C580Y,no_nea,21,14,7,21,14,7,26,14,8,6,23,9
PV0261-C,VN,2011,WT,no_nea,9,16,15,9,16,15,27,21,26,31,19,26
PV0262-C,VN,2011,I543T,no_nea,11,6,7,11,6,7,23,8,11,23,8,11
PV0267-C,VN,2011,Y493H,no_nea,9,16,15,9,16,15,25,21,22,8,28,9
PV0269-C,VN,2011,Y493H,no_nea,9,16,15,9,16,15,27,21,15,14,14,28
PV0270-C,VN,2011,WT,no_nea,13,12,20,13,12,20,27,21,22,12,26,21
PV0272-C,VN,2011,WT,no_nea,13,12,20,13,12,20,14,21,15,14,23,21
PV0274-C,VN,2011,WT,no_nea,9,6,15,9,6,15,14,25,26,31,6,26
PV0277-C,VN,2011,R539T,no_nea,9,16,15,9,16,15,27,14,22,25,17,9
PV0278-C,VN,2011,R539T,no_nea,9,16,15,9,16,15,27,17,15,29,6,29
PV0279-C,VN,2011,WT,no_nea,9,12,13,9,12,13,27,14,9,26,21,31
PV0280-C,VN,2011,WT,no_nea,13,12,20,13,12,20,12,14,19,26,27,31
PV0282-C,VN,2011,WT,no_nea,9,16,15,9,16,20,6,21,19,29,10,15
PV0283-C,VN,2011,I543T,no_nea,11,6,7,11,6,7,23,8,11,23,8,11
PV0284-C,VN,2011,WT,no_nea,9,16,12,9,16,15,27,14,22,14,19,31
PV0285-C,VN,2011,R539T,no_nea,9,16,15,9,16,15,27,21,22,17,17,15
PV0286-C,VN,2011,R539T,no_nea,9,16,15,9,16,15,25,21,19,17,17,29
PV0287-C,VN,2011,WT,no_nea,13,16,15,9,16,15,12,14,27,31,14,21
PV0288-C,VN,2011,C580Y,no_nea,21,14,7,21,14,7,27,19,8,29,19,27
PV0289-C,VN,2011,WT,no_nea,17,12,14,17,12,14,27,21,26,29,19,19
PV0292-C,VN,2011,I543T,no_nea,11,6,7,11,6,7,23,8,11,23,8,11
PV0296-C,VN,2011,WT,no_nea,9,16,15,9,16,15,12,19,15,29,17,9
PV0297-C,VN,2011,WT,no_nea,9,8,15,9,8,15,27,14,15,11,21,27
PV0298-C,VN,2011,WT,no_nea,9,16,15,9,16,15,6,10,4,17,6,27
PV0299-C,VN,2011,I543T,no_nea,11,6,7,11,6,7,23,8,11,23,8,11
PV0300-C,VN,2011,I543T,no_nea,11,6,7,11,6,7,23,8,11,23,8,11
PV0301-C,VN,2011,WT,no_nea,9,16,15,9,16,15,14,14,26,31,6,26
PV0302-C,VN,2011,WT,no_nea,9,16,15,9,16,15,14,21,26,31,17,27
PV0304-C,VN,2011,WT,no_nea,9,16,15,9,16,15,6,14,26,31,27,9
PV0305-C,VN,2011,WT,no_nea,9,16,0,9,16,15,12,21,19,25,19,27
PV0306-C,VN,2011,C580Y,no_nea,9,16,15,9,16,15,25,17,15,29,6,31
PV0308-Cx,VN,2011,WT,no_nea,9,16,15,9,16,15,25,17,22,31,26,15
PV0309-C,VN,2011,WT,no_nea,9,16,15,9,16,15,27,19,26,6,17,19
PV0310-C,VN,2011,WT,no_nea,9,16,15,18,16,15,12,21,27,31,14,26
PV0311-C,VN,2012,WT,no_nea,9,7,15,9,7,1,6,21,15,12,28,15
PV0312-C,VN,2012,I543T,no_nea,11,6,7,11,6,7,23,8,11,23,8,11
PV0313-C,VN,2012,WT,no_nea,9,16,15,9,16,15,12,21,15,25,21,9
PV0314-C,VN,2012,WT,no_nea,17,12,14,17,12,14,12,21,27,11,21,22
PV0315-Cx,VN,2012,WT,no_nea,17,12,14,17,12,14,14,25,9,26,21,30
PV0317-C,VN,2012,WT,no_nea,9,16,15,9,16,15,25,21,4,29,27,29
PV0318-C,VN,2012,I543T,no_nea,11,6,7,11,6,7,23,8,11,23,8,11
PV0319-C,VN,2012,WT,no_nea,9,16,15,9,16,15,14,17,22,26,6,15
PV0320-C,VN,2012,I543T,no_nea,11,6,7,11,6,7,23,8,11,23,8,11
PV0321-C,VN,2012,K13-other,no_nea,9,16,15,9,16,15,14,14,22,31,23,29
PV0322-C,VN,2012,I543T,no_nea,11,6,7,11,6,7,23,8,11,23,8,11
PV0324-C,VN,2012,I543T,no_nea,11,6,7,11,6,7,23,8,11,23,8,11
PV0325-C,VN,2012,WT,no_nea,9,12,13,9,12,13,27,21,15,29,14,31
PV0326-C,VN,2012,WT,no_nea,17,12,14,17,12,14,14,17,22,8,6,9
PV0328-C,VN,2012,WT,no_nea,9,12,13,9,12,13,14,19,26,17,17,19
PV0329-C,VN,2012,WT,no_nea,9,16,15,9,16,15,25,17,22,29,6,19
PV0330-C,VN,2012,WT,no_nea,9,16,15,9,16,15,14,21,22,6,6,26
PV0331-Cx,VN,2012,WT,no_nea,17,12,14,17,12,14,12,14,26,29,23,21
PV0333-C,VN,2012,C580Y,no_nea,9,16,15,9,16,5,27,17,22,31,14,30
PV0340-C,VN,2011,Y493H,no_nea,9,16,15,9,16,15,12,14,22,29,21,30
PV0343-C,VN,2011,C580Y,no_nea,9,16,15,9,16,15,12,14,9,17,25,29
PV0345-C,VN,2011,R539T,no_nea,9,16,15,9,16,15,14,14,15,27,17,31
PV0347-C,VN,2011,WT,no_nea,9,16,15,1,16,15,14,19,22,11,6,27
PV0355-C,VN,2012,I543T,no_nea,11,6,7,11,6,7,23,8,11,23,8,11
PV0360-C,VN,2016,WT,no_nea,9,16,15,9,16,15,27,21,22,8,14,31
PV0361-C,VN,2016,C580Y,F145I,18,11,16,18,11,16,19,16,1,19,16,1
PV0363-C,VN,2016,C580Y,T93S,16,3,1,16,3,1,10,13,6,10,13,6
PV0364-C,VN,2016,C580Y,T93S,16,3,1,16,3,1,10,13,6,10,13,6
PV0365-C,VN,2016,C580Y,T93S,16,3,1,16,3,1,10,13,6,10,13,6
PV0366-C,VN,2016,C580Y,T93S,16,3,1,16,3,1,10,13,6,10,13,6
PV0368-C,VN,2016,C580Y,T93S,15,21,17,15,21,17,20,7,23,20,7,23
PV0369-C,VN,2016,WT,no_nea,9,16,15,9,16,15,12,14,9,31,26,22
PV0370-C,VN,2016,C580Y,T93S,16,3,1,16,3,1,10,13,6,10,13,6
PV0371-C,VN,2016,C580Y,I218F,19,4,17,19,4,3,5,25,5,11,28,5
PV0372-C,VN,2016,C580Y,T93S,16,3,1,16,3,1,10,13,6,10,13,6
PV0373-C,VN,2016,C580Y,I218F,16,3,1,16,3,1,10,13,6,10,13,6
PV0375-C,VN,2016,C580Y,I218F,19,4,2,19,4,2,24,5,12,24,5,12
PV0376-C,VN,2016,C580Y,I218F,19,4,2,19,4,2,24,5,12,24,5,12
PV0377-C,VN,2016,C580Y,I218F,19,4,2,19,4,2,24,5,12,24,5,12
PV0378-C,VN,2016,C580Y,I218F,19,4,2,19,4,2,24,5,12,24,5,12
PV0379-C,VN,2016,C580Y,I218F,19,4,2,19,4,2,24,5,12,24,5,12
PV0381-C,VN,2016,C580Y,T93S,16,3,1,16,3,1,10,13,6,10,13,6
PV0382-C,VN,2016,C580Y,F145I,18,11,16,18,11,16,19,16,1,19,16,1
PV0383-C,VN,2016,C580Y,F145I,18,11,16,18,11,16,19,16,1,19,16,1
PV0384-C,VN,2016,C580Y,T93S,16,3,1,16,3,1,10,13,6,10,13,6
PV0385-C,VN,2016,C580Y,I218F,5,14,4,5,14,4,9,12,3,9,12,3
PV0386-C,VN,2016,C580Y,T93S,16,3,1,16,3,1,10,13,6,10,13,6
PV0387-C,VN,2016,WT,no_nea,9,16,15,9,16,15,6,25,9,28,28,30
PV0388-C,VN,2016,C580Y,I218F,16,3,1,16,3,1,10,13,6,10,13,6
PV0393-C,VN,2016,C580Y,I218F,16,3,1,16,3,1,10,13,6,10,13,6
PV0395-C,VN,2016,C580Y,I218F,5,14,4,5,14,4,9,12,3,9,12,3
PV0396-C,VN,2016,C580Y,T93S,16,3,1,16,3,1,10,13,6,10,13,6
PV0397-C,VN,2016,C580Y,no_nea,9,16,15,9,16,18,6,21,27,31,6,9
PV0398-C,VN,2016,C580Y,I218F,18,11,16,18,11,16,21,18,0,21,16,0
PV0400-C,VN,2016,C580Y,no_nea,20,10,20,20,10,20,3,11,8,3,11,8
PV0402-C,VN,2016,C580Y,T93S,16,3,1,16,3,1,10,13,6,10,13,6
QE0347-C,LA,2010,WT,no_nea,9,16,15,9,16,23,6,14,22,31,17,30
QE0348-C,LA,2010,WT,no_nea,9,16,15,9,16,15,27,21,9,27,17,9
QE0350-C,LA,2010,WT,no_nea,20,16,15,9,16,15,27,14,22,6,27,31
QE0352-C,LA,2010,WT,no_nea,9,16,15,9,16,15,12,21,22,31,19,9
QE0356-C,LA,2010,WT,no_nea,9,16,15,9,16,11,12,21,22,8,27,26
QE0360-C,LA,2010,WT,no_nea,9,16,15,10,16,15,12,21,22,14,26,27
QE0361-C,LA,2010,WT,no_nea,9,16,23,15,16,1,6,21,22,27,25,30
QE0363-C,LA,2010,WT,no_nea,9,16,15,9,16,15,14,21,27,31,21,26
QE0364-C,LA,2010,WT,no_nea,18,12,15,9,12,15,12,21,26,29,27,9
QE0365-C,LA,2010,WT,no_nea,9,16,15,9,16,15,14,21,15,8,6,26
QE0367-C,LA,2010,WT,no_nea,9,16,12,9,16,15,27,21,22,31,10,9
QE0368-C,LA,2010,WT,no_nea,9,16,15,9,16,15,14,19,26,11,6,28
QE0369-C,LA,2010,WT,no_nea,9,16,15,9,16,15,27,17,9,14,21,15
QE0370-C,LA,2010,WT,no_nea,9,16,15,8,16,7,14,10,26,12,28,9
QE0371-C,LA,2010,WT,no_nea,9,16,15,9,16,15,12,21,22,27,6,30
QE0372-C,LA,2010,WT,no_nea,9,16,15,9,16,15,14,21,19,29,10,31
QE0373-C,LA,2010,WT,no_nea,9,16,1,9,16,15,12,21,27,29,17,21
QE0374-C,LA,2010,WT,no_nea,9,16,15,16,16,1,14,21,27,31,6,9
QE0375-C,LA,2010,WT,no_nea,15,16,15,9,16,15,27,21,22,29,25,30
QE0376-C,LA,2010,WT,no_nea,9,16,15,9,16,19,12,14,22,11,25,30
QE0379-C,LA,2010,WT,no_nea,7,8,15,9,8,15,27,21,22,29,26,21
QE0381-C,LA,2010,WT,no_nea,9,16,15,9,16,15,27,14,22,31,26,21
QE0382-C,LA,2010,WT,no_nea,9,16,15,9,16,15,6,14,26,17,10,15
QE0383-C,LA,2010,WT,no_nea,9,16,20,9,16,15,27,21,27,31,17,29
QE0384-C,LA,2010,WT,no_nea,12,16,15,9,16,15,12,14,26,17,26,22
QE0386-C,LA,2010,WT,no_nea,9,2,15,9,2,15,14,21,9,17,14,22
QE0387-C,LA,2010,WT,no_nea,9,16,15,9,16,15,12,21,22,28,25,27
QE0388-C,LA,2010,WT,no_nea,9,16,15,9,16,15,14,21,22,31,10,26
QE0391-C,LA,2010,WT,no_nea,9,16,15,7,16,15,27,23,15,29,23,9
QE0393-Cx,LA,2011,WT,no_nea,9,16,7,9,16,0,6,21,22,25,6,29
QE0395-C,LA,2011,WT,no_nea,9,16,15,9,16,15,27,21,22,11,26,26
QE0397-C,LA,2011,WT,no_nea,9,10,15,9,10,15,11,25,9,17,17,15
QE0398-C,LA,2011,WT,no_nea,9,16,15,9,16,15,27,23,9,14,19,28
QE0400-C,LA,2011,WT,no_nea,9,16,15,9,16,15,14,21,22,12,14,26
QE0401-C,LA,2011,WT,no_nea,19,16,15,9,16,15,27,21,26,31,25,21
QE0403-Cx,LA,2011,WT,no_nea,9,16,15,9,16,15,14,21,9,31,14,29
QE0404-C,LA,2011,WT,no_nea,3,16,15,9,16,15,27,21,26,25,10,30
QE0405-Cx,LA,2011,WT,no_nea,9,16,15,9,16,15,12,21,22,11,10,28
QE0414-C,LA,2011,WT,no_nea,9,16,15,9,16,15,12,21,22,25,10,30
QE0415-C,LA,2011,WT,no_nea,9,16,15,9,16,15,12,21,15,11,19,31
QE0418-C,LA,2011,WT,no_nea,9,6,15,16,6,15,25,14,27,29,17,15
QE0419-C,LA,2011,WT,no_nea,15,16,15,9,16,22,27,21,27,8,19,9
QE0426-C,LA,2011,WT,no_nea,9,16,15,9,16,15,27,14,26,29,23,26
QE0430-C,LA,2011,WT,no_nea,9,16,15,9,16,10,27,21,22,25,23,26
QE0431-C,LA,2011,WT,no_nea,9,16,10,1,16,15,14,25,19,6,21,9
QE0432-C,LA,2011,WT,no_nea,9,10,13,9,10,13,26,14,22,17,17,27
QE0433-C,LA,2011,WT,no_nea,9,16,15,9,16,15,27,23,15,17,23,19
QE0434-C,LA,2011,WT,no_nea,9,16,15,9,16,8,6,10,22,17,6,26
QE0436-C,LA,2011,WT,no_nea,9,10,13,9,10,13,12,19,27,8,23,15
QE0437-C,LA,2011,WT,no_nea,9,17,15,9,17,15,6,21,22,26,23,19
QE0438-C,LA,2011,WT,no_nea,9,16,15,9,16,13,27,10,19,29,27,29
QE0440-C,LA,2011,WT,no_nea,9,16,15,9,16,15,26,21,19,14,23,15
QE0443-C,LA,2011,WT,no_nea,9,16,15,9,16,15,27,17,22,17,17,22
QE0444-C,LA,2011,WT,no_nea,9,0,15,9,0,15,14,19,22,8,25,29
QE0447-C,LA,2011,WT,no_nea,7,8,15,19,8,15,11,14,15,12,6,26
QE0448-C,LA,2011,WT,no_nea,9,16,15,9,16,15,12,21,27,29,27,27
QE0449-C,LA,2011,WT,no_nea,9,16,15,9,16,15,26,21,22,31,26,31
QE0451-C,LA,2012,WT,no_nea,9,16,15,9,16,15,12,14,15,12,25,30
QE0452-C,LA,2012,WT,no_nea,9,16,15,9,16,15,6,14,9,6,6,9
QE0454-C,LA,2012,WT,no_nea,20,16,7,9,16,15,14,10,26,25,23,27
QE0455-C,LA,2012,WT,no_nea,17,16,15,9,16,15,25,17,15,29,17,27
QE0456-C,LA,2012,R539T,no_nea,15,16,15,9,16,15,14,21,22,12,26,19
QE0457-C,LA,2012,WT,no_nea,9,16,15,9,16,0,25,21,15,17,19,19
QE0458-C,LA,2012,WT,no_nea,9,10,13,9,10,13,27,21,26,6,27,31
QE0459-C,LA,2012,WT,no_nea,9,16,15,9,16,15,12,21,27,11,27,31
QE0460-C,LA,2012,WT,no_nea,9,10,13,9,10,13,27,21,9,17,6,15
QE0461-C,LA,2012,WT,no_nea,9,16,15,14,16,15,27,19,22,14,23,26
QE0463-C,LA,2012,WT,no_nea,9,10,13,9,10,13,27,10,27,29,23,26
QE0464-C,LA,2012,WT,no_nea,9,8,15,9,8,20,25,17,22,6,27,26
QE0465-C,LA,2012,WT,no_nea,9,17,15,9,17,15,25,14,9,6,23,27
QE0468-C,LA,2012,WT,no_nea,9,16,15,9,16,15,14,21,22,25,28,22
QE0471-C,LA,2012,WT,no_nea,9,16,15,9,16,15,27,17,26,12,19,29
QE0474-C,LA,2012,WT,no_nea,9,4,15,9,4,15,12,14,26,26,6,26
QE0475-C,LA,2012,WT,no_nea,9,1,6,9,1,15,12,21,19,31,19,27
QE0476-C,LA,2012,WT,no_nea,9,16,15,9,16,15,27,17,22,6,25,19
QE0478-C,LA,2011,WT,no_nea,9,16,15,9,16,15,25,19,4,11,25,29
QE0484-C,LA,2015,C580Y,no_nea,9,16,15,9,16,15,12,17,26,29,23,30
QE0485-C,LA,2015,WT,no_nea,9,16,15,9,16,15,25,17,22,29,6,26
QE0486-C,LA,2015,Y493H,no_nea,17,16,7,17,16,7,12,21,22,27,10,29
QE0487-C,LA,2015,C580Y,no_nea,9,16,15,9,16,15,12,17,26,29,10,9
QE0488-C,LA,2015,Y493H,no_nea,17,16,7,17,16,7,27,17,26,31,25,28
QE0489-C,LA,2015,WT,no_nea,6,16,15,9,16,15,14,21,9,29,23,22
QE0490-C,LA,2015,Y493H,no_nea,17,16,7,17,16,7,27,21,9,17,6,9
RCN07825,WKH,2016,WT,H97Y,9,4,20,9,4,15,14,17,26,25,21,26
RCN07826,WKH,2016,C580Y,no_nea,14,1,11,14,1,11,5,0,13,5,0,13
RCN07827,WKH,2016,C580Y,het,9,16,15,9,16,15,12,21,22,29,21,15
RCN07828,WKH,2016,C580Y,H97Y,14,1,11,14,1,11,5,0,13,5,0,13
RCN07829,NKH,2016,C580Y,T93S,12,5,12,12,5,12,16,15,14,16,15,14
RCN07830,NKH,2016,C580Y,T93S,12,5,12,12,5,12,16,15,14,16,15,14
RCN07836,NEKH,2016,C580Y,no_nea,14,1,11,14,1,11,5,0,13,5,0,13
RCN07837,NEKH,2016,C580Y,F145I,18,11,16,18,11,16,19,16,1,19,16,1
RCN07838,NEKH,2016,C580Y,no_nea,14,1,11,14,1,11,5,0,13,5,0,13
RCN07839,NEKH,2016,C580Y,no_nea,14,1,11,14,1,11,5,0,13,5,0,13
RCN07842,NEKH,2016,C580Y,no_nea,14,1,11,14,1,11,5,0,13,5,0,13
RCN07845,NEKH,2016,C580Y,no_nea,14,1,11,14,1,11,5,0,13,5,0,13
RCN07848,NEKH,2016,C580Y,no_nea,14,1,11,14,1,11,5,0,13,5,0,13
RCN07851,NEKH,2016,WT,no_nea,9,17,15,1,17,15,12,21,26,14,10,22
RCN07852,NEKH,2016,C580Y,no_nea,14,1,11,14,1,11,5,0,13,5,0,13
RCN07853,NEKH,2016,C580Y,no_nea,14,1,11,14,1,11,5,0,13,5,0,13
RCN07854,NEKH,2016,C580Y,no_nea,14,1,11,14,1,11,5,0,13,5,0,13
RCN07856,NEKH,2016,C580Y,F145I,18,11,16,18,11,16,19,16,1,19,16,1
RCN07858,NEKH,2016,C580Y,no_nea,14,1,11,14,1,11,5,0,13,5,0,13
RCN07859,NEKH,2016,C580Y,no_nea,14,1,11,14,1,11,5,0,13,5,0,13
RCN07862,NEKH,2016,C580Y,no_nea,14,1,11,14,1,11,5,0,13,5,0,13
RCN07863,NEKH,2016,C580Y,no_nea,14,1,11,14,1,11,5,0,13,5,0,13
RCN08101,VN,2016,C580Y,T93S,15,21,17,15,21,17,20,7,23,20,7,23
RCN08103,VN,2016,C580Y,T93S,16,3,1,16,3,1,10,13,6,10,13,6
RCN08105,VN,2016,C580Y,F145I,18,11,16,18,11,16,19,16,1,19,16,1
RCN08106,VN,2016,C580Y,T93S,15,21,17,15,21,17,20,7,23,20,7,23
RCN08107,VN,2016,C580Y,T93S,15,21,17,15,21,17,20,7,23,20,7,23
RCN08112,VN,2016,C580Y,het,6,19,23,6,19,23,15,20,10,15,20,10
RCN08113,VN,2016,C580Y,F145I,18,11,16,18,11,16,19,16,1,19,16,1
RCN08114,VN,2016,C580Y,T93S,15,21,17,15,21,17,20,7,23,20,7,23
RCN08115,VN,2016,WT,no_nea,9,16,22,9,16,15,12,14,26,31,26,30
RCN08116,VN,2016,C580Y,T93S,15,21,17,15,21,17,20,7,23,20,7,23
RCN08117,VN,2016,C580Y,T93S,15,21,17,15,21,17,20,7,23,20,7,23
RCN08118,VN,2016,C580Y,T93S,16,3,1,16,3,1,10,13,6,10,13,6
RCN08119,VN,2016,C580Y,no_nea,20,10,20,20,10,20,3,11,8,3,11,8
RCN08120,VN,2016,C580Y,T93S,15,21,17,15,21,17,20,7,23,20,7,23
RCN08121,VN,2016,C580Y,I218F,16,3,1,16,3,1,10,13,6,10,13,6
RCN08122,VN,2016,C580Y,F145I,18,11,16,18,11,16,19,16,1,19,16,1
RCN08124,VN,2017,C580Y,F145I,18,11,16,18,11,16,21,18,0,21,18,0
RCN08126,VN,2017,C580Y,T93S,9,16,15,9,16,15,6,21,27,6,19,31
RCN08127,VN,2017,C580Y,no_nea,9,16,15,9,16,15,14,21,22,6,21,28
RCN08128,VN,2017,C580Y,T93S,16,3,1,16,3,1,10,13,6,10,13,6
RCN08129,VN,2017,C580Y,T93S,15,21,17,15,21,17,20,7,23,20,7,23
RCN08130,VN,2017,C580Y,F145I,18,11,16,18,11,16,19,16,1,19,16,1
RCN08131,VN,2017,C580Y,F145I,18,11,16,18,11,16,19,16,1,19,16,1
RCN08132,VN,2017,C580Y,I218F,19,4,2,19,4,2,24,5,12,24,5,12
RCN08135,VN,2017,C580Y,T93S,15,21,17,15,21,17,20,7,23,20,7,23
RCN08136,VN,2017,C580Y,no_nea,12,5,12,12,5,12,16,15,14,16,15,14
RCN08138,VN,2017,C580Y,I218F,19,4,2,19,4,2,24,5,12,24,5,12
RCN08139,VN,2017,C580Y,F145I,18,11,16,18,11,16,19,16,1,19,16,1
RCN08140,VN,2017,C580Y,F145I,7,20,5,7,20,5,13,9,18,13,9,18
RCN08141,VN,2017,C580Y,T93S,15,21,17,15,21,17,20,7,23,20,7,23
RCN08143,VN,2017,C580Y,T93S,15,21,17,15,21,17,20,7,23,20,7,23
RCN08144,VN,2017,C580Y,T93S,15,21,17,15,21,17,20,7,23,20,7,23
RCN08145,VN,2017,C580Y,F145I,18,11,16,18,11,16,19,16,1,19,16,1
RCN08147,VN,2017,C580Y,T93S,15,21,17,15,21,17,20,7,23,20,7,23
RCN08148,VN,2017,C580Y,T93S,15,21,17,15,21,17,20,7,23,20,7,23
RCN08232,WKH,2016,C580Y,F145I,18,11,16,18,11,16,19,16,1,19,16,1
RCN08389,LA,2016,WT,no_nea,9,16,15,9,16,15,12,21,22,27,23,27
RCN08390,LA,2016,WT,no_nea,9,16,15,3,16,15,14,21,9,31,23,31
RCN08392,LA,2016,WT,no_nea,9,16,15,9,16,15,12,21,27,17,26,30
RCN08393,ETH,2017,C580Y,F145I,18,11,16,18,11,16,19,16,1,19,16,1
RCN08807,VN,2017,C580Y,T93S,15,21,17,15,21,17,20,7,23,20,7,23
RCN08809,VN,2017,-,T93S,13,12,14,13,12,14,2,4,7,2,4,7
RCN08810,VN,2017,C580Y,I218F,12,5,12,12,5,12,16,15,14,16,15,14
RCN08811,VN,2017,WT,noCRT,9,16,15,9,16,15,14,21,9,11,26,30
RCN08812,VN,2017,C580Y,T93S,2,8,6,2,8,6,2,22,17,2,22,17
RCN08813,VN,2017,C580Y,T93S,13,12,14,13,12,14,2,4,7,2,4,7
RCN08814,VN,2017,C580Y,T93S,13,12,14,13,12,14,2,4,7,2,4,7
RCN08815,VN,2017,C580Y,noCRT,21,14,7,21,14,7,27,14,8,29,26,15
RCN08816,VN,2017,C580Y,T93S,15,21,17,15,21,17,20,7,23,20,7,23
RCN08817,VN,2017,C580Y,T93S,15,21,17,15,21,17,20,7,23,20,7,23
RCN08818,VN,2017,C580Y,T93S,15,21,17,15,21,17,20,7,23,20,7,23
RCN08819,VN,2017,C580Y,T93S,15,21,17,15,21,17,20,7,23,20,7,23
RCN08820,VN,2017,C580Y,T93S,15,21,17,15,21,17,20,7,23,20,7,23
RCN08821,VN,2017,WT,noCRT,9,16,15,9,16,15,6,21,15,31,23,28
RCN08822,VN,2017,WT,noCRT,9,16,15,9,16,15,14,19,15,12,19,27
RCN08824,VN,2017,-,noCRT,9,16,15,9,16,15,25,25,9,14,6,31
RCN08825,VN,2017,Het,noCRT,2,5,9,2,5,9,27,21,22,27,28,19
RCN08827,VN,2017,P553L,noCRT,2,5,9,2,5,9,14,14,22,6,17,21
RCN08828,VN,2017,WT,noCRT,9,16,15,9,16,15,27,17,22,14,6,15
RCN08829,VN,2017,P553L,noCRT,2,5,9,2,5,9,11,17,27,29,27,27
RCN08830,VN,2017,WT,noCRT,9,16,15,9,16,15,25,14,15,17,25,27
RCN08831,VN,2017,WT,noCRT,9,16,15,9,16,15,14,19,19,6,19,15
RCN08833,VN,2017,WT,noCRT,9,17,15,9,17,13,12,21,15,6,23,22
RCN08834,VN,2017,WT,noCRT,9,16,6,8,16,15,14,14,26,29,6,22
RCN08878,VN,2017,WT,noCRT,9,16,15,9,16,15,11,14,15,31,19,9
RCN08881,VN,2017,-,noCRT,13,12,9,13,12,9,27,17,15,6,26,19
RCN08882,VN,2017,-,F145I,18,11,16,18,11,16,19,16,1,19,16,1
RCN08883,VN,2017,WT,noCRT,9,16,15,9,16,15,25,19,22,12,6,21
RCN08884,VN,2017,WT,noCRT,9,16,15,9,16,15,25,21,22,29,6,9
RCN08887,VN,2017,-,noCRT,13,12,9,13,12,9,27,21,26,12,25,21
RCN08888,VN,2017,Het,noCRT,9,16,15,9,16,15,25,21,22,26,19,19
RCN08889,VN,2017,WT,noCRT,9,16,15,9,16,15,12,25,9,14,17,27
RCN08890,VN,2017,-,noCRT,9,16,15,9,16,15,14,14,22,31,6,29
RCN08891,VN,2017,WT,noCRT,9,16,15,9,16,15,12,19,19,17,10,28
RCN08892,VN,2017,-,noCRT,9,16,15,9,16,15,12,23,27,29,21,9
RCN08922,LA,2017,WT,noCRT,20,6,14,20,6,14,12,21,9,12,23,19
RCN08923,LA,2017,WT,noCRT,9,19,15,9,19,15,12,10,27,17,17,29
RCN08925,LA,2017,WT,noCRT,21,10,22,21,10,22,22,4,7,22,4,7
RCN08926,LA,2017,C580Y,T93S,4,7,21,4,7,21,0,2,24,0,2,24
RCN08927,LA,2017,WT,noCRT,21,10,22,21,10,22,22,4,7,22,4,7
RCN08929,LA,2017,C580Y,T93S,5,14,4,5,14,4,9,12,3,9,12,3
RCN08930,LA,2017,WT,noCRT,21,10,22,21,10,22,22,4,7,22,4,7
RCN08931,LA,2017,C580Y,T93S,16,3,1,16,3,1,10,13,6,10,13,6
RCN08933,LA,2017,WT,noCRT,21,10,22,21,10,22,22,4,7,22,4,7
RCN08934,LA,2017,WT,noCRT,2,16,7,2,16,7,25,14,15,12,6,21
RCN08935,LA,2017,WT,noCRT,21,10,22,21,10,22,22,4,7,22,4,7
RCN08936,LA,2017,WT,noCRT,21,10,22,21,10,22,22,4,7,22,4,7
RCN08937,LA,2017,WT,noCRT,20,6,14,20,6,14,14,14,22,12,14,26
RCN08938,LA,2017,WT,noCRT,9,16,15,9,16,15,27,19,22,29,6,28
RCN08939,LA,2017,WT,noCRT,20,6,14,20,6,14,12,21,26,6,21,30
RCN08941,LA,2017,WT,noCRT,20,6,14,20,6,14,27,14,9,27,23,27
RCN08942,LA,2017,C580Y,F145I,18,11,16,18,11,16,19,16,1,19,16,1
RCN08943,LA,2017,WT,noCRT,20,6,14,20,6,14,26,14,22,29,6,22
RCN08945,LA,2017,WT,noCRT,20,6,14,20,6,14,26,14,22,31,19,15
RCN08946,LA,2017,WT,noCRT,9,16,15,9,16,15,27,21,22,6,10,19
RCN08947,LA,2017,WT,noCRT,21,10,22,21,10,22,22,4,7,22,4,7
RCN08949,LA,2017,WT,noCRT,2,16,7,2,16,7,14,21,26,31,14,30
RCN08950,LA,2017,WT,noCRT,21,10,22,21,10,22,22,4,7,22,4,7
RCN08951,LA,2017,WT,noCRT,21,10,22,21,10,22,22,4,7,22,4,7
RCN08952,LA,2017,WT,noCRT,21,10,22,21,10,22,22,4,7,22,4,7
RCN08953,LA,2017,WT,noCRT,21,10,22,21,10,22,22,4,7,22,4,7
RCN08954,LA,2017,WT,noCRT,2,16,7,2,16,7,11,21,27,8,17,28
RCN08957,LA,2017,WT,noCRT,20,6,14,20,6,14,27,14,15,6,17,26
RCN08958,LA,2017,C580Y,I218F,19,4,2,19,4,2,24,5,12,24,5,12
RCN08959,LA,2017,C580Y,F145I,18,11,16,18,11,16,19,16,1,19,16,1
RCN08960,LA,2017,C580Y,I218F,5,14,4,5,14,4,9,12,3,9,12,3
RCN08961,LA,2017,C580Y,noCRT,9,16,12,9,16,15,12,19,22,28,27,15
RCN08962,LA,2017,WT,noCRT,9,16,15,9,16,15,27,17,26,6,28,31
RCN08963,LA,2017,C580Y,het,18,11,16,18,11,16,19,16,1,19,16,1
RCN08966,LA,2017,C580Y,F145I,18,11,16,18,11,16,19,16,1,19,16,1
RCN08971,LA,2017,C580Y,F145I,18,11,16,18,11,16,19,16,1,19,16,1
RCN08973,LA,2017,WT,noCRT,2,16,7,2,16,7,25,21,9,26,10,19
RCN08974,LA,2017,WT,noCRT,2,16,7,2,16,7,12,21,22,28,27,26
RCN08975,LA,2017,C580Y,F145I,9,16,15,9,16,15,12,21,15,31,6,22
RCN08976,LA,2017,C580Y,T93S,4,21,21,7,21,21,6,25,4,17,10,27
RCN08977,LA,2017,C580Y,I218F,19,4,2,19,4,2,24,5,12,24,5,12
RCN08978,LA,2017,WT,noCRT,2,16,7,2,16,7,14,21,26,6,10,27
RCN08979,LA,2017,WT,noCRT,2,16,7,2,16,7,25,14,22,11,10,15
RCN08981,LA,2017,R539T,noCRT,8,9,10,8,9,10,18,24,25,18,24,25
RCN08982,LA,2017,R539T,noCRT,8,9,10,8,9,10,18,24,25,18,24,25
RCN08984,LA,2017,C580Y,noCRT,8,16,13,8,16,13,12,25,22,28,19,19
RCN08985,LA,2017,C580Y,I218F,5,14,4,5,14,4,9,12,3,9,12,3
RCN08987,LA,2017,C580Y,I218F,5,14,4,5,14,4,9,12,3,9,12,3
RCN08989,LA,2017,C580Y,het,9,16,15,9,16,15,27,21,26,12,10,15
RCN08990,LA,2017,C580Y,het,19,4,2,19,4,2,24,5,12,24,5,12
RCN08991,LA,2017,C580Y,T93S,4,7,21,4,7,21,0,2,24,0,2,24
RCN08992,LA,2017,Het,het,7,20,5,7,20,5,13,9,18,13,9,18
RCN08993,LA,2017,C580Y,het,15,21,17,15,21,17,20,7,23,20,7,23
RCN08994,LA,2017,C580Y,F145I,18,11,16,18,11,16,19,16,1,19,16,1
RCN08995,LA,2017,C580Y,noCRT,7,20,5,7,20,5,13,9,18,13,9,18
RCN08998,LA,2017,C580Y,F145I,18,11,16,18,11,16,19,16,1,19,16,1
RCN08999,LA,2017,C580Y,het,18,11,16,18,11,16,21,18,0,21,18,0
RCN09000,LA,2017,C580Y,T93S,4,7,21,4,7,21,0,2,24,0,2,24
RCN09001,LA,2017,C580Y,het,9,16,15,9,16,15,27,21,4,25,19,30
RCN09002,LA,2017,C580Y,T93S,4,7,21,4,7,21,0,2,24,0,2,24
RCN09003,LA,2017,C580Y,T93S,9,10,0,9,10,22,25,21,22,31,6,19
RCN09006,LA,2017,C580Y,het,18,11,16,18,11,16,19,16,1,19,16,1
RCN09007,LA,2017,C580Y,het,18,11,16,18,11,16,19,16,1,19,16,1
RCN09010,LA,2017,Het,het,1,2,18,1,2,18,21,18,0,21,18,0
RCN09011,LA,2017,C580Y,I218F,19,4,2,19,4,2,24,5,12,24,5,12
RCN09012,LA,2017,C580Y,I218F,19,4,2,19,4,2,24,5,12,24,5,12
RCN09014,LA,2017,WT,noCRT,2,16,7,2,16,7,14,21,26,17,19,15
RCN09016,LA,2017,C580Y,I218F,5,14,4,5,14,4,9,12,3,9,12,3
RCN09018,LA,2017,C580Y,I218F,5,14,4,5,14,4,9,12,3,9,12,3
RCN09019,LA,2017,C580Y,I218F,5,14,4,5,14,4,9,12,3,9,12,3
RCN09020,LA,2017,C580Y,I218F,19,4,2,19,4,2,24,5,12,24,5,12
RCN09021,LA,2017,C580Y,I218F,5,14,4,5,14,4,9,12,3,9,12,3
RCN09022,LA,2017,C580Y,het,7,20,0,7,20,0,13,9,18,13,9,18
RCN09023,LA,2017,C580Y,I218F,19,4,2,19,4,2,24,5,12,24,5,12
RCN09024,LA,2017,C580Y,F145I,18,11,16,18,11,16,19,16,1,19,16,1
RCN09025,LA,2017,C580Y,I218F,5,14,4,5,14,4,9,12,3,9,12,3
RCN09027,LA,2017,C580Y,noCRT,20,10,20,20,10,20,3,11,8,3,11,8
RCN09029,LA,2017,WT,noCRT,9,16,15,9,16,15,27,21,26,6,21,30
RCN09031,LA,2017,WT,noCRT,9,16,15,9,16,15,12,17,27,12,28,29
RCN09032,LA,2017,WT,noCRT,9,16,15,9,16,15,27,21,15,26,26,19
RCN09033,LA,2017,WT,noCRT,9,16,15,7,16,15,27,17,15,6,17,31
RCN09034,LA,2017,C580Y,noCRT,5,14,4,5,14,4,9,12,3,9,12,3
RCN09035,LA,2017,WT,noCRT,20,1,22,20,1,22,3,22,20,3,22,20
RCN09036,LA,2017,WT,noCRT,20,1,22,20,1,22,3,22,20,3,22,20
RCN09037,LA,2017,C580Y,noCRT,20,10,20,20,10,20,3,11,8,3,11,8
RCN09038,LA,2017,K13-other,noCRT,9,16,15,9,16,15,12,21,15,14,19,30
RCN09039,LA,2017,K13-other,noCRT,9,16,15,9,16,15,27,25,26,6,28,19
RCN09040,LA,2017,C580Y,noCRT,20,10,20,20,10,20,3,11,8,3,11,8
RCN09041,LA,2017,WT,noCRT,9,16,15,9,16,15,12,21,22,29,6,15
RCN09042,LA,2017,WT,noCRT,2,8,8,2,8,8,12,21,9,8,19,29
RCN09043,LA,2017,WT,noCRT,2,8,8,2,8,8,14,21,22,12,25,15
RCN09044,LA,2017,WT,noCRT,9,16,15,9,16,15,11,21,15,8,25,27
RCN09045,LA,2017,Het,noCRT,20,1,22,20,1,22,3,22,20,3,22,20
RCN09046,LA,2017,C580Y,noCRT,20,10,20,20,10,20,3,11,8,3,11,8
RCN09047,LA,2017,WT,noCRT,9,16,15,9,16,8,27,17,27,29,6,29
RCN09048,LA,2017,WT,noCRT,9,16,15,9,16,15,14,21,27,29,26,21
RCN09049,LA,2017,WT,noCRT,9,16,15,9,16,15,12,21,9,14,19,19
RCN09050,LA,2017,WT,noCRT,9,16,15,9,16,15,14,14,27,31,23,26
RCN09052,LA,2017,WT,H97L,9,16,15,9,16,15,27,17,26,31,27,27
RCN09053,LA,2017,C580Y,H97L,9,16,15,9,16,15,25,17,26,6,19,27
RCN09054,LA,2017,C580Y,H97L,20,10,20,20,10,20,3,11,8,3,11,8
RCN09055,LA,2017,C580Y,noCRT,20,10,20,20,10,20,3,11,8,3,11,8
RCN09056,LA,2017,C580Y,H97L,9,16,15,9,16,15,12,21,22,6,6,31
RCN09057,LA,2017,C580Y,H97L,9,16,15,9,16,15,27,10,4,31,6,30
RCN09058,LA,2017,C580Y,noCRT,20,10,20,20,10,20,3,11,8,3,11,8
RCN09059,LA,2017,C580Y,noCRT,20,10,20,20,10,20,3,11,8,3,11,8
RCN09060,LA,2017,C580Y,noCRT,20,10,20,20,10,20,3,11,8,3,11,8
RCN09061,LA,2017,WT,H97L,9,16,15,9,16,15,27,14,15,26,27,29
RCN09062,LA,2017,C580Y,noCRT,20,10,20,20,10,20,3,11,8,3,11,8
RCN09063,LA,2017,WT,noCRT,2,8,8,2,8,8,6,19,15,12,6,15
RCN09064,LA,2017,WT,noCRT,9,16,15,9,16,15,11,25,15,12,14,21
RCN09065,LA,2017,WT,noCRT,9,16,15,9,16,15,27,21,22,17,26,27
RCN09066,LA,2017,WT,noCRT,9,8,22,9,8,22,25,21,27,6,17,30
RCN09069,LA,2017,WT,noCRT,9,16,15,9,16,15,12,17,9,12,26,29
RCN09070,LA,2017,WT,noCRT,9,8,22,9,8,22,14,17,22,31,23,29
RCN09071,LA,2017,WT,noCRT,9,16,15,9,16,15,27,21,22,31,27,19
RCN09072,LA,2017,WT,noCRT,9,8,15,9,8,6,26,25,19,14,23,9
RCN09073,LA,2017,WT,noCRT,9,16,15,9,16,15,6,17,9,29,27,15
RCN09074,LA,2017,WT,noCRT,2,8,8,2,8,8,25,14,27,17,10,9
RCN09075,LA,2017,WT,noCRT,9,8,22,9,8,22,27,14,22,11,10,27
RCN09076,LA,2017,WT,noCRT,9,16,15,9,16,15,11,14,9,6,26,9
RCN09077,LA,2017,WT,noCRT,2,16,15,9,16,15,14,21,9,8,6,27
RCN09079,LA,2017,WT,noCRT,9,8,22,9,8,22,27,14,26,29,27,27
RCN09080,LA,2017,WT,noCRT,9,16,15,9,16,15,27,23,22,31,21,15
RCN09081,LA,2017,WT,noCRT,9,16,15,9,16,15,14,19,26,28,14,22
RCN09082,LA,2017,WT,noCRT,9,16,15,9,16,15,12,17,9,12,28,26
RCN09083,LA,2017,WT,noCRT,9,16,15,9,16,15,14,21,22,29,25,19
RCN09084,LA,2017,WT,noCRT,7,20,16,7,20,15,14,14,22,6,14,9
RCN09088,LA,2017,WT,noCRT,9,16,15,9,16,15,25,21,22,29,6,30
RCN09093,LA,2017,WT,noCRT,9,16,15,9,16,15,11,21,27,31,6,9
RCN09095,LA,2017,WT,noCRT,9,16,15,9,16,15,27,21,22,14,21,21
RCN09096,LA,2017,WT,noCRT,9,16,15,9,16,15,14,21,22,11,17,26
RCN09098,LA,2017,WT,noCRT,9,16,15,9,16,15,25,21,27,6,27,9
RCN09103,LA,2017,WT,noCRT,9,16,15,9,16,15,27,17,19,29,6,15
RCN09105,LA,2017,WT,noCRT,2,16,20,2,16,20,25,21,22,31,10,30
RCN09106,LA,2017,WT,noCRT,9,16,11,9,16,1,14,17,26,14,19,26
RCN09110,LA,2017,WT,noCRT,11,16,15,9,16,15,14,14,26,8,17,26
RCN09111,LA,2017,WT,noCRT,7,16,15,9,16,18,27,25,27,29,23,15
RCN09112,LA,2017,WT,noCRT,9,16,15,9,16,15,27,21,22,6,14,30
RCN09113,LA,2017,WT,noCRT,20,1,22,20,1,22,3,22,20,3,22,20
RCN09114,LA,2017,WT,noCRT,9,16,15,9,16,15,25,21,19,26,25,31
RCN09115,LA,2017,WT,noCRT,20,1,22,20,1,22,3,22,20,3,22,20
RCN09116,LA,2017,WT,noCRT,20,1,22,20,1,22,3,22,20,3,22,20
RCN09117,LA,2017,WT,noCRT,9,16,15,9,16,15,27,19,22,8,26,21
RCN09118,LA,2017,WT,noCRT,2,16,20,2,16,20,27,21,22,26,25,15
RCN09119,LA,2017,WT,noCRT,9,16,15,9,16,15,27,21,22,12,14,15
RCN09120,LA,2017,WT,noCRT,9,16,15,9,16,21,12,21,22,25,6,27
RCN09121,LA,2017,WT,noCRT,20,1,22,20,1,22,3,22,20,3,22,20
RCN09122,LA,2017,WT,noCRT,9,16,15,9,16,15,14,21,22,6,27,15
RCN09126,LA,2017,WT,noCRT,20,1,22,20,1,22,3,22,20,3,22,20
RCN09127,LA,2017,WT,noCRT,9,16,15,9,16,15,27,21,22,29,27,9
RCN09128,LA,2017,WT,noCRT,9,16,15,9,16,15,14,14,26,31,25,27
RCN09129,LA,2017,WT,noCRT,9,16,15,9,16,15,14,17,22,26,6,30
RCN09130,LA,2017,Het,noCRT,20,10,20,20,10,20,3,11,8,3,11,8
RCN09131,LA,2017,WT,noCRT,3,16,15,9,16,15,25,21,9,14,21,26
RCN09132,LA,2017,WT,noCRT,9,8,22,9,8,22,14,21,15,26,26,31
RCN09133,LA,2017,WT,noCRT,9,8,22,9,8,22,12,17,22,26,17,28
RCN09134,LA,2017,C580Y,noCRT,20,10,20,20,10,20,3,11,8,3,11,8
RCN09135,LA,2017,C580Y,H97L,9,16,15,9,16,15,25,23,4,29,26,27
RCN09136,LA,2017,C580Y,H97L,9,16,15,9,16,15,27,21,9,17,19,31
RCN09137,LA,2017,WT,noCRT,2,16,20,2,16,20,14,21,26,6,21,22
RCN09138,LA,2017,WT,noCRT,9,16,15,9,16,15,14,21,27,25,27,9
RCN09139,LA,2017,WT,noCRT,9,16,15,9,16,15,12,14,19,28,19,19
RCN09140,LA,2017,WT,noCRT,2,16,20,2,16,20,14,14,26,26,17,19
RCN09141,LA,2017,WT,noCRT,9,16,15,9,16,15,14,25,22,25,19,30
RCN09143,LA,2017,WT,noCRT,9,16,15,9,16,15,6,21,26,31,27,21
RCN09144,LA,2017,WT,noCRT,9,16,15,9,16,15,14,21,22,14,25,29
RCN09145,LA,2017,WT,noCRT,9,16,15,9,16,15,12,21,22,26,6,29
RCN09146,LA,2017,WT,noCRT,2,16,20,2,16,20,12,21,15,17,27,27
RCN09147,LA,2017,WT,noCRT,18,16,15,9,16,0,12,25,15,31,19,29
RCN09148,LA,2017,WT,noCRT,2,16,20,2,16,20,14,14,26,29,26,27
RCN09149,LA,2017,WT,noCRT,1,16,15,9,16,15,27,10,19,8,6,30
RCN09150,LA,2017,WT,noCRT,9,16,15,9,16,15,27,25,9,27,23,27
RCN09151,LA,2017,WT,noCRT,20,1,22,20,1,22,3,22,20,3,22,20
RCN09155,LA,2017,WT,noCRT,9,16,15,9,16,15,14,21,27,28,27,19
RCN09156,LA,2017,WT,noCRT,20,1,22,20,1,22,3,22,20,3,22,20
RCN09157,LA,2017,WT,noCRT,9,8,15,9,8,15,25,21,15,31,19,30
RCN09158,LA,2017,WT,noCRT,20,1,22,20,1,22,3,22,20,3,22,20
RCN09159,LA,2017,WT,noCRT,20,1,22,20,1,22,3,22,20,3,22,20
RCN09160,LA,2017,WT,noCRT,20,1,22,20,1,22,3,22,20,3,22,20
RCN09161,LA,2017,WT,noCRT,9,16,15,9,16,15,27,21,9,6,6,21
RCN09162,LA,2017,WT,noCRT,20,1,22,20,1,22,3,22,20,3,22,20
RCN09163,LA,2017,WT,noCRT,20,1,22,20,1,22,3,22,20,3,22,20
RCN09164,LA,2017,WT,noCRT,20,1,22,20,1,22,3,22,20,3,22,20
RCN09165,LA,2017,WT,noCRT,9,16,15,9,16,15,14,21,22,11,19,9
RCN09166,LA,2017,WT,noCRT,9,16,15,9,16,15,14,21,26,31,27,9
RCN09167,LA,2017,WT,noCRT,9,16,15,9,16,2,25,21,27,14,10,29
RCN09168,LA,2017,C580Y,het,18,11,16,18,11,16,19,16,1,19,16,1
RCN09170,LA,2017,WT,noCRT,9,8,15,9,8,15,14,14,26,31,25,30
RCN09220,VN,2017,WT,noCRT,9,16,15,9,16,15,14,23,26,31,19,21
RCN09225,VN,2017,P553L,missing,2,5,9,2,5,9,14,25,22,31,23,15
RCN09226,VN,2017,P553L,missing,2,5,9,2,5,9,27,14,26,28,17,28
RCN09229,VN,2017,P553L,noCRT,2,5,9,2,5,9,25,21,26,29,21,27
RCN09230,VN,2017,P553L,noCRT,2,5,9,2,5,9,12,21,26,6,6,30
RCN09234,VN,2017,C580Y,noCRT,8,16,13,8,16,13,25,21,27,29,17,27
RCN09235,VN,2017,C580Y,T93S,7,20,0,7,20,0,13,9,18,13,9,18
RCN09236,VN,2017,C580Y,T93S,15,21,17,15,21,17,20,7,23,20,7,23
RCN09238,VN,2017,C580Y,T93S,5,14,4,5,14,4,9,12,3,9,12,3
RCN09239,VN,2017,WT,noCRT,20,6,14,20,6,14,27,21,22,31,27,26
RCN09240,VN,2017,C580Y,T93S,15,21,17,15,21,17,20,7,23,20,7,23
RCN09241,VN,2017,C580Y,T93S,7,20,0,7,20,0,13,9,18,13,9,18
RCN09245,VN,2017,C580Y,T93S,15,21,17,15,21,17,20,7,23,20,7,23
RCN09250,VN,2017,C580Y,het,19,4,2,19,4,2,24,5,12,24,5,12
RCN09251,VN,2017,C580Y,T93S,19,4,2,19,4,2,24,5,12,24,5,12
RCN09254,VN,2017,C580Y,H97Y,13,12,14,13,12,14,2,4,7,2,4,7
RCN09258,VN,2017,C580Y,I218F,16,3,1,16,3,1,10,13,6,10,13,6
RCN09259,VN,2017,C580Y,I218F,19,4,2,19,4,2,24,5,12,24,5,12
RCN09260,VN,2017,C580Y,I218F,19,4,2,19,4,2,24,5,12,24,5,12
RCN09261,VN,2017,C580Y,noCRT,12,5,12,12,5,12,16,15,14,16,15,14
RCN09262,VN,2017,C580Y,T93S,15,21,17,15,21,17,20,7,23,20,7,23
RCN09264,VN,2017,C580Y,missing,16,3,1,16,3,1,10,13,6,10,13,6
RCN09265,VN,2017,C580Y,I218F,16,3,1,16,3,1,10,13,6,10,13,6
RCN09266,VN,2017,C580Y,het,16,3,1,16,3,1,10,13,6,10,13,6
RCN09268,VN,2017,C580Y,T93S,16,3,1,16,3,1,10,13,6,10,13,6
RCN09269,VN,2017,C580Y,T93S,17,14,22,17,14,22,22,11,7,22,11,7
RCN09270,VN,2017,C580Y,H97Y,6,19,23,6,19,23,15,20,10,15,20,10
RCN09271,VN,2017,C580Y,T93S,16,3,1,16,3,1,10,13,6,10,13,6
RCN09272,VN,2017,C580Y,T93S,15,21,17,15,21,17,20,7,23,20,7,23
RCN09273,VN,2017,C580Y,M343I,5,14,4,5,14,4,9,12,3,9,12,3
RCN09274,VN,2017,C580Y,T93S,15,21,17,15,21,17,20,7,23,20,7,23
RCN09276,VN,2017,WT,noCRT,13,12,15,13,12,15,27,21,15,14,21,28
RCN09278,VN,2017,C580Y,F145I,15,21,17,15,21,17,20,7,23,20,7,23
RCN09282,VN,2017,WT,noCRT,9,16,15,2,16,15,27,19,26,26,6,28
RCN09283,VN,2017,C580Y,noCRT,12,5,12,12,5,12,16,15,14,16,15,14
RCN09284,VN,2017,C580Y,T93S,15,21,17,15,21,17,20,7,23,20,7,23
RCN09285,VN,2017,R539T,noCRT,9,16,15,9,16,15,27,21,26,31,19,28
RCN10143,VN,2017,Het,het,9,16,5,9,16,15,25,21,22,14,28,31
RCN10145,VN,2017,WT,het,9,16,15,9,16,15,27,14,22,17,10,21
RCN10151,VN,2017,C580Y,I218F,19,4,2,19,4,2,24,5,12,24,5,12
RCN10159,VN,2017,C580Y,T93S,7,20,0,7,20,0,13,9,18,13,9,18
RCN10162,VN,2017,WT,missing,9,16,15,9,16,24,14,21,9,31,19,26
RCN10167,VN,2017,C580Y,I218F,19,4,2,19,4,2,24,5,12,24,5,12
RCN10168,VN,2017,C580Y,het,17,14,22,17,14,22,22,11,7,22,11,7
RCN10169,VN,2017,C580Y,T93S,17,14,22,17,14,22,22,11,7,22,11,7
RCN10170,VN,2017,WT,noCRT,12,17,22,12,17,22,2,4,20,2,4,20
RCN10199,WKH,2017,C580Y,no_nea,1,2,16,1,2,16,21,18,0,21,18,0
RCN10200,WKH,2017,C580Y,T93S,16,3,1,16,3,1,10,13,6,10,13,6
RCN10201,WKH,2017,C580Y,no_nea,1,2,16,1,2,16,21,18,0,21,18,0
RCN10202,WKH,2017,C580Y,no_nea,1,2,16,1,2,16,21,18,0,21,18,0
RCN10203,WKH,2017,C580Y,no_nea,1,2,16,1,2,16,21,18,0,21,18,0
RCN10204,WKH,2017,C580Y,T93S,16,3,1,16,3,1,10,13,6,10,13,6
RCN10205,WKH,2017,C580Y,T93S,16,3,1,16,3,1,10,13,6,10,13,6
RCN10208,WKH,2017,C580Y,H97Y,4,7,21,4,7,21,7,2,24,7,2,24
RCN10238,VN,2017,C580Y,I218F,9,16,15,9,16,15,14,14,27,25,27,28
RCN10244,VN,2017,WT,noCRT,12,17,22,12,17,22,2,4,20,2,4,20
RCN10246,VN,2017,C580Y,F145I,18,11,16,18,11,16,21,18,0,21,16,1
RCN10247,VN,2017,C580Y,I218F,19,4,2,19,4,2,24,5,12,24,5,12
RCN10250,VN,2017,C580Y,missing,19,4,2,19,4,2,24,5,12,24,5,12
RCN10252,VN,2017,C580Y,M343I,14,1,11,14,1,11,5,0,13,5,0,13
RCN10254,VN,2017,C580Y,I218F,9,16,15,9,16,15,26,14,9,14,10,22
RCN10256,VN,2017,C580Y,H97Y,13,12,14,13,12,14,2,4,7,2,4,7
RCN10268,VN,2017,C580Y,M343I,9,16,15,9,16,15,27,19,26,11,27,30
RCN10279,VN,2017,Het,het,9,3,2,16,3,2,26,19,27,17,19,19
RCN10284,VN,2017,C580Y,M343I,14,1,11,14,1,11,5,0,13,5,0,13
RCN10286,VN,2017,C580Y,M343I,14,1,11,14,1,11,5,0,13,5,0,13
RCN10290,VN,2017,C580Y,T93S,15,21,17,15,21,17,20,7,23,20,7,23
RCN10291,VN,2017,C580Y,F145I,18,11,16,18,11,16,21,18,0,21,16,1
RCN10292,VN,2017,C580Y,I218F,19,4,2,19,4,2,24,5,12,24,5,12
RCN10293,VN,2017,C580Y,F145I,18,11,16,18,11,16,19,16,1,19,16,1
RCN10296,VN,2017,C580Y,F145I,18,11,16,18,11,16,19,16,1,19,16,1
RCN10297,VN,2017,C580Y,I218F,19,4,2,19,4,2,24,5,12,24,5,12
RCN10298,VN,2017,C580Y,T93S,15,21,17,15,21,17,20,7,23,20,7,23
RCN10299,VN,2017,C580Y,noCRT,9,16,15,9,16,15,27,23,27,29,27,15
RCN10300,VN,2017,C580Y,I218F,19,4,2,19,4,2,24,5,12,24,5,12
RCN10305,VN,2017,C580Y,F145I,18,11,16,18,11,16,19,16,1,19,16,1
RCN10306,VN,2017,C580Y,I218F,19,4,2,19,4,2,24,5,12,24,5,12
RCN10307,VN,2017,C580Y,I218F,16,3,1,16,3,1,10,13,6,10,13,6
RCN10308,VN,2017,C580Y,I218F,19,4,2,19,4,2,24,5,12,24,5,12
RCN10309,VN,2017,C580Y,T93S,15,21,17,15,21,17,20,7,23,20,7,23
RCN10311,VN,2017,C580Y,F145I,18,11,16,18,11,16,19,16,1,19,16,1
RCN10313,VN,2017,C580Y,T93S,15,21,17,15,21,17,20,7,23,20,7,23
RCN10314,VN,2017,Het,T93S,15,21,17,15,21,17,20,7,23,20,7,23
RCN10315,VN,2017,C580Y,H97Y,6,19,23,6,19,23,15,20,10,15,20,10
RCN10316,VN,2017,C580Y,I218F,19,4,2,19,4,2,24,5,12,24,5,12
RCN10317,VN,2017,C580Y,I218F,19,4,2,19,4,2,24,5,12,24,5,12
RCN10318,VN,2017,C580Y,I218F,19,4,2,19,4,2,24,5,12,24,5,12
RCN10319,VN,2017,C580Y,I218F,9,16,1,9,16,13,25,14,26,31,11,31
RCN10320,VN,2017,C580Y,I218F,19,4,2,19,4,2,24,5,12,24,5,12
RCN10321,VN,2017,C580Y,T93S,15,21,17,15,21,17,20,7,23,20,7,23
RCN10322,VN,2017,C580Y,T93S,15,21,17,15,21,17,20,7,23,20,7,23
RCN10323,VN,2017,C580Y,T93S,15,21,17,15,21,17,20,7,23,20,7,23
RCN10324,VN,2017,C580Y,T93S,15,21,17,15,21,17,20,7,23,20,7,23
RCN10325,VN,2017,C580Y,F145I,18,11,16,18,11,16,21,18,0,21,16,1
RCN10330,VN,2017,C580Y,F145I,15,21,17,15,21,17,20,7,23,20,7,23
RCN10332,VN,2017,WT,H97Y,9,16,15,9,16,15,27,17,27,29,14,30
RCN10333,VN,2017,C580Y,noCRT,12,5,12,12,5,12,16,15,14,16,15,14
RCN10337,VN,2017,Het,T93S,15,21,17,15,21,17,20,7,23,20,7,23
RCN10338,VN,2017,K13-other,noCRT,9,16,15,9,16,15,27,21,15,28,6,19
RCN10339,VN,2017,WT,noCRT,9,16,15,9,16,15,27,21,22,25,27,15
RCN10340,VN,2017,WT,noCRT,9,16,15,9,16,15,14,21,22,29,28,30
RCN10341,VN,2017,WT,noCRT,9,16,15,9,16,15,14,19,22,27,23,9
RCN10345,VN,2017,C580Y,T93S,15,21,17,15,21,17,20,7,23,20,7,23
RCN10346,VN,2017,C580Y,T93S,15,21,17,15,21,17,20,7,23,20,7,23
RCN10347,VN,2017,WT,noCRT,12,17,22,12,17,22,2,4,20,2,4,20
RCN10348,VN,2017,C580Y,noCRT,12,5,12,12,5,12,16,15,14,16,15,14
RCN10349,VN,2017,WT,noCRT,9,16,15,14,16,15,12,21,22,17,17,29
RCN10350,VN,2017,C580Y,T93S,15,21,17,15,21,17,20,7,23,20,7,23
RCN10351,VN,2017,C580Y,het,9,16,15,9,16,15,14,14,26,29,26,9
RCN10352,VN,2017,C580Y,noCRT,12,5,12,12,5,12,16,15,14,16,15,14
RCN10353,VN,2017,C580Y,T93S,15,21,17,15,21,17,20,7,23,20,7,23
RCN10354,VN,2017,C580Y,I218F,19,4,2,19,4,2,24,5,12,24,5,12
RCN10356,VN,2017,WT,noCRT,12,17,22,12,17,22,2,4,20,2,4,20
RCN10357,VN,2017,WT,noCRT,12,17,22,12,17,22,2,4,20,2,4,20
RCN10362,VN,2017,C580Y,noCRT,9,16,15,11,16,15,27,10,15,11,14,27
RCN10363,VN,2017,C580Y,T93S,15,21,17,15,21,17,20,7,23,20,7,23
RCN10364,VN,2017,C580Y,T93S,15,21,17,15,21,17,20,7,23,20,7,23
RCN10365,VN,2017,C580Y,T93S,15,21,17,15,21,17,20,7,23,20,7,23
RCN10370,VN,2017,C580Y,I218F,16,3,1,16,3,1,10,13,6,10,13,6
RCN10372,VN,2017,WT,het,9,16,15,9,16,15,14,25,27,6,21,28
RCN10373,VN,2017,C580Y,T93S,4,7,21,4,7,21,7,2,24,7,2,24
RCN10377,VN,2017,C580Y,I218F,16,3,1,16,3,1,10,13,6,10,13,6
RCN10379,VN,2017,C580Y,I218F,16,3,1,16,3,1,10,13,6,10,13,6
RCN10380,VN,2017,WT,noCRT,9,16,15,9,16,15,27,14,15,26,6,31
RCN10381,VN,2017,C580Y,I218F,16,3,1,16,3,1,10,13,6,10,13,6
RCN10382,VN,2017,C580Y,I218F,16,3,1,16,3,1,10,13,6,10,13,6
RCN10384,VN,2017,C580Y,T93S,15,21,17,15,21,17,20,7,23,20,7,23
RCN10385,VN,2017,WT,noCRT,2,16,20,2,16,20,14,17,26,8,21,30
RCN10386,VN,2017,C580Y,T93S,2,8,6,2,8,6,2,22,17,2,22,17
RCN10387,VN,2017,C580Y,T93S,2,8,6,2,8,6,2,22,17,2,22,17
RCN10388,VN,2017,WT,noCRT,12,17,22,12,17,22,2,4,20,2,4,20
RCN10390,VN,2017,WT,noCRT,12,17,22,12,17,22,2,4,20,2,4,20
RCN10391,VN,2017,C580Y,T93S,9,16,15,9,16,15,27,21,22,6,6,26
RCN10392,VN,2017,WT,noCRT,13,12,9,13,12,9,14,21,26,14,17,27
RCN10393,VN,2017,WT,noCRT,13,12,9,13,12,9,27,25,26,8,14,31
RCN10396,VN,2017,C580Y,I218F,19,4,2,19,4,2,24,5,12,24,5,12
RCN10397,VN,2017,C580Y,F145I,18,11,16,18,11,16,19,16,1,19,16,1
RCN10398,VN,2017,C580Y,M343I,14,1,11,14,1,11,5,0,13,5,0,13
RCN10399,VN,2017,WT,noCRT,13,12,9,13,12,9,27,19,22,28,6,22
RCN10400,VN,2017,WT,noCRT,13,12,9,13,12,9,14,21,26,12,19,15
RCN10401,VN,2017,WT,noCRT,12,17,22,12,17,22,2,4,20,2,4,20
RCN10402,VN,2017,WT,noCRT,13,12,9,13,12,9,14,21,26,6,17,19
RCN10405,VN,2017,K13-other,noCRT,9,16,15,9,16,15,12,19,26,17,25,19
RCN10406,VN,2017,WT,noCRT,12,17,22,12,17,22,2,4,20,2,4,20
RCN10408,VN,2017,C580Y,M343I,14,1,11,14,1,11,5,0,13,5,0,13
RCN10689,VN,2017,C580Y,T93S,15,21,17,15,21,17,20,7,23,20,7,23
RCN10690,VN,2017,C580Y,T93S,15,21,17,15,21,17,20,7,23,20,7,23
RCN10691,VN,2017,WT,noCRT,20,6,14,20,6,14,27,14,22,26,25,19
RCN10692,VN,2017,C580Y,I218F,19,4,2,19,4,2,24,5,12,24,5,12
RCN10693,VN,2017,C580Y,T93S,2,8,6,2,8,6,2,22,17,2,22,17
RCN10694,VN,2017,C580Y,T93S,2,8,6,2,8,6,2,22,17,2,22,17
RCN10695,VN,2017,C580Y,T93S,17,14,22,17,14,22,22,11,7,22,11,7
RCN10696,VN,2017,C580Y,T93S,2,8,6,2,8,6,2,22,17,2,22,17
RCN10697,VN,2017,C580Y,I218F,19,4,2,19,4,2,24,5,12,24,5,12
RCN10699,VN,2017,C580Y,T93S,2,8,6,2,8,6,2,22,17,2,22,17
RCN10703,VN,2017,C580Y,T93S,7,20,0,7,20,0,13,9,18,13,9,18
RCN10704,VN,2017,Het,het,19,4,2,19,4,2,24,5,12,24,5,12
RCN10706,VN,2017,C580Y,I218F,19,4,2,19,4,2,24,5,12,24,5,12
RCN10707,VN,2017,Het,het,9,16,15,17,16,15,12,21,26,31,23,30
RCN10709,VN,2017,C580Y,het,19,4,2,19,4,2,24,5,12,24,5,12
RCN10710,VN,2017,C580Y,T93S,17,14,22,17,14,22,22,11,7,22,11,7
RCN10712,VN,2017,C580Y,T93S,2,8,6,2,8,6,2,22,17,2,22,17
RCN10715,VN,2017,WT,noCRT,12,17,22,12,17,22,2,4,20,2,4,20
RCN10716,VN,2017,WT,noCRT,17,8,13,17,8,13,27,21,15,28,10,9
RCN10717,VN,2017,WT,noCRT,12,17,22,12,17,22,2,4,20,2,4,20
RCN10718,VN,2017,Het,noCRT,17,8,13,17,8,13,27,23,27,29,23,30
RCN10719,VN,2017,WT,noCRT,17,8,13,17,8,13,12,25,26,26,19,19
RCN10720,VN,2017,WT,noCRT,17,8,13,17,8,13,6,21,9,17,10,26
RCN10721,VN,2017,WT,noCRT,17,8,13,17,8,13,27,14,9,6,21,30
RCN10722,VN,2017,C580Y,I218F,6,19,23,6,19,23,17,23,15,17,28,26
RCN10723,VN,2017,C580Y,T93S,2,8,6,2,8,6,2,22,17,2,22,17
RCN10724,VN,2017,C580Y,T93S,17,14,22,17,14,22,22,11,7,22,11,7
RCN10725,VN,2017,C580Y,T93S,17,14,22,17,14,22,22,11,7,22,11,7
RCN10726,VN,2017,C580Y,T93S,17,14,22,17,14,22,22,11,7,22,11,7
RCN10727,VN,2017,C580Y,T93S,17,14,22,17,14,22,22,11,7,22,11,7
RCN10728,VN,2017,C580Y,T93S,2,8,6,2,8,6,2,22,17,2,22,17
RCN10729,VN,2017,C580Y,het,2,8,6,2,8,6,2,22,17,2,22,17
RCN10730,VN,2017,C580Y,T93S,15,21,17,15,21,17,20,7,23,20,7,23
RCN10731,VN,2017,WT,noCRT,12,17,22,12,17,22,2,4,20,2,4,20
RCN10732,VN,2017,WT,noCRT,12,17,22,12,17,22,2,4,20,2,4,20
RCN10733,VN,2017,C580Y,T93S,17,14,22,17,14,22,22,11,7,22,11,7
RCN10734,VN,2017,C580Y,T93S,2,8,6,2,8,6,2,22,17,2,22,17
RCN10735,VN,2017,C580Y,T93S,15,21,17,15,21,17,20,7,23,20,7,23
RCN10736,VN,2017,C580Y,I218F,19,4,2,19,4,2,24,5,12,24,5,12
RCN10737,VN,2017,C580Y,T93S,2,8,6,2,8,6,2,22,17,2,22,17
RCN10738,VN,2017,C580Y,het,15,21,17,15,21,17,20,7,23,20,7,23
RCN10741,VN,2017,C580Y,T93S,15,21,17,15,21,17,20,7,23,20,7,23
RCN10742,VN,2017,C580Y,T93S,15,21,17,15,21,17,20,7,23,20,7,23
RCN10743,VN,2017,C580Y,T93S,17,14,22,17,14,22,22,11,7,22,11,7
RCN10744,VN,2017,C580Y,I218F,19,4,2,19,4,2,15,20,10,15,20,10
RCN10745,VN,2017,C580Y,het,15,21,17,15,21,17,20,7,23,20,7,23
RCN10746,VN,2017,C580Y,missing,4,7,21,4,7,5,7,2,24,7,2,24
RCN10752,VN,2017,C580Y,noCRT,9,16,15,2,16,15,12,21,22,25,14,31
RCN10761,VN,2017,C580Y,F145I,18,11,16,18,11,16,19,16,1,19,16,1
RCN10762,VN,2017,C580Y,T93S,15,21,17,15,21,17,20,7,23,20,7,23
RCN10764,VN,2017,C580Y,T93S,15,21,17,15,21,17,20,7,23,20,7,23
RCN10766,VN,2017,WT,noCRT,9,16,15,9,16,15,25,21,22,25,21,30
RCN10768,VN,2017,WT,noCRT,9,16,15,9,16,15,27,14,22,31,6,29
RCN10769,VN,2017,WT,noCRT,9,16,15,9,16,15,12,17,26,25,25,9
RCN10770,VN,2017,C580Y,H97L,13,14,7,13,14,7,12,14,27,12,17,15
RCN10772,VN,2017,WT,noCRT,9,16,15,9,16,15,11,21,26,28,25,31
RCN10773,VN,2017,C580Y,H97L,13,14,7,13,14,7,6,21,15,8,14,27
RCN10774,VN,2017,C580Y,H97L,13,14,7,13,14,7,14,21,27,25,6,19
RCN10776,VN,2017,WT,noCRT,9,16,15,9,16,15,12,19,15,28,6,29
RCN10777,VN,2017,WT,noCRT,9,16,15,9,16,15,25,21,22,17,23,28
RCN10778,VN,2017,Het,het,13,14,7,13,14,7,27,14,26,29,23,15
RCN10779,VN,2017,WT,noCRT,9,16,15,9,16,15,27,21,19,6,23,30
RCN10780,VN,2017,WT,noCRT,9,16,15,9,16,15,27,21,26,8,17,19
RCN10781,VN,2017,Het,H97L,9,16,15,9,16,15,27,19,22,8,19,30
RCN10782,VN,2017,WT,noCRT,9,16,15,9,16,15,27,19,27,31,23,30
RCN10783,VN,2017,Het,H97L,9,16,15,9,16,15,11,23,9,29,25,31
RCN10785,VN,2017,C580Y,H97L,13,14,7,13,14,7,27,21,26,14,6,9
RCN10786,VN,2017,C580Y,H97L,13,14,7,13,14,7,12,10,9,26,10,26
RCN10788,VN,2017,WT,noCRT,9,16,15,9,16,15,14,21,22,6,23,27
RCN10789,VN,2017,WT,noCRT,9,16,15,9,16,15,14,21,22,14,14,30
RCN10790,VN,2017,WT,noCRT,9,16,15,9,16,15,12,17,22,14,21,22
RCN10792,VN,2017,WT,noCRT,20,1,22,20,1,22,3,22,20,3,22,20
RCN10794,VN,2017,C580Y,H97L,13,14,7,13,14,7,27,14,9,12,10,28
RCN12358,ETH,2017,C580Y,no_nea,9,1,8,9,1,8,22,0,17,22,0,17
RCN12359,ETH,2017,C580Y,F145I,7,20,5,7,20,5,13,9,18,13,9,18
RCN12362,WKH,2017,C580Y,no_nea,7,16,15,9,16,15,14,21,26,31,27,31
RCN12365,WKH,2017,WT,no_nea,9,16,15,9,16,15,25,21,26,31,6,29
RCN12366,VN,2017,C580Y,T93S,15,21,17,15,21,17,20,7,23,20,7,23
RCN12370,VN,2017,C580Y,T93S,15,21,17,15,21,17,20,7,23,20,7,23
RCN12371,VN,2017,C580Y,T93S,4,7,21,4,7,21,7,2,24,7,2,24
RCN12372,VN,2017,C580Y,T93S,15,21,17,15,21,17,20,7,23,20,7,23
RCN12373,VN,2017,C580Y,F145I,18,11,16,18,11,16,19,16,1,19,16,1
RCN12374,VN,2017,C580Y,T93S,4,7,21,4,7,21,7,2,24,7,2,24
RCN12375,VN,2017,C580Y,no_nea,9,16,22,9,16,16,14,17,22,25,23,30
RCN12376,VN,2017,C580Y,T93S,16,3,1,16,3,1,10,13,6,10,13,6
RCN12377,VN,2017,C580Y,I218F,19,4,2,19,4,2,24,5,12,24,5,12
RCN12378,VN,2017,C580Y,T93S,15,21,17,15,21,17,20,7,23,20,7,23
RCN12380,VN,2017,C580Y,T93S,4,7,21,4,7,21,7,2,24,7,2,24
RCN12381,VN,2017,C580Y,F145I,18,11,16,18,11,16,19,16,1,19,16,1
RCN12382,VN,2017,C580Y,I218F,19,4,2,19,4,2,24,5,12,24,5,12
RCN12383,VN,2017,C580Y,no_nea,12,5,12,12,5,12,16,15,14,16,15,14
RCN12384,VN,2017,WT,no_nea,13,12,15,13,12,15,12,25,27,28,17,15
RCN12385,VN,2017,WT,no_nea,13,12,15,13,12,15,12,21,22,14,19,26
RCN12386,VN,2017,C580Y,het,19,4,2,19,4,2,24,5,12,24,5,12
RCN12387,VN,2017,C580Y,T93S,15,21,17,15,21,17,20,7,23,20,7,23
RCN12388,VN,2017,C580Y,F145I,18,11,16,18,11,16,19,16,1,19,16,1
RCN12389,VN,2017,C580Y,T93S,15,21,17,15,21,17,20,7,23,20,7,23
RCN12391,VN,2017,C580Y,het,19,4,2,19,4,2,24,5,12,24,5,12
RCN12393,VN,2017,C580Y,het,19,4,2,19,4,2,24,5,12,24,5,12
RCN12394,VN,2017,WT,no_nea,13,12,15,13,12,15,12,23,27,17,25,21
RCN12593,ETH,2017,C580Y,I218F,19,4,2,19,4,2,24,5,12,24,5,12
RCN12595,ETH,2017,C580Y,F145I,18,11,16,18,11,16,19,16,1,19,16,1
RCN12599,ETH,2017,C580Y,F145I,18,11,16,18,11,16,19,16,1,19,16,1
RCN12600,ETH,2017,C580Y,I218F,10,18,19,10,18,19,26,19,27,14,25,27
RCN12601,ETH,2017,C580Y,F145I,18,11,16,18,11,16,19,16,1,19,16,1
RCN12602,ETH,2017,C580Y,I218F,19,4,2,19,4,2,24,5,12,24,5,12
RCN12603,ETH,2017,C580Y,I218F,10,18,19,10,18,19,26,19,4,28,14,30
RCN12604,ETH,2017,C580Y,I218F,19,4,2,19,4,2,24,5,12,24,5,12
RCN12606,ETH,2017,C580Y,I218F,5,14,4,5,14,4,9,12,3,9,12,3
RCN12607,ETH,2017,C580Y,no_nea,9,1,8,9,1,8,22,0,17,22,0,17
RCN12608,ETH,2017,C580Y,I218F,6,19,23,6,19,23,15,20,10,15,20,10
RCN12612,ETH,2017,C580Y,H97Y,11,5,15,11,5,15,27,17,22,6,21,26
RCN12613,ETH,2017,C580Y,H97Y,11,5,15,11,5,15,6,14,26,12,28,31
RCN12614,WKH,2017,C580Y,no_nea,9,1,8,9,1,8,22,0,17,22,0,17
RCN12615,WKH,2017,C580Y,T93S,16,3,1,16,3,1,10,13,6,10,13,6
RCN12616,WKH,2017,C580Y,no_nea,9,1,8,9,1,8,22,0,17,22,0,17
RCN12618,WKH,2017,C580Y,no_nea,9,1,8,9,1,8,22,0,17,22,0,17
RCN12619,WKH,2017,WT,H97Y,2,5,15,2,5,15,25,23,26,14,21,31
RCN12620,WKH,2017,C580Y,no_nea,9,1,8,9,1,8,22,0,17,22,0,17
RCN12621,WKH,2017,C580Y,T93S,15,21,17,15,21,17,20,7,23,20,7,23
RCN12622,WKH,2017,C580Y,H97Y,6,19,23,6,19,23,15,20,10,15,20,10
RCN12980,WKH,2016,C580Y,H97Y,3,0,18,3,0,18,11,17,4,11,17,29
RCN12982,WKH,2016,WT,H97Y,9,16,15,9,16,15,12,19,26,6,23,30
RCN12984,WKH,2016,C580Y,H97Y,9,0,15,9,0,15,12,21,22,14,19,21
RCN12986,WKH,2016,C580Y,H97Y,3,0,18,3,0,18,11,17,15,8,17,28
RCN12987,WKH,2016,C580Y,I218F,9,16,15,9,16,15,25,21,15,25,10,30
RCN12990,WKH,2016,C580Y,H97Y,9,16,15,9,16,15,27,14,9,17,17,27
RCN12992,WKH,2016,C580Y,no_nea,9,1,8,9,1,8,22,0,17,22,0,17
RCN12994,WKH,2016,C580Y,no_nea,9,16,15,9,16,15,25,14,19,17,19,26
RCN12995,WKH,2016,C580Y,H97Y,11,5,15,11,5,15,25,17,22,27,6,27
RCN12996,WKH,2016,C580Y,no_nea,15,21,17,15,21,17,20,7,23,20,7,23
RCN12997,WKH,2016,C580Y,no_nea,14,1,11,14,1,11,5,0,13,5,0,13
RCN12999,WKH,2017,C580Y,no_nea,14,1,11,14,1,11,5,0,13,5,0,13
RCN13000,WKH,2017,C580Y,H97Y,9,16,15,9,16,15,27,23,22,31,21,27
RCN13004,WKH,2017,C580Y,H97Y,9,1,11,9,1,3,25,23,9,31,19,30
RCN13005,WKH,2017,C580Y,H97Y,9,16,15,9,16,15,27,21,27,25,6,27
RCN13008,WKH,2017,C580Y,H97Y,9,16,15,9,16,15,27,21,26,31,14,21
RCN13009,WKH,2017,C580Y,H97Y,1,0,4,3,0,18,17,25,4,27,19,5
RCN13010,WKH,2017,C580Y,H97Y,9,16,15,9,16,15,14,14,22,8,26,31
RCN13013,WKH,2017,C580Y,no_nea,14,1,11,14,1,11,5,0,13,5,0,13
RCN13014,WKH,2017,C580Y,H97Y,9,16,15,9,16,15,11,21,9,8,17,31
RCN13015,WKH,2017,C580Y,H97Y,9,16,17,9,16,15,12,25,27,28,27,21
RCN13016,WKH,2017,WT,H97Y,2,5,15,2,5,15,27,14,22,28,26,27
RCN13017,WKH,2017,C580Y,T93S,9,16,15,9,16,15,27,10,15,29,23,9
RCN13018,WKH,2017,C580Y,H97Y,14,1,11,14,1,11,5,0,13,5,0,13
RCN13020,WKH,2017,WT,no_nea,9,16,15,9,16,15,12,25,26,31,6,19
RCN13023,WKH,2017,C580Y,H97Y,2,16,15,9,16,22,27,14,27,31,19,31
RCN13025,WKH,2017,C580Y,no_nea,10,18,19,10,18,19,1,3,16,1,3,16
RCN13027,WKH,2017,C580Y,missing,14,1,11,14,1,11,5,0,13,5,0,13
RCN13028,WKH,2017,C580Y,H97Y,9,16,15,9,16,15,12,21,9,29,21,15
RCN13032,WKH,2017,C580Y,H97Y,9,16,15,9,16,15,12,21,22,11,26,15
RCN13034,WKH,2017,Y493H,no_nea,9,2,15,9,2,15,6,10,22,6,21,29
RCN13036,WKH,2017,Y493H,het,9,16,17,9,16,14,14,21,26,29,6,31
RCN13037,WKH,2017,Y493H,no_nea,9,16,15,9,16,15,27,19,26,31,6,29
RCN13039,WKH,2017,C580Y,no_nea,14,1,11,14,1,11,5,0,13,5,0,13
RCN13044,WKH,2018,C580Y,H97Y,9,16,15,9,16,15,12,21,26,29,21,29
RCN13045,WKH,2018,C580Y,T93S,9,16,15,9,16,15,27,21,22,11,25,22
RCN13048,NEKH,2017,C580Y,T93S,7,20,0,7,20,0,13,9,18,13,9,18
RCN13049,NEKH,2017,WT,no_nea,21,10,22,21,10,22,22,4,7,22,4,7
RCN13050,NEKH,2017,C580Y,F145I,18,11,16,18,11,16,19,16,1,19,16,1
RCN13051,NEKH,2017,C580Y,T93S,15,21,17,15,21,17,20,7,23,20,7,23
RCN13052,NEKH,2017,WT,no_nea,9,16,15,9,16,15,14,14,22,12,21,30
RCN13053,NEKH,2007,C580Y,T93S,9,16,15,9,16,15,27,14,27,11,28,27
RCN13054,NEKH,2017,C580Y,H97Y,9,16,15,9,16,15,14,17,22,25,23,21
RCN13056,NEKH,2017,C580Y,no_nea,5,14,4,5,14,4,9,12,3,9,12,3
RCN13057,NEKH,2017,C580Y,no_nea,8,16,13,8,16,13,27,21,22,12,23,31
RCN13058,NEKH,2017,C580Y,F145I,18,11,16,18,11,16,19,16,1,19,16,1
RCN13059,NEKH,2017,C580Y,het,15,21,17,15,21,17,20,7,23,20,7,23
RCN13061,NEKH,2017,C580Y,I218F,14,15,3,14,15,3,5,0,5,5,0,5
RCN13062,NEKH,2017,C580Y,T93S,9,16,15,5,16,15,12,21,26,28,28,28
RCN13063,NEKH,2017,C580Y,I218F,14,15,3,14,15,3,5,0,5,5,0,5
RCN13065,NEKH,2017,C580Y,T93S,15,21,17,15,21,17,20,7,23,20,7,23
RCN13067,NEKH,2017,WT,no_nea,9,16,15,9,16,15,14,14,22,14,6,15
RCN13068,NEKH,2017,C580Y,I218F,19,4,2,19,4,2,15,20,10,15,20,10
RCN13069,NEKH,2017,C580Y,I218F,19,4,2,19,4,2,24,5,12,24,5,12
RCN13071,NEKH,2017,C580Y,I218F,14,15,3,14,15,3,5,0,5,5,0,5
RCN13072,NEKH,2017,WT,no_nea,9,16,15,9,16,15,27,14,19,28,17,21
RCN13074,NEKH,2017,C580Y,no_nea,8,16,13,8,16,13,12,25,19,29,14,21
RCN13075,NEKH,2017,C580Y,T93S,2,8,6,2,8,6,27,21,15,28,21,30
RCN13076,NEKH,2017,R539T,no_nea,9,16,15,9,16,15,12,21,27,6,23,30
RCN13078,NEKH,2017,C580Y,het,7,20,0,7,20,0,13,9,18,13,9,18
RCN13079,NEKH,2017,C580Y,no_nea,5,14,4,5,14,4,9,12,3,9,12,3
RCN13080,NEKH,2017,C580Y,I218F,9,16,15,9,16,15,27,21,9,17,21,26
RCN13081,NEKH,2017,C580Y,no_nea,5,14,4,5,14,4,9,12,3,9,12,3
RCN13083,NEKH,2017,C580Y,I218F,9,16,15,9,16,15,14,21,19,31,25,15
RCN13084,NEKH,2017,C580Y,H97Y,9,16,15,9,16,15,12,14,15,29,17,21
RCN13085,NEKH,2017,WT,no_nea,9,16,15,9,16,15,27,21,9,25,25,31
RCN13086,NEKH,2017,C580Y,H97Y,9,16,15,9,16,15,26,25,26,25,21,28
RCN13087,NEKH,2017,C580Y,no_nea,9,1,8,9,1,8,22,0,17,22,0,17
RCN13088,NEKH,2017,C580Y,T93S,4,7,21,4,7,21,7,2,24,7,2,24
RCN13089,NEKH,2017,C580Y,T93S,9,16,15,9,16,15,25,21,27,17,6,22
RCN13090,NEKH,2017,C580Y,H97Y,9,16,15,9,16,15,6,21,9,17,10,19
RCN13093,NEKH,2017,WT,no_nea,9,16,15,9,16,15,25,21,9,29,25,15
RCN13097,NEKH,2017,C580Y,T93S,2,8,6,2,8,6,14,17,27,29,23,29
RCN13098,NEKH,2017,C580Y,T93S,2,8,6,2,8,6,6,21,15,14,27,29
RCN13100,NEKH,2018,C580Y,T93S,15,21,17,15,21,17,20,7,23,20,7,23
RCN13101,NEKH,2018,WT,H97Y,2,5,15,2,5,15,27,21,22,29,14,30
RCN13103,NEKH,2018,C580Y,no_nea,2,8,6,2,8,6,27,21,22,17,10,26
