,Sample,Site,Year,k13Class,index,HC_single,louvain_25,louvain_50,louvain_75,clauset_25,clauset_50,clauset_75,newman_50
0,PD0498-C,ETH,2011,R539T,0,2,0,0,0,1,2,2,49
1,PD0500-C,ETH,2011,C580Y,1,2,1,1,1,1,1,1,2
2,PD0501-C,ETH,2011,C580Y,2,2,1,1,1,1,1,1,2
3,PD0502-C,ETH,2011,R539T,3,2,0,0,0,1,2,2,49
4,PD0575-C,ETH,2012,R539T,4,2,0,0,0,1,2,2,49
5,PD0578-C,ETH,2012,R539T,5,2,0,0,0,1,2,2,49
6,PD0579-C,ETH,2012,R539T,6,2,0,0,0,1,2,2,49
7,PD0580-C,ETH,2012,R539T,7,2,0,0,0,1,2,2,49
8,PD0651-C,ETH,2012,C580Y,8,2,1,1,1,1,1,1,2
9,PD0658-C,ETH,2012,R539T,9,2,0,0,0,1,2,2,49
10,PD0659-C,ETH,2012,R539T,10,2,0,0,0,1,2,2,49
11,PD0662-C,ETH,2012,R539T,11,2,0,0,0,1,2,2,49
12,PD0663-C,ETH,2012,R539T,12,2,0,0,0,1,2,2,49
13,PD0664-C,ETH,2012,R539T,13,2,0,0,0,1,2,2,49
14,PD0668-C,ETH,2013,R539T,14,2,0,0,0,1,2,2,49
15,PD0670-C,ETH,2013,R539T,15,2,0,0,0,1,2,2,49
16,PD1584-C,ETH,2015,C580Y,16,2,2,2,2,0,0,0,28
17,PD1585-C,ETH,2015,C580Y,17,2,1,3,3,1,1,1,36
18,PD1586-C,ETH,2015,C580Y,18,2,1,3,3,1,0,0,39
19,PD1587-C,ETH,2015,C580Y,19,2,1,3,3,1,1,1,37
20,PD1588-C,ETH,2015,C580Y,20,2,1,3,3,1,1,1,37
21,PD1589-C,ETH,2015,C580Y,21,2,2,2,2,0,0,0,48
22,PD1590-C,ETH,2015,C580Y,22,2,1,3,3,1,1,1,48
23,PD1593-C,ETH,2016,C580Y,23,2,1,3,3,1,1,1,37
24,PH0021-C,WKH,2007,WT,24,3,3,4,4,11,13,136,47
25,PH0024-C,WKH,2007,Y493H,25,0,4,5,5,2,3,3,14
26,PH0028-Cx,WKH,2007,R539T,26,2,0,6,6,1,132,137,3
27,PH0042-C,WKH,2007,WT,27,186,5,7,7,120,133,138,39
28,PH0043-C,WKH,2007,R539T,28,2,0,8,8,1,134,139,11
29,PH0044-C,WKH,2008,C580Y,29,2,1,1,1,1,1,1,2
30,PH0045-C,WKH,2008,C580Y,30,2,1,1,1,1,1,1,2
31,PH0047-Cx,WKH,2009,WT,31,198,6,9,9,121,135,140,11
32,PH0051-Cx,WKH,2009,R539T,32,2,0,0,0,1,2,2,49
33,PH0055-C,WKH,2009,C580Y,33,2,1,3,3,1,1,1,1
34,PH0057-C,WKH,2009,C580Y,34,2,0,1,1,1,1,1,11
35,PH0059-C,WKH,2009,WT,35,118,7,10,10,79,81,86,2
36,PH0064-C,WKH,2009,Y493H,36,0,4,11,11,2,36,37,29
37,PH0105-C,WKH,2008,C580Y,37,2,1,1,1,1,1,1,41
38,PH0109-C,WKH,2008,K13-other,38,188,8,12,12,74,76,79,11
39,PH0110-C,WKH,2008,Y493H,39,43,9,13,13,47,52,51,29
40,PH0111-C,WKH,2008,Y493H,40,0,4,5,5,2,3,3,14
41,PH0112-C,WKH,2008,R539T,41,2,0,0,0,1,2,2,49
42,PH0114-C,WKH,2008,C580Y,42,163,10,14,14,122,136,141,7
43,PH0116-C,WKH,2008,Y493H,43,43,9,13,13,47,52,51,29
44,PH0117-C,WKH,2008,R539T,44,2,0,0,0,1,2,2,49
45,PH0118-C,WKH,2008,K13-other,45,188,8,12,12,74,76,79,11
46,PH0121-CW,WKH,2008,C580Y,46,2,1,1,1,1,1,1,2
47,PH0122-CW,WKH,2008,C580Y,47,2,1,1,1,1,1,1,2
48,PH0123-CW,WKH,2008,K13-other,48,25,11,15,15,80,137,142,23
49,PH0125-CW,WKH,2008,C580Y,49,222,12,16,16,123,138,143,13
50,PH0126-CW,WKH,2008,C580Y,50,2,1,1,1,1,1,1,41
51,PH0130-CW,WKH,2008,R539T,51,2,0,0,0,1,2,2,49
52,PH0132-CW,WKH,2008,R539T,52,2,0,0,0,1,2,2,49
53,PH0133-CW,WKH,2008,C580Y,53,230,13,17,17,124,139,144,49
54,PH0134-C,WKH,2008,C580Y,54,2,1,1,1,1,1,1,2
55,PH0136-C,WKH,2008,K13-other,55,4,14,18,18,8,140,145,37
56,PH0137-C,WKH,2008,C580Y,56,195,15,19,19,125,141,146,31
57,PH0138-CW,WKH,2008,WT,57,237,16,20,20,126,142,147,25
58,PH0139-CW,WKH,2008,C580Y,58,255,17,21,21,127,143,148,20
59,PH0140-CW,WKH,2008,C580Y,59,165,18,22,22,128,144,149,45
60,PH0141-CW,WKH,2008,WT,60,28,19,23,23,64,107,150,2
61,PH0142-CW,WKH,2008,WT,61,158,20,24,24,129,145,151,41
62,PH0143-CW,WKH,2008,C580Y,62,2,1,1,1,1,1,1,2
63,PH0144-CW,WKH,2008,C580Y,63,2,21,25,25,0,0,0,13
64,PH0145-CW,WKH,2008,R539T,64,2,0,0,0,1,2,2,49
65,PH0146-CW,WKH,2008,WT,65,171,22,26,26,77,79,85,25
66,PH0147-CW,WKH,2008,C580Y,66,2,1,1,1,1,1,1,2
67,PH0148-CW,WKH,2008,WT,67,179,23,27,27,130,146,152,26
68,PH0149-CW,WKH,2008,C580Y,68,211,24,28,28,23,27,27,17
69,PH0151-CW,WKH,2008,C580Y,69,2,1,1,1,1,18,15,2
70,PH0152-CW,WKH,2008,Y493H,70,0,4,5,5,2,3,3,14
71,PH0153-CW,WKH,2008,C580Y,71,211,24,28,28,23,27,27,17
72,PH0155-C,WKH,2008,C580Y,72,2,1,1,1,1,1,1,2
73,PH0156-C,WKH,2008,C580Y,73,211,24,28,28,23,27,27,17
74,PH0157-C,WKH,2010,C580Y,74,2,2,2,2,0,0,0,20
75,PH0161-C,WKH,2010,C580Y,75,2,1,3,3,1,1,1,1
76,PH0163-C,WKH,2010,WT,76,26,25,29,29,46,51,50,45
77,PH0164-C,WKH,2010,WT,77,3,3,4,30,11,13,49,47
78,PH0165-C,WKH,2010,C580Y,78,2,1,3,3,1,1,1,1
79,PH0167-C,WKH,2010,WT,79,26,25,29,29,46,51,50,45
80,PH0169-C,WKH,2010,C580Y,80,2,1,3,3,1,1,1,1
81,PH0171-C,WKH,2010,C580Y,81,102,26,30,31,87,92,99,33
82,PH0172-C,WKH,2010,C580Y,82,2,27,31,32,4,147,153,46
83,PH0173-C,WKH,2010,C580Y,83,2,1,3,3,1,1,1,24
84,PH0191-C,WKH,2010,Y493H,84,0,4,5,5,2,3,3,14
85,PH0192-C,WKH,2010,Y493H,85,0,4,5,5,2,3,3,14
86,PH0193-C,WKH,2010,WT,86,228,28,32,33,131,148,154,34
87,PH0198-C,WKH,2010,R539T,87,2,0,0,0,1,2,2,49
88,PH0199-C,WKH,2010,WT,88,3,3,4,30,11,13,49,47
89,PH0200-C,WKH,2010,C580Y,89,2,1,3,3,1,1,1,1
90,PH0201-C,NEKH,2010,WT,90,92,29,33,34,76,78,84,49
91,PH0203-C,NEKH,2010,WT,91,259,30,34,35,132,149,155,39
92,PH0206-C,WKH,2010,C580Y,92,2,1,35,36,1,150,156,25
93,PH0207-C,WKH,2010,Y493H,93,0,4,11,11,2,36,37,29
94,PH0208-C,WKH,2010,C580Y,94,2,1,3,3,1,1,1,1
95,PH0209-C,WKH,2010,WT,95,3,3,4,30,11,13,49,47
96,PH0210-C,WKH,2010,C580Y,96,2,2,2,2,0,0,0,20
97,PH0212-C,WKH,2010,C580Y,97,2,1,3,3,1,1,1,10
98,PH0213-C,WKH,2010,C580Y,98,2,1,3,3,1,1,1,1
99,PH0217-C,WKH,2009,C580Y,99,2,1,3,3,1,1,1,0
100,PH0218-C,WKH,2009,C580Y,100,2,1,3,3,1,1,1,30
101,PH0221-C,WKH,2009,C580Y,101,2,1,3,3,1,1,1,10
102,PH0222-C,WKH,2009,R539T,102,2,0,0,0,1,2,2,49
103,PH0224-C,WKH,2009,C580Y,103,2,1,3,3,1,1,1,0
104,PH0225-C,WKH,2009,C580Y,104,2,1,3,3,1,1,1,1
105,PH0227-C,WKH,2009,C580Y,105,2,1,3,3,1,1,1,1
106,PH0228-C,WKH,2009,C580Y,106,2,1,3,3,1,1,1,1
107,PH0229-C,WKH,2009,C580Y,107,226,31,36,37,133,151,157,17
108,PH0232-C,WKH,2008,WT,108,105,32,37,38,75,77,80,2
109,PH0234-C,WKH,2008,R539T,109,2,0,0,0,1,2,2,49
110,PH0235-C,WKH,2008,WT,110,105,32,37,38,75,77,80,2
111,PH0236-C,WKH,2008,C580Y,111,2,1,1,1,1,1,1,41
112,PH0238-C,WKH,2010,C580Y,112,2,1,3,3,1,1,1,1
113,PH0239-C,WKH,2010,Y493H,113,0,4,5,39,2,3,81,14
114,PH0240-C,WKH,2010,C580Y,114,2,27,3,40,4,1,82,2
115,PH0241-C,WKH,2010,C580Y,115,2,1,1,1,1,1,1,2
116,PH0243-C,WKH,2010,Y493H,116,0,4,5,5,2,3,3,14
117,PH0244-C,WKH,2010,Y493H,117,0,4,5,39,2,3,81,14
118,PH0245-C,WKH,2010,Y493H,118,0,4,5,5,2,3,3,14
119,PH0246-C,WKH,2010,C580Y,119,2,27,3,40,4,1,82,41
120,PH0247-C,WKH,2010,Y493H,120,0,4,5,5,2,3,3,14
121,PH0248-C,WKH,2010,Y493H,121,0,4,11,11,2,36,37,29
122,PH0249-C,WKH,2010,Y493H,122,0,4,5,5,2,3,3,14
123,PH0250-C,WKH,2010,R539T,123,2,0,0,0,1,2,2,49
124,PH0251-C,WKH,2010,C580Y,124,2,1,3,3,1,1,1,1
125,PH0252-C,WKH,2010,C580Y,125,3,3,4,41,11,13,83,47
126,PH0253-C,WKH,2010,C580Y,126,2,1,1,1,1,1,1,2
127,PH0278-CW,WKH,2010,C580Y,127,2,1,1,1,1,9,0,11
128,PH0282-C,WKH,2010,Y493H,128,0,4,5,5,2,3,3,14
129,PH0283-C,WKH,2010,WT,129,2,33,38,42,32,37,52,47
130,PH0284-C,WKH,2010,C580Y,130,2,1,3,3,1,1,1,1
131,PH0285-C,WKH,2010,C580Y,131,2,1,3,3,1,1,1,1
132,PH0300-C,WKH,2010,C580Y,132,2,1,3,3,1,1,1,1
133,PH0303-CW,WKH,2010,Y493H,133,0,4,5,5,2,3,3,14
134,PH0305-C,WKH,2010,WT,134,36,34,39,43,118,129,132,8
135,PH0306-C,WKH,2010,R539T,135,2,0,0,0,1,2,2,49
136,PH0307-C,WKH,2010,C580Y,136,2,1,3,3,1,1,1,24
137,PH0308-CW,WKH,2010,C580Y,137,2,21,25,25,0,0,0,13
138,PH0321-C,WKH,2010,WT,138,26,25,29,29,46,51,50,45
139,PH0322-C,WKH,2010,C580Y,139,2,0,40,44,52,56,55,20
140,PH0325-C,WKH,2010,C580Y,140,2,1,3,3,1,1,1,10
141,PH0326-C,WKH,2010,Y493H,141,0,4,5,5,2,3,3,14
142,PH0327-C,WKH,2010,WT,142,172,35,41,45,134,152,158,34
143,PH0329-C,WKH,2010,C580Y,143,2,1,3,3,1,1,1,10
144,PH0335-C,WKH,2010,C580Y,144,2,1,3,3,1,1,1,10
145,PH0337-C,WKH,2010,C580Y,145,3,3,4,41,11,13,83,47
146,PH0338-C,WKH,2010,R539T,146,2,0,0,0,1,2,2,49
147,PH0339-C,NEKH,2010,WT,147,236,36,42,46,135,153,159,2
148,PH0342-C,NEKH,2010,WT,148,91,37,43,47,26,30,30,45
149,PH0343-C,NEKH,2010,WT,149,91,37,43,47,26,30,30,45
150,PH0344-C,NEKH,2010,WT,150,91,37,43,47,26,30,30,45
151,PH0346-C,NEKH,2010,WT,151,248,38,44,48,136,154,160,35
152,PH0347-C,NEKH,2010,WT,152,243,39,45,49,137,155,161,18
153,PH0348-C,NEKH,2010,WT,153,56,40,46,50,50,54,162,33
154,PH0349-C,NEKH,2010,WT,154,91,37,43,47,26,30,30,45
155,PH0350-C,NEKH,2010,WT,155,266,41,47,51,138,156,163,17
156,PH0352-C,NEKH,2010,WT,156,260,42,48,52,139,157,164,16
157,PH0353-C,NEKH,2010,WT,157,86,43,49,53,53,57,56,8
158,PH0354-C,NEKH,2010,WT,158,91,37,43,47,26,30,30,45
159,PH0355-C,NEKH,2010,WT,159,223,44,50,54,140,158,165,11
160,PH0356-C,NEKH,2010,WT,160,99,45,51,55,33,38,38,2
161,PH0357-C,NEKH,2010,WT,161,191,46,52,56,141,159,166,20
162,PH0358-C,NEKH,2010,WT,162,34,47,53,57,48,53,53,47
163,PH0359-C,NEKH,2010,WT,163,272,48,54,58,142,160,167,0
164,PH0360-C,NEKH,2010,WT,164,48,49,55,59,59,63,62,20
165,PH0361-C,NEKH,2010,WT,165,251,50,56,60,143,161,168,32
166,PH0362-C,NEKH,2010,WT,166,21,51,57,61,43,49,169,13
167,PH0363-C,NEKH,2010,WT,167,92,29,33,34,76,78,84,49
168,PH0364-C,NEKH,2010,WT,168,34,47,53,57,48,53,53,47
169,PH0367-C,NEKH,2010,WT,169,181,52,58,62,144,162,170,27
170,PH0370-C,NEKH,2010,WT,170,203,53,59,63,145,163,171,23
171,PH0372-C,NEKH,2010,WT,171,9,54,60,64,13,14,20,11
172,PH0373-C,NEKH,2010,WT,172,293,55,61,65,146,164,172,35
173,PH0374-C,NEKH,2010,WT,173,57,56,62,66,34,39,58,31
174,PH0375-C,NEKH,2010,WT,174,9,54,60,67,13,14,108,11
175,PH0377-C,NEKH,2010,WT,175,194,57,63,68,147,165,173,28
176,PH0381-C,NEKH,2010,WT,176,162,58,64,69,148,166,174,1
177,PH0382-C,NEKH,2010,WT,177,210,59,65,70,149,167,175,11
178,PH0387-C,WKH,2008,C580Y,178,211,24,28,28,23,27,27,17
179,PH0389-C,WKH,2008,C580Y,179,2,1,1,1,1,1,1,2
180,PH0390-C,WKH,2008,C580Y,180,2,1,1,1,1,1,1,2
181,PH0391-C,WKH,2008,K13-other,181,155,60,66,71,150,168,176,34
182,PH0392-C,WKH,2008,Y493H,182,0,4,67,72,2,169,177,25
183,PH0393-C,WKH,2008,C580Y,183,2,1,1,1,1,18,15,2
184,PH0394-C,WKH,2008,WT,184,247,61,68,73,151,170,178,24
185,PH0395-C,WKH,2008,C580Y,185,211,24,28,28,23,27,27,17
186,PH0396-C,WKH,2008,C580Y,186,2,1,1,1,1,1,1,41
187,PH0398-C,WKH,2008,C580Y,187,2,1,1,1,1,1,1,2
188,PH0400-C,WKH,2008,C580Y,188,2,1,1,1,1,1,1,41
189,PH0403-C,WKH,2008,H719N,189,3,3,4,74,11,13,179,47
190,PH0407-C,WKH,2008,C580Y,190,2,1,1,1,1,1,1,2
191,PH0408-C,WKH,2008,WT,191,171,22,26,26,77,79,85,25
192,PH0410-C,WKH,2008,R539T,192,2,0,0,0,1,2,2,49
193,PH0411-C,WKH,2008,Y493H,193,0,4,11,11,2,36,37,29
194,PH0412-C,WKH,2008,C580Y,194,211,24,28,28,23,27,27,17
195,PH0416-C,WKH,2008,C580Y,195,2,1,1,1,1,9,21,11
196,PH0418-C,WKH,2008,C580Y,196,2,1,1,1,1,1,1,2
197,PH0421-C,WKH,2008,Y493H,197,0,4,5,5,2,3,3,14
198,PH0422-CW,WKH,2008,C580Y,198,2,1,1,1,1,1,1,2
199,PH0424-C,WKH,2008,C580Y,199,2,1,1,1,1,1,1,41
200,PH0438-C,WKH,2008,C580Y,200,219,62,69,75,152,171,180,39
201,PH0444-C,WKH,2008,Y493H,201,43,9,13,13,47,52,51,29
202,PH0456-C,WKH,2010,Y493H,202,0,4,5,5,2,3,3,14
203,PH0457-CW,WKH,2010,C580Y,203,2,21,25,25,0,0,0,13
204,PH0458-CW,WKH,2010,C580Y,204,2,1,3,3,1,1,1,1
205,PH0460-C,WKH,2010,C580Y,205,2,1,3,3,1,1,1,1
206,PH0462-C,WKH,2010,WT,206,27,63,70,76,78,80,181,33
207,PH0463-C,WKH,2010,C580Y,207,2,1,3,3,1,1,1,1
208,PH0464-CW,WKH,2010,WT,208,2,33,38,42,32,37,52,47
209,PH0466-C,WKH,2010,WT,209,3,3,71,77,11,172,182,8
210,PH0467-CW,WKH,2010,C580Y,210,2,1,1,1,1,9,0,11
211,PH0468-C,WKH,2010,WT,211,201,64,72,78,153,173,183,41
212,PH0473-C,WKH,2010,WT,212,278,65,73,79,154,174,184,47
213,PH0474-CW,WKH,2010,C580Y,213,2,1,1,1,1,9,21,11
214,PH0476-C,WKH,2010,Y493H,214,0,4,5,5,2,3,3,14
215,PH0479-CW,WKH,2010,C580Y,215,2,1,3,3,1,1,1,1
216,PH0481-C,WKH,2010,C580Y,216,2,1,1,1,1,1,1,2
217,PH0482-C,WKH,2010,C580Y,217,2,1,3,3,1,1,1,1
218,PH0483-CW,WKH,2010,WT,218,2,33,38,42,32,37,52,47
219,PH0484-C,WKH,2011,Y493H,219,0,4,5,5,2,3,3,14
220,PH0485-C,WKH,2011,C580Y,220,197,66,74,80,155,175,185,25
221,PH0486-C,WKH,2011,C580Y,221,2,1,1,1,1,1,1,41
222,PH0487-C,WKH,2011,R539T,222,2,0,0,0,1,2,2,49
223,PH0488-C,WKH,2011,WT,223,275,67,75,81,156,176,186,2
224,PH0489-C,WKH,2011,WT,224,27,63,70,82,78,80,187,33
225,PH0490-C,WKH,2011,Y493H,225,0,4,5,5,2,3,3,14
226,PH0493-C,WKH,2010,Y493H,226,0,4,5,5,2,3,3,14
227,PH0494-CW,WKH,2009,WT,227,118,7,10,10,79,81,86,2
228,PH0498-C,WKH,2009,Y493H,228,0,4,5,5,2,3,3,14
229,PH0500-CW,WKH,2009,K13-other,229,25,11,76,83,80,177,188,4
230,PH0501-CW,WKH,2009,C580Y,230,2,1,3,3,1,1,1,1
231,PH0502-C,NEKH,2011,WT,231,187,68,77,84,157,178,189,42
232,PH0506-C,NEKH,2011,WT,232,199,69,78,85,158,179,190,3
233,PH0507-C,NEKH,2011,WT,233,218,70,79,86,159,180,191,17
234,PH0508-C,NEKH,2011,WT,234,34,47,53,57,48,53,53,47
235,PH0513-C,NKH,2011,WT,235,214,71,80,87,38,43,43,7
236,PH0514-C,NKH,2011,C580Y,236,2,27,81,88,4,16,12,13
237,PH0516-C,NKH,2011,C580Y,237,50,72,82,89,12,12,14,17
238,PH0517-C,NKH,2011,WT,238,35,73,83,90,20,24,23,31
239,PH0518-C,NKH,2011,WT,239,85,74,84,91,19,23,22,7
240,PH0519-C,NKH,2011,WT,240,214,71,80,87,38,43,43,7
241,PH0520-C,NKH,2011,Y493H,241,0,4,5,92,2,3,192,14
242,PH0521-C,NKH,2011,WT,242,214,71,80,87,38,43,43,7
243,PH0522-C,NKH,2011,WT,243,19,75,85,93,51,55,54,7
244,PH0523-C,NKH,2011,Y493H,244,0,4,5,5,2,3,3,14
245,PH0524-C,NKH,2011,WT,245,0,4,86,94,2,8,11,31
246,PH0525-C,NKH,2011,C580Y,246,50,72,82,89,12,12,14,17
247,PH0526-C,WKH,2011,WT,247,2,1,3,3,1,1,1,24
248,PH0527-C,WKH,2011,C580Y,248,2,1,3,3,1,1,1,1
249,PH0528-C,WKH,2011,C580Y,249,2,76,87,95,18,22,19,17
250,PH0529-C,WKH,2011,C580Y,250,2,1,1,1,1,9,0,11
251,PH0530-C,WKH,2011,R539T,251,2,0,0,0,1,2,2,49
252,PH0531-C,WKH,2011,Y493H,252,0,4,5,5,2,3,3,14
253,PH0532-C,WKH,2011,R539T,253,2,0,0,0,1,2,2,49
254,PH0533-C,WKH,2011,C580Y,254,2,1,3,3,1,1,1,1
255,PH0534-C,WKH,2011,C580Y,255,2,1,1,1,1,9,21,11
256,PH0537-C,WKH,2011,R539T,256,2,0,0,0,1,2,2,49
257,PH0538-C,WKH,2011,C580Y,257,276,77,88,96,160,181,193,8
258,PH0539-C,WKH,2011,C580Y,258,2,1,3,3,1,1,1,1
259,PH0540-C,WKH,2011,C580Y,259,2,1,3,3,1,1,1,1
260,PH0541-C,WKH,2011,C580Y,260,2,1,3,3,1,1,1,10
261,PH0542-C,WKH,2011,WT,261,2,1,38,97,1,1,9,6
262,PH0544-C,WKH,2011,C580Y,262,2,1,1,1,1,9,0,11
263,PH0551-C,WKH,2011,C580Y,263,2,1,3,3,1,1,1,10
264,PH0552-C,WKH,2011,C580Y,264,2,1,3,3,1,1,1,1
265,PH0553-C,WKH,2011,C580Y,265,2,76,87,95,18,22,19,17
266,PH0554-C,WKH,2011,C580Y,266,2,76,87,95,18,22,19,17
267,PH0555-C,WKH,2011,WT,267,269,78,89,98,161,182,194,24
268,PH0556-C,WKH,2011,C580Y,268,2,1,3,3,1,1,1,24
269,PH0558-C,WKH,2011,C580Y,269,2,1,3,3,1,1,1,24
270,PH0559-C,WKH,2011,C580Y,270,2,76,87,95,18,22,19,17
271,PH0560-C,WKH,2011,C580Y,271,2,1,3,3,1,1,1,24
272,PH0561-C,WKH,2011,C580Y,272,2,1,3,3,1,1,1,24
273,PH0562-C,WKH,2011,C580Y,273,2,1,3,3,1,1,1,10
274,PH0563-C,WKH,2011,C580Y,274,2,1,3,3,1,1,1,10
275,PH0565-C,WKH,2011,C580Y,275,2,1,1,1,1,1,1,41
276,PH0566-C,WKH,2011,C580Y,276,2,1,3,3,1,1,1,10
277,PH0569-C,WKH,2011,WT,277,175,79,90,99,162,183,195,45
278,PH0570-C,WKH,2011,C580Y,278,2,2,2,2,0,0,0,20
279,PH0571-C,WKH,2011,WT,279,2,33,38,100,32,37,196,47
280,PH0576-C,WKH,2011,C580Y,280,277,80,91,101,163,184,197,11
281,PH0578-C,WKH,2011,C580Y,281,2,1,3,3,1,1,1,1
282,PH0579-C,WKH,2011,R539T,282,2,0,0,0,1,2,2,49
283,PH0584-C,WKH,2011,C580Y,283,2,1,1,1,1,1,1,41
284,PH0585-C,NKH,2011,WT,284,0,4,86,94,2,8,11,31
285,PH0586-C,NKH,2011,C580Y,285,50,72,82,89,12,12,14,17
286,PH0587-C,NKH,2011,C580Y,286,50,72,82,89,12,12,14,17
287,PH0589-C,NKH,2011,WT,287,12,81,92,102,49,185,198,31
288,PH0592-C,NKH,2011,WT,288,85,74,84,91,19,23,22,7
289,PH0593-C,NKH,2011,WT,289,19,75,85,93,51,55,54,7
290,PH0596-C,NKH,2011,C580Y,290,50,72,82,103,12,12,199,17
291,PH0597-C,NKH,2011,WT,291,252,82,93,104,164,186,200,11
292,PH0598-C,NKH,2011,WT,292,129,83,94,105,27,31,31,6
293,PH0599-C,NKH,2011,WT,293,129,83,94,105,27,31,31,6
294,PH0600-C,NKH,2011,WT,294,129,83,94,105,27,31,31,6
295,PH0601-C,NKH,2011,WT,295,85,74,84,91,19,23,22,7
296,PH0602-C,NKH,2011,C580Y,296,2,27,81,88,4,16,12,13
297,PH0604-C,NKH,2011,WT,297,0,4,86,94,2,8,11,31
298,PH0605-C,NKH,2011,WT,298,85,74,84,91,19,23,22,7
299,PH0608-C,NKH,2011,WT,299,133,84,95,106,10,11,10,11
300,PH0609-C,NKH,2011,WT,300,133,84,95,106,10,11,10,11
301,PH0610-C,NKH,2011,WT,301,129,83,94,105,27,31,31,6
302,PH0611-C,NKH,2011,C580Y,302,50,72,82,89,12,12,14,17
303,PH0617-C,NEKH,2011,WT,303,224,85,96,107,165,187,201,14
304,PH0619-C,NEKH,2011,WT,304,59,86,97,108,83,85,90,2
305,PH0621-C,NEKH,2011,WT,305,21,51,57,109,43,49,73,20
306,PH0623-C,NEKH,2011,WT,306,9,54,60,64,13,14,20,11
307,PH0624-C,NEKH,2011,WT,307,295,87,98,110,166,188,202,6
308,PH0625-C,NEKH,2011,WT,308,0,4,86,111,2,8,32,31
309,PH0626-C,NEKH,2011,WT,309,4,14,99,112,8,106,113,11
310,PH0630-C,NEKH,2011,WT,310,21,51,57,109,43,49,73,46
311,PH0631-C,NEKH,2011,WT,311,0,4,86,111,2,8,32,31
312,PH0632-C,NEKH,2011,WT,312,53,88,100,113,81,83,88,2
313,PH0633-C,NEKH,2011,WT,313,15,89,101,114,7,82,87,33
314,PH0636-C,NEKH,2011,WT,314,180,90,102,115,167,189,203,8
315,PH0638-C,NEKH,2011,K13-other,315,189,91,103,116,168,190,204,46
316,PH0639-C,NEKH,2011,WT,316,15,89,101,114,7,82,87,33
317,PH0640-C,NEKH,2011,WT,317,209,92,104,117,169,191,205,45
318,PH0644-C,NEKH,2011,WT,318,53,88,100,113,81,83,88,2
319,PH0647-C,NEKH,2011,WT,319,0,4,86,111,2,8,32,31
320,PH0650-C,NEKH,2011,WT,320,9,54,60,64,13,14,20,11
321,PH0676-C,WKH,2011,C580Y,321,2,1,3,3,1,1,1,24
322,PH0677-C,WKH,2011,C580Y,322,2,1,1,1,1,9,21,11
323,PH0678-C,WKH,2011,WT,323,2,1,38,97,1,1,9,6
324,PH0679-C,WKH,2011,WT,324,177,93,105,118,170,192,206,0
325,PH0680-C,WKH,2011,C580Y,325,2,1,3,3,1,1,1,24
326,PH0682-C,WKH,2011,C580Y,326,2,1,3,3,1,1,1,1
327,PH0684-C,WKH,2011,C580Y,327,2,2,2,2,0,0,0,20
328,PH0685-C,WKH,2011,C580Y,328,2,0,1,1,1,9,1,11
329,PH0686-C,WKH,2011,C580Y,329,2,1,3,3,1,1,1,37
330,PH0687-C,WKH,2011,R539T,330,2,0,0,0,1,2,2,49
331,PH0692-C,WKH,2011,C580Y,331,2,1,3,3,1,1,1,1
332,PH0694-C,WKH,2011,C580Y,332,2,1,3,3,1,1,1,1
333,PH0695-C,WKH,2011,C580Y,333,2,1,3,3,1,1,1,37
334,PH0696-C,WKH,2011,R539T,334,2,0,0,0,1,2,2,49
335,PH0697-C,WKH,2011,C580Y,335,2,1,1,1,1,9,21,11
336,PH0700-C,WKH,2011,R539T,336,2,0,0,0,1,2,2,49
337,PH0701-C,WKH,2011,C580Y,337,2,1,3,3,1,1,1,10
338,PH0702-C,WKH,2011,C580Y,338,2,1,3,3,1,1,1,30
339,PH0703-C,WKH,2011,C580Y,339,2,1,87,95,1,22,19,17
340,PH0706-C,WKH,2011,C580Y,340,2,1,3,3,1,1,1,24
341,PH0708-C,WKH,2011,C580Y,341,2,2,2,2,0,0,0,32
342,PH0709-C,WKH,2011,WT,342,2,1,38,97,1,1,9,6
343,PH0712-C,WKH,2011,C580Y,343,2,1,3,3,1,1,1,24
344,PH0716-C,WKH,2011,C580Y,344,2,2,2,2,0,0,0,20
345,PH0718-C,WKH,2011,C580Y,345,2,21,25,25,0,0,0,13
346,PH0719-C,WKH,2011,C580Y,346,2,76,87,95,18,22,19,17
347,PH0722-C,WKH,2011,C580Y,347,2,76,87,95,18,22,19,17
348,PH0723-C,WKH,2011,C580Y,348,2,1,3,3,1,1,1,1
349,PH0727-C,NKH,2011,WT,349,49,94,106,119,14,17,13,17
350,PH0728-C,NKH,2011,C580Y,350,50,72,82,89,12,12,14,17
351,PH0729-C,NKH,2011,WT,351,133,84,95,106,10,11,10,11
352,PH0731-C,NKH,2011,R539T,352,2,0,0,0,1,2,2,49
353,PH0732-C,NKH,2011,WT,353,0,4,86,94,2,8,11,31
354,PH0737-C,NKH,2011,WT,354,239,95,107,120,171,193,207,47
355,PH0738-C,NKH,2011,Y493H,355,0,4,5,5,2,3,3,14
356,PH0739-C,NKH,2011,WT,356,0,4,108,121,2,58,57,7
357,PH0742-C,NKH,2011,WT,357,85,74,84,91,19,23,22,7
358,PH0743-C,NKH,2011,WT,358,85,74,84,91,19,23,22,7
359,PH0745-C,NKH,2011,R539T,359,2,0,0,0,1,2,2,49
360,PH0746-C,NKH,2011,WT,360,142,96,109,122,86,91,98,13
361,PH0752-C,NKH,2011,WT,361,0,4,86,94,2,8,11,31
362,PH0753-Cx,NKH,2011,C580Y,362,2,27,81,88,4,16,12,13
363,PH0754-C,NKH,2011,WT,363,207,97,110,123,172,194,208,26
364,PH0755-C,NKH,2011,C580Y,364,50,72,82,89,12,12,14,17
365,PH0757-C,NKH,2011,C580Y,365,50,72,82,89,12,12,14,17
366,PH0758-C,NKH,2011,WT,366,234,98,111,124,173,195,209,12
367,PH0759-C,NKH,2011,WT,367,0,4,108,121,2,58,57,7
368,PH0761-C,NKH,2011,WT,368,129,83,94,105,27,31,31,6
369,PH0762-Cx,NKH,2011,WT,369,46,99,112,125,106,115,210,11
370,PH0764-C,NEKH,2011,WT,370,9,54,60,64,13,14,20,11
371,PH0765-C,NEKH,2011,WT,371,39,100,113,126,82,84,89,13
372,PH0770-C,NEKH,2011,WT,372,263,101,114,127,174,196,211,41
373,PH0772-C,NEKH,2011,WT,373,287,102,115,128,175,197,212,49
374,PH0773-Cx,NEKH,2011,WT,374,39,100,113,126,82,84,89,13
375,PH0775-Cx,NEKH,2011,WT,375,166,103,116,129,176,198,213,38
376,PH0776-C,NEKH,2011,WT,376,16,104,117,130,56,61,93,33
377,PH0778-C,NEKH,2011,WT,377,59,86,97,108,83,85,90,2
378,PH0780-C,NEKH,2011,WT,378,12,81,118,131,49,86,91,47
379,PH0783-C,NEKH,2011,WT,379,0,4,86,111,2,8,32,31
380,PH0784-C,NEKH,2011,C580Y,380,167,105,119,132,177,199,214,42
381,PH0785-Cx,NEKH,2011,WT,381,9,54,60,64,13,14,20,11
382,PH0788-C,NEKH,2011,WT,382,192,106,120,133,178,200,215,48
383,PH0789-C,NEKH,2011,WT,383,99,45,51,55,33,38,38,2
384,PH0790-C,NEKH,2011,WT,384,0,4,86,111,2,8,32,31
385,PH0793-C,NEKH,2011,WT,385,225,107,121,134,179,201,216,48
386,PH0794-C,NEKH,2011,WT,386,99,45,51,55,33,38,38,2
387,PH0795-C,NEKH,2011,WT,387,9,54,60,64,13,14,20,11
388,PH0797-C,NEKH,2011,WT,388,99,45,51,55,33,38,38,2
389,PH0801-C,NEKH,2011,WT,389,9,54,60,64,13,14,20,11
390,PH0805-C,NEKH,2011,WT,390,12,81,118,131,49,86,91,47
391,PH0807-C,NEKH,2011,WT,391,57,56,62,135,34,39,217,31
392,PH0810-C,NEKH,2011,WT,392,286,108,122,136,180,202,218,3
393,PH0813-C,NEKH,2011,WT,393,130,109,123,137,90,96,103,13
394,PH0818-C,WKH,2011,C580Y,394,2,1,1,1,1,1,1,2
395,PH0819-C,WKH,2011,C580Y,395,2,1,1,1,1,18,15,2
396,PH0820-C,WKH,2011,C580Y,396,2,1,1,1,1,18,15,2
397,PH0822-C,WKH,2011,C580Y,397,2,1,3,3,1,1,1,1
398,PH0823-C,WKH,2011,C580Y,398,2,1,1,1,1,18,15,2
399,PH0825-C,WKH,2011,C580Y,399,2,2,2,2,0,0,0,20
400,PH0826-C,WKH,2011,C580Y,400,2,1,1,1,1,1,1,2
401,PH0828-C,WKH,2011,C580Y,401,2,1,1,1,1,18,15,2
402,PH0829-C,WKH,2011,C580Y,402,2,2,2,2,0,0,0,20
403,PH0830-C,WKH,2011,C580Y,403,2,1,3,3,1,1,1,24
404,PH0831-C,WKH,2011,C580Y,404,2,1,1,1,1,1,1,41
405,PH0832-C,WKH,2011,R539T,405,2,0,0,0,1,2,2,49
406,PH0833-C,WKH,2011,C580Y,406,2,1,1,1,1,1,1,2
407,PH0834-C,WKH,2011,C580Y,407,238,110,124,138,181,203,219,6
408,PH0835-C,WKH,2011,C580Y,408,2,1,3,3,1,1,1,1
409,PH0837-C,WKH,2011,C580Y,409,2,1,1,1,1,1,1,2
410,PH0838-C,WKH,2011,C580Y,410,2,1,3,3,1,1,1,37
411,PH0839-C,WKH,2011,C580Y,411,2,1,1,1,1,18,15,2
412,PH0840-C,WKH,2011,C580Y,412,2,1,1,1,1,18,15,2
413,PH0842-C,WKH,2011,C580Y,413,2,0,1,1,1,9,1,11
414,PH0843-C,WKH,2011,C580Y,414,2,1,1,1,1,9,21,11
415,PH0844-C,WKH,2011,C580Y,415,3,3,4,139,11,13,220,47
416,PH0845-C,WKH,2011,C580Y,416,2,1,3,3,1,1,1,1
417,PH0846-C,WKH,2011,C580Y,417,2,1,3,3,1,1,1,1
418,PH0847-C,WKH,2011,C580Y,418,2,1,1,1,1,1,1,2
419,PH0848-C,WKH,2011,WT,419,29,111,125,140,113,123,221,33
420,PH0850-C,WKH,2011,C580Y,420,2,1,1,1,1,1,1,2
421,PH0851-C,WKH,2011,C580Y,421,2,1,3,3,1,1,1,1
422,PH0852-C,WKH,2011,I543T,422,284,112,126,141,3,4,4,8
423,PH0853-C,WKH,2011,I543T,423,284,112,126,141,3,4,4,8
424,PH0854-C,WKH,2011,C580Y,424,2,1,1,1,1,1,1,2
425,PH0855-C,WKH,2011,C580Y,425,2,1,1,1,1,1,1,2
426,PH0856-C,WKH,2011,C580Y,426,2,76,127,142,18,204,222,45
427,PH0858-C,WKH,2011,C580Y,427,2,1,1,1,1,1,1,2
428,PH0865-C,NKH,2012,WT,428,35,73,83,90,20,24,23,31
429,PH0866-C,NKH,2012,WT,429,35,73,83,90,20,24,23,31
430,PH0868-Cx,NKH,2012,C580Y,430,2,2,2,2,0,0,0,20
431,PH0870-C,NKH,2012,C580Y,431,2,2,2,2,0,0,0,20
432,PH0871-C,NKH,2012,WT,432,193,113,128,143,182,205,223,26
433,PH0872-C,NKH,2012,WT,433,133,84,95,106,10,11,10,11
434,PH0874-Cx,NKH,2012,C580Y,434,2,2,2,2,0,0,0,20
435,PH0875-C,NKH,2012,WT,435,159,114,129,144,183,206,224,38
436,PH0877-C,NEKH,2012,WT,436,7,115,130,145,63,87,92,13
437,PH0878-C,NEKH,2012,WT,437,7,115,130,145,63,87,92,13
438,PH0879-C,NEKH,2012,WT,438,242,116,131,146,184,207,225,17
439,PH0880-C,NEKH,2012,WT,439,164,117,132,147,185,208,226,16
440,PH0885-Cx,NEKH,2012,WT,440,16,104,117,130,56,61,93,33
441,PH0886-C,WKH,2011,C580Y,441,2,1,1,1,1,1,1,2
442,PH0887-C,WKH,2011,C580Y,442,2,0,133,148,1,88,94,13
443,PH0888-C,WKH,2011,C580Y,443,2,1,1,1,1,1,1,41
444,PH0889-C,WKH,2011,C580Y,444,2,1,1,1,1,1,1,2
445,PH0890-C,WKH,2011,C580Y,445,2,1,1,1,1,1,1,41
446,PH0891-Cx,WKH,2011,C580Y,446,2,1,1,1,1,1,1,41
447,PH0894-C,WKH,2012,C580Y,447,2,1,1,1,1,9,21,11
448,PH0895-C,WKH,2012,WT,448,2,0,133,148,1,88,94,13
449,PH0896-C,WKH,2012,C580Y,449,2,1,1,1,1,1,1,2
450,PH0899-C,WKH,2012,C580Y,450,2,1,1,1,1,1,1,41
451,PH0900-C,WKH,2012,C580Y,451,2,1,1,1,1,1,1,41
452,PH0901-C,WKH,2012,C580Y,452,2,1,1,1,1,1,1,41
453,PH0902-C,WKH,2012,C580Y,453,2,1,3,3,1,1,1,10
454,PH0904-C,WKH,2012,C580Y,454,2,1,1,1,1,1,1,41
455,PH0907-C,WKH,2012,C580Y,455,2,1,1,1,1,1,1,41
456,PH0908-C,WKH,2012,C580Y,456,2,1,1,1,1,1,1,41
457,PH0909-C,WKH,2012,C580Y,457,2,1,3,3,1,1,1,10
458,PH0910-C,WKH,2012,C580Y,458,2,1,1,1,1,1,1,41
459,PH0912-C,WKH,2012,C580Y,459,2,1,3,1,1,1,1,41
460,PH0915-C,WKH,2012,C580Y,460,2,1,1,1,1,1,1,41
461,PH0920-Cx,WKH,2012,C580Y,461,2,1,3,3,1,1,1,24
462,PH0923-Cx,NKH,2012,WT,462,133,84,95,106,10,11,10,11
463,PH0924-C,NKH,2012,WT,463,133,84,95,106,10,11,10,11
464,PH0925-C,NKH,2012,WT,464,0,4,86,94,2,8,11,31
465,PH0927-C,NKH,2012,WT,465,35,73,83,90,20,24,23,31
466,PH0928-C,NKH,2012,WT,466,190,118,134,149,186,209,227,6
467,PH0929-C,NKH,2012,WT,467,133,84,95,106,10,11,10,11
468,PH0931-C,NKH,2012,WT,468,133,84,95,106,10,11,10,11
469,PH0932-C,NKH,2012,WT,469,0,4,86,94,2,8,11,31
470,PH0933-C,NEKH,2012,WT,470,28,19,135,150,64,210,228,15
471,PH0936-C,NEKH,2012,WT,471,86,43,49,53,53,57,56,8
472,PH0937-C,NEKH,2012,WT,472,264,119,136,151,187,211,229,9
473,PH0939-C,NEKH,2012,WT,473,56,40,46,152,50,54,95,33
474,PH0942-Cx,NEKH,2012,WT,474,56,40,46,152,50,54,95,33
475,PH0959-Cx,WKH,2012,C580Y,475,258,120,137,153,188,212,230,10
476,PH0961-Cx,WKH,2012,C580Y,476,2,1,3,3,1,1,1,1
477,PH0964-Cx,WKH,2012,C580Y,477,2,0,40,44,52,56,55,46
478,PH0971-C,NEKH,2012,WT,478,178,121,138,154,189,213,231,1
479,PH0976-C,NKH,2012,WT,479,0,4,86,94,2,8,11,31
480,PH0979-C,NKH,2012,WT,480,0,4,86,94,2,8,11,31
481,PH0980-C,NKH,2012,WT,481,176,122,139,155,190,214,232,2
482,PH0981-C,NKH,2012,WT,482,19,75,85,93,51,55,54,7
483,PH0982-C,NKH,2012,WT,483,151,123,140,156,191,215,233,40
484,PH0983-C,NKH,2012,WT,484,133,84,95,106,10,11,10,11
485,PH0984-C,NKH,2012,WT,485,149,124,141,157,192,216,234,1
486,PH0985-C,NKH,2012,WT,486,85,74,84,91,19,23,22,7
487,PH0986-C,WKH,2012,C580Y,487,107,125,142,158,84,89,96,33
488,PH0987-C,WKH,2012,C580Y,488,107,125,142,158,84,89,96,33
489,PH0991-C,WKH,2012,C580Y,489,2,1,1,1,1,1,1,41
490,PH0994-C,WKH,2012,C580Y,490,2,1,3,3,1,1,1,37
491,PH0996-C,WKH,2012,C580Y,491,2,1,3,3,1,1,1,37
492,PH0997-C,WKH,2012,C580Y,492,2,1,3,3,1,1,1,37
493,PH0999-C,WKH,2012,C580Y,493,2,1,3,3,1,1,1,1
494,PH1000-C,WKH,2012,WT,494,153,126,143,159,193,217,235,44
495,PH1001-C,WKH,2012,C580Y,495,2,1,1,1,1,1,1,41
496,PH1002-C,WKH,2012,C580Y,496,2,1,1,1,1,1,1,41
497,PH1003-C,WKH,2012,C580Y,497,2,1,3,3,1,1,1,1
498,PH1015-C,WKH,2012,C580Y,498,2,2,2,2,0,0,0,20
499,PH1023-C,WKH,2012,WT,499,285,127,144,160,194,218,236,0
500,PH1045-C,NKH,2012,WT,500,83,128,145,161,85,90,97,33
501,PH1068-C,NEKH,2012,WT,501,20,129,146,162,39,44,237,17
502,PH1071-C,NEKH,2012,WT,502,42,130,147,163,97,105,112,2
503,PH1073-C,NEKH,2012,WT,503,152,131,148,164,195,219,238,29
504,PH1085-C,WKH,2012,WT,504,289,132,149,165,196,220,239,40
505,PH1086-C,WKH,2012,C580Y,505,2,0,40,44,52,56,55,20
506,PH1092-C,NKH,2012,WT,506,231,133,150,166,197,221,240,25
507,PH1097-C,NKH,2012,WT,507,83,128,145,161,85,90,97,33
508,PH1106-C,NEKH,2012,WT,508,86,43,49,53,53,57,56,8
509,PH1136-C,WKH,2011,C580Y,509,2,1,1,1,1,1,1,2
510,PH1137-C,WKH,2011,WT,510,271,134,151,167,198,222,241,4
511,PH1147-C,NKH,2013,WT,511,35,73,83,90,20,24,23,31
512,PH1148-C,NKH,2013,C580Y,512,2,1,1,1,1,1,1,2
513,PH1150-C,NKH,2013,WT,513,133,84,95,106,10,11,10,11
514,PH1153-C,NKH,2013,WT,514,35,73,83,90,20,24,23,31
515,PH1162-C,NKH,2013,C580Y,515,2,1,3,3,1,1,1,37
516,PH1164-C,NKH,2013,WT,516,35,73,83,90,20,24,23,31
517,PH1168-C,NKH,2013,WT,517,142,96,109,122,86,91,98,13
518,PH1169-C,NKH,2013,WT,518,245,135,152,168,199,223,242,6
519,PH1170-C,NKH,2013,WT,519,0,4,108,121,2,58,57,7
520,PH1175-C,NKH,2013,C580Y,520,2,1,3,3,1,1,1,37
521,PH1183-C,WKH,2013,C580Y,521,2,1,3,3,1,1,1,10
522,PH1187-C,WKH,2013,Y493H,522,0,4,5,169,2,3,76,14
523,PH1190-C,WKH,2013,C580Y,523,2,1,3,3,1,1,1,37
524,PH1200-C,WKH,2013,C580Y,524,2,1,3,3,1,1,1,24
525,PH1201-C,WKH,2013,C580Y,525,2,2,2,2,0,0,0,32
526,PH1203-C,WKH,2013,C580Y,526,2,1,3,3,1,1,1,10
527,PH1216-C,WKH,2013,C580Y,527,2,1,3,3,0,1,1,18
528,PH1217-C,WKH,2013,C580Y,528,2,1,3,3,1,1,1,24
529,PH1229-C,WKH,2013,C580Y,529,2,2,2,2,0,0,0,44
530,PH1236-C,WKH,2013,Y493H,530,0,4,5,169,2,3,76,14
531,PH1252-C,WKH,2013,H719N,531,3,3,4,170,11,13,243,47
532,PH1253-C,WKH,2013,Y493H,532,31,136,153,171,117,128,244,49
533,PH1297-C,NEKH,2013,WT,533,89,137,154,172,200,224,245,41
534,PH1310-C,NEKH,2013,WT,534,98,138,155,173,201,225,246,28
535,PH1313-C,NEKH,2013,C580Y,535,2,1,3,3,1,1,1,30
536,PH1317-C,NEKH,2013,WT,536,173,139,156,174,202,226,247,33
537,PH1318-C,NEKH,2013,WT,537,157,140,157,175,203,227,248,30
538,PH1319-C,NEKH,2013,WT,538,206,141,158,176,204,228,249,43
539,PH1357-C,WKH,2012,C580Y,539,2,1,3,3,1,1,1,1
540,PH1358-C,WKH,2012,C580Y,540,2,1,3,3,1,1,1,10
541,PH1360-C,WKH,2012,C580Y,541,2,1,3,3,1,1,1,24
542,PH1373-C,WKH,2013,C580Y,542,2,1,3,3,1,1,1,24
543,PH1379-C,WKH,2013,C580Y,543,2,2,2,2,0,0,0,32
544,PH1387-C,NKH,2012,C580Y,544,2,1,3,3,1,1,1,30
545,PH1708-C,WKH,2016,C580Y,545,2,1,3,3,1,1,1,18
546,PH1713-C,WKH,2016,C580Y,546,2,2,3,3,0,1,1,36
547,PH1714-C,WKH,2016,C580Y,547,2,2,2,2,0,0,0,19
548,PH1716-C,WKH,2016,C580Y,548,2,2,2,2,0,0,0,32
549,PH1718-C,WKH,2016,C580Y,549,2,1,3,3,1,1,1,1
550,PH1720-C,WKH,2016,C580Y,550,2,2,2,2,0,0,0,40
551,PH1721-C,WKH,2016,C580Y,551,2,1,2,2,0,0,0,34
552,PH1723-C,WKH,2016,C580Y,552,2,2,2,2,0,0,0,42
553,PH1730-C,NKH,2016,C580Y,553,2,2,2,2,0,0,0,23
554,PH1731-C,NKH,2016,C580Y,554,2,2,2,2,0,0,0,21
555,PH1732-C,NKH,2016,C580Y,555,2,2,2,2,0,0,0,23
556,PH1737-C,WKH,2016,WT,556,2,142,38,97,15,1,9,6
557,PH1741-C,WKH,2016,C580Y,557,2,2,2,2,0,0,0,32
558,PH1742-C,WKH,2016,C580Y,558,2,1,3,3,1,1,1,10
559,PH1743-C,WKH,2016,C580Y,559,2,1,3,3,0,1,1,18
560,PH1745-C,WKH,2016,WT,560,2,142,38,97,15,1,9,6
561,PH1747-C,WKH,2016,C580Y,561,2,1,3,3,1,1,1,10
562,PH1748-C,WKH,2016,C580Y,562,2,1,3,3,1,1,1,37
563,PH1749-C,WKH,2016,C580Y,563,2,1,3,2,1,1,0,18
564,PH1750-C,WKH,2016,C580Y,564,2,1,3,177,1,1,77,24
565,PH1751-C,WKH,2016,C580Y,565,2,1,3,3,1,1,1,24
566,PH1752-C,WKH,2016,C580Y,566,2,1,3,2,1,1,0,24
567,PH1755-C,WKH,2015,C580Y,567,2,1,3,3,1,1,1,37
568,PH1756-C,WKH,2015,C580Y,568,2,1,3,3,1,1,1,37
569,PH1757-C,WKH,2015,C580Y,569,2,2,2,2,0,0,0,48
570,PH1759-C,WKH,2015,C580Y,570,2,1,3,3,1,1,1,30
571,PH1763-C,WKH,2015,C580Y,571,2,2,2,2,0,0,0,44
572,PH1764-C,WKH,2015,C580Y,572,2,1,3,3,1,1,1,37
573,PH1765-C,WKH,2015,C580Y,573,2,1,3,3,1,1,1,37
574,PH1767-C,WKH,2015,C580Y,574,2,2,2,2,0,0,0,32
575,PH1768-C,WKH,2015,C580Y,575,2,1,3,3,1,1,1,37
576,PH1769-C,WKH,2015,C580Y,576,2,2,2,2,0,0,0,15
577,PH1770-C,WKH,2016,C580Y,577,2,2,2,2,0,0,0,44
578,PV0002-C,VN,2009,P553L,578,52,143,159,178,88,93,100,13
579,PV0004-C,VN,2009,WT,579,229,144,160,179,205,229,250,16
580,PV0006-C,VN,2009,WT,580,97,145,161,180,54,59,59,33
581,PV0014-C,VN,2009,WT,581,244,146,162,181,206,230,251,3
582,PV0018-C,VN,2009,WT,582,4,14,163,182,8,15,33,33
583,PV0020-C,VN,2009,WT,583,57,56,62,66,34,39,58,31
584,PV0028-C,VN,2010,C580Y,584,102,26,30,31,87,92,99,33
585,PV0031-C,VN,2009,K13-other,585,135,147,164,183,207,231,252,16
586,PV0035-C,VN,2010,WT,586,22,148,165,184,28,32,253,13
587,PV0039-C,VN,2010,P553L,587,52,143,159,178,88,93,100,13
588,PV0041-C,VN,2009,WT,588,57,56,62,66,34,39,58,31
589,PV0046-C,VN,2009,WT,589,49,94,106,119,14,17,13,17
590,PV0048-C,VN,2010,WT,590,241,149,166,185,208,232,254,19
591,PV0080-C,VN,2010,WT,591,4,14,163,186,8,15,255,33
592,PV0081-C,VN,2010,C580Y,592,2,27,81,88,4,16,12,13
593,PV0082-C,VN,2010,WT,593,148,150,167,187,209,233,256,43
594,PV0083-C,VN,2010,P553L,594,146,151,168,188,36,41,41,1
595,PV0084-C,VN,2010,WT,595,270,152,169,189,210,234,257,47
596,PV0085-C,VN,2010,V568G,596,18,153,170,190,25,29,29,25
597,PV0088-C,VN,2010,K13-other,597,23,154,171,191,60,64,63,13
598,PV0089-C,VN,2010,WT,598,97,145,161,180,54,59,59,33
599,PV0091-C,VN,2010,I543T,599,284,112,126,141,3,4,4,8
600,PV0092-C,VN,2010,WT,600,125,155,172,192,89,94,101,45
601,PV0094-C,VN,2010,WT,601,125,155,172,192,89,94,101,45
602,PV0097-C,VN,2010,WT,602,22,148,165,193,28,32,40,13
603,PV0098-C,VN,2010,WT,603,22,148,165,193,28,32,40,13
604,PV0099-C,VN,2010,WT,604,281,156,173,194,211,235,258,13
605,PV0101-C,VN,2010,V568G,605,18,153,170,190,25,29,29,25
606,PV0102-C,VN,2010,P553L,606,257,157,174,195,212,236,259,15
607,PV0112-C,VN,2010,WT,607,22,148,165,193,28,32,40,13
608,PV0114-C,VN,2010,D353Y,608,87,158,175,196,35,40,39,6
609,PV0116-C,VN,2010,D353Y,609,87,158,175,196,35,40,39,6
610,PV0117-C,VN,2010,WT,610,70,159,176,197,55,60,60,7
611,PV0118-C,VN,2010,D353Y,611,87,158,175,196,35,40,39,6
612,PV0120-C,VN,2010,WT,612,72,160,177,198,37,42,42,13
613,PV0122-C,VN,2010,I543T,613,284,112,126,141,3,4,4,8
614,PV0124-C,VN,2010,D353Y,614,87,158,175,196,35,40,39,6
615,PV0125-C,VN,2010,I543T,615,284,112,126,141,3,4,4,8
616,PV0126-C,VN,2010,WT,616,120,161,178,199,213,237,260,49
617,PV0128-C,VN,2010,P553L,617,146,151,168,188,36,41,41,24
618,PV0129-C,VN,2010,WT,618,72,160,177,198,37,42,42,13
619,PV0130-C,VN,2010,I543T,619,284,112,126,141,3,4,4,8
620,PV0134-C,VN,2010,WT,620,104,162,179,200,214,238,261,22
621,PV0135-C,VN,2010,WT,621,6,163,180,201,57,95,102,29
622,PV0137-C,VN,2010,V568G,622,18,153,170,190,25,29,29,25
623,PV0139-C,VN,2010,WT,623,11,164,181,202,98,239,262,49
624,PV0140-C,VN,2010,I543T,624,284,112,126,141,3,4,4,8
625,PV0142-C,VN,2010,WT,625,22,148,165,193,28,32,40,13
626,PV0144-C,VN,2010,P553L,626,146,151,168,188,36,41,41,24
627,PV0147-C,VN,2010,WT,627,262,165,182,203,58,62,61,33
628,PV0151-C,VN,2010,I543T,628,284,112,126,141,3,4,4,8
629,PV0153-C,VN,2010,WT,629,70,159,176,197,55,60,60,7
630,PV0158-C,VN,2010,I543T,630,284,112,126,141,3,4,4,8
631,PV0161-C,VN,2010,WT,631,6,163,183,204,57,240,263,35
632,PV0169-C,VN,2010,WT,632,97,145,161,180,54,59,59,33
633,PV0180-C,VN,2011,I543T,633,284,112,126,141,3,4,4,8
634,PV0182-C,VN,2011,WT,634,147,166,184,205,215,241,264,49
635,PV0185-C,VN,2011,I543T,635,284,112,126,141,3,4,4,8
636,PV0186-C,VN,2011,P553L,636,246,167,185,206,216,242,265,22
637,PV0187-C,VN,2011,WT,637,70,159,176,197,55,60,60,7
638,PV0189-C,VN,2011,WT,638,279,168,186,207,217,243,266,11
639,PV0193-C,VN,2011,I543T,639,284,112,126,141,3,4,4,8
640,PV0195-C,VN,2011,C580Y,640,2,0,1,1,1,1,1,11
641,PV0197-C,VN,2011,WT,641,16,104,117,208,56,61,267,33
642,PV0202-C,VN,2011,WT,642,128,169,187,209,218,244,268,29
643,PV0211-C,VN,2011,WT,643,6,163,180,201,57,95,102,29
644,PV0216-C,VN,2011,WT,644,262,165,182,203,58,62,61,33
645,PV0218-C,VN,2011,I543T,645,284,112,126,141,3,4,4,8
646,PV0219-C,VN,2011,WT,646,161,170,188,210,219,245,269,27
647,PV0220-C,VN,2011,I543T,647,284,112,126,141,3,4,4,8
648,PV0221-C,VN,2011,WT,648,130,109,123,137,90,96,103,13
649,PV0223-C,VN,2011,I543T,649,284,112,126,141,3,4,4,8
650,PV0227-C,VN,2011,P553L,650,146,151,168,188,36,41,41,1
651,PV0230-C,VN,2011,WT,651,62,171,189,211,91,98,105,31
652,PV0234-C,VN,2011,WT,652,48,49,55,59,59,63,62,20
653,PV0235-C,VN,2011,WT,653,208,172,190,212,220,246,270,42
654,PV0236-C,VN,2011,WT,654,253,173,191,213,221,247,271,48
655,PV0237-C,VN,2011,P553L,655,0,4,192,214,2,248,272,13
656,PV0239-C,VN,2011,WT,656,106,174,193,215,29,33,34,2
657,PV0240-C,VN,2011,WT,657,262,165,182,203,58,62,61,33
658,PV0241-C,VN,2011,WT,658,48,49,55,59,59,63,62,46
659,PV0243-Cx2,VN,2011,V568G,659,18,153,170,190,25,29,29,25
660,PV0245-Cx2,VN,2011,WT,660,23,154,171,191,60,64,63,13
661,PV0246-C,VN,2011,C580Y,661,73,175,194,216,222,249,273,5
662,PV0247-Cx2,VN,2011,WT,662,23,154,171,191,60,64,63,13
663,PV0249-Cx,VN,2011,WT,663,4,14,163,182,8,15,33,33
664,PV0251-C,VN,2011,Y493H,664,0,4,5,5,2,3,3,14
665,PV0254-C,VN,2011,WT,665,221,176,195,217,223,250,274,11
666,PV0259-C,VN,2011,C580Y,666,2,27,81,88,4,16,12,13
667,PV0261-C,VN,2011,WT,667,160,177,196,218,224,251,275,39
668,PV0262-C,VN,2011,I543T,668,284,112,126,141,3,4,4,8
669,PV0267-C,VN,2011,Y493H,669,0,4,5,5,2,3,3,14
670,PV0269-C,VN,2011,Y493H,670,0,4,5,5,2,3,3,14
671,PV0270-C,VN,2011,WT,671,4,14,163,182,8,15,33,33
672,PV0272-C,VN,2011,WT,672,4,14,163,182,8,15,33,33
673,PV0274-C,VN,2011,WT,673,235,178,197,219,225,252,276,25
674,PV0277-C,VN,2011,R539T,674,2,0,198,220,1,65,64,31
675,PV0278-C,VN,2011,R539T,675,2,0,198,220,1,65,64,31
676,PV0279-C,VN,2011,WT,676,106,174,193,215,29,33,34,2
677,PV0280-C,VN,2011,WT,677,4,14,163,182,8,15,33,33
678,PV0282-C,VN,2011,WT,678,261,179,199,221,226,253,277,14
679,PV0283-C,VN,2011,I543T,679,284,112,126,141,3,4,4,8
680,PV0284-C,VN,2011,WT,680,24,180,200,222,71,73,278,33
681,PV0285-C,VN,2011,R539T,681,2,0,201,223,1,97,104,2
682,PV0286-C,VN,2011,R539T,682,2,0,201,223,1,97,104,2
683,PV0287-C,VN,2011,WT,683,1,181,202,224,111,254,279,11
684,PV0288-C,VN,2011,C580Y,684,2,27,81,88,4,16,12,13
685,PV0289-C,VN,2011,WT,685,66,182,203,225,30,34,35,25
686,PV0292-C,VN,2011,I543T,686,284,112,126,141,3,4,4,8
687,PV0296-C,VN,2011,WT,687,232,183,204,226,227,255,280,22
688,PV0297-C,VN,2011,WT,688,81,184,205,227,228,256,281,38
689,PV0298-C,VN,2011,WT,689,183,185,206,228,229,257,282,3
690,PV0299-C,VN,2011,I543T,690,284,112,126,141,3,4,4,8
691,PV0300-C,VN,2011,I543T,691,284,112,126,141,3,4,4,8
692,PV0301-C,VN,2011,WT,692,72,160,177,198,37,42,42,13
693,PV0302-C,VN,2011,WT,693,62,171,189,211,91,98,105,31
694,PV0304-C,VN,2011,WT,694,72,160,177,198,37,42,42,13
695,PV0305-C,VN,2011,WT,695,103,186,207,229,230,258,283,9
696,PV0306-C,VN,2011,C580Y,696,170,187,208,230,231,259,284,9
697,PV0308-Cx,VN,2011,WT,697,204,188,209,231,232,260,285,0
698,PV0309-C,VN,2011,WT,698,240,189,210,232,233,261,286,39
699,PV0310-C,VN,2011,WT,699,294,190,211,233,234,262,287,8
700,PV0311-C,VN,2012,WT,700,249,191,212,234,235,263,288,36
701,PV0312-C,VN,2012,I543T,701,284,112,126,141,3,4,4,8
702,PV0313-C,VN,2012,WT,702,106,174,193,215,29,33,34,2
703,PV0314-C,VN,2012,WT,703,66,182,203,225,30,34,35,25
704,PV0315-Cx,VN,2012,WT,704,66,182,203,225,30,34,35,25
705,PV0317-C,VN,2012,WT,705,65,192,213,235,24,28,28,29
706,PV0318-C,VN,2012,I543T,706,284,112,126,141,3,4,4,8
707,PV0319-C,VN,2012,WT,707,65,192,213,235,24,28,28,29
708,PV0320-C,VN,2012,I543T,708,284,112,126,141,3,4,4,8
709,PV0321-C,VN,2012,K13-other,709,283,193,214,236,236,264,289,24
710,PV0322-C,VN,2012,I543T,710,284,112,126,141,3,4,4,8
711,PV0324-C,VN,2012,I543T,711,284,112,126,141,3,4,4,8
712,PV0325-C,VN,2012,WT,712,106,174,193,215,29,33,34,2
713,PV0326-C,VN,2012,WT,713,66,182,203,225,30,34,35,25
714,PV0328-C,VN,2012,WT,714,106,174,193,215,29,33,34,2
715,PV0329-C,VN,2012,WT,715,65,192,213,235,24,28,28,29
716,PV0330-C,VN,2012,WT,716,254,194,215,237,237,265,290,7
717,PV0331-Cx,VN,2012,WT,717,66,182,203,225,30,34,35,25
718,PV0333-C,VN,2012,C580Y,718,291,195,216,238,238,266,291,11
719,PV0340-C,VN,2011,Y493H,719,0,4,5,5,2,3,3,14
720,PV0343-C,VN,2011,C580Y,720,150,196,217,239,239,267,292,21
721,PV0345-C,VN,2011,R539T,721,2,0,198,220,1,65,64,31
722,PV0347-C,VN,2011,WT,722,122,197,218,240,240,268,293,12
723,PV0355-C,VN,2012,I543T,723,284,112,126,141,3,4,4,8
724,PV0360-C,VN,2016,WT,724,65,192,213,235,24,28,28,29
725,PV0361-C,VN,2016,C580Y,725,2,1,3,3,1,1,1,37
726,PV0363-C,VN,2016,C580Y,726,2,2,2,2,0,0,0,21
727,PV0364-C,VN,2016,C580Y,727,2,2,2,2,0,0,0,21
728,PV0365-C,VN,2016,C580Y,728,2,2,2,2,0,0,0,21
729,PV0366-C,VN,2016,C580Y,729,2,2,2,2,0,0,0,21
730,PV0368-C,VN,2016,C580Y,730,2,2,2,2,0,0,0,9
731,PV0369-C,VN,2016,WT,731,65,192,213,235,24,28,28,29
732,PV0370-C,VN,2016,C580Y,732,2,2,2,2,0,0,0,21
733,PV0371-C,VN,2016,C580Y,733,2,2,2,2,0,0,0,4
734,PV0372-C,VN,2016,C580Y,734,2,2,2,2,0,0,0,21
735,PV0373-C,VN,2016,C580Y,735,2,2,2,2,0,0,0,5
736,PV0375-C,VN,2016,C580Y,736,2,2,2,2,0,0,0,20
737,PV0376-C,VN,2016,C580Y,737,2,2,2,2,0,0,0,20
738,PV0377-C,VN,2016,C580Y,738,2,2,2,2,0,0,0,20
739,PV0378-C,VN,2016,C580Y,739,2,2,2,2,0,0,0,20
740,PV0379-C,VN,2016,C580Y,740,2,2,2,2,0,0,0,20
741,PV0381-C,VN,2016,C580Y,741,2,2,2,2,0,0,0,21
742,PV0382-C,VN,2016,C580Y,742,2,1,3,3,1,1,1,37
743,PV0383-C,VN,2016,C580Y,743,2,1,3,3,1,1,1,37
744,PV0384-C,VN,2016,C580Y,744,2,2,2,2,0,0,0,21
745,PV0385-C,VN,2016,C580Y,745,2,1,3,3,1,1,1,39
746,PV0386-C,VN,2016,C580Y,746,2,2,2,2,0,0,0,21
747,PV0387-C,VN,2016,WT,747,65,192,213,235,24,28,28,29
748,PV0388-C,VN,2016,C580Y,748,2,2,2,2,0,0,0,5
749,PV0393-C,VN,2016,C580Y,749,2,2,2,2,0,0,0,5
750,PV0395-C,VN,2016,C580Y,750,2,2,3,3,0,0,0,3
751,PV0396-C,VN,2016,C580Y,751,2,2,2,2,0,0,0,16
752,PV0397-C,VN,2016,C580Y,752,2,21,25,25,0,0,0,13
753,PV0398-C,VN,2016,C580Y,753,2,1,3,3,1,1,1,48
754,PV0400-C,VN,2016,C580Y,754,2,2,2,2,0,0,0,46
755,PV0402-C,VN,2016,C580Y,755,2,2,2,2,0,0,0,16
756,QE0347-C,LA,2010,WT,756,196,198,219,241,241,269,294,47
757,QE0348-C,LA,2010,WT,757,55,199,220,242,92,99,106,13
758,QE0350-C,LA,2010,WT,758,227,200,221,243,242,270,295,7
759,QE0352-C,LA,2010,WT,759,108,201,222,244,93,100,107,2
760,QE0356-C,LA,2010,WT,760,215,202,223,245,243,271,296,22
761,QE0360-C,LA,2010,WT,761,126,203,224,246,244,272,297,28
762,QE0361-C,LA,2010,WT,762,80,204,225,247,245,273,298,17
763,QE0363-C,LA,2010,WT,763,267,205,226,248,246,274,299,2
764,QE0364-C,LA,2010,WT,764,290,206,227,249,247,275,300,20
765,QE0365-C,LA,2010,WT,765,5,207,228,250,69,276,301,26
766,QE0367-C,LA,2010,WT,766,185,208,229,251,248,277,302,45
767,QE0368-C,LA,2010,WT,767,280,209,230,252,249,278,303,29
768,QE0369-C,LA,2010,WT,768,13,210,231,253,62,279,304,7
769,QE0370-C,LA,2010,WT,769,233,211,232,254,250,280,305,35
770,QE0371-C,LA,2010,WT,770,121,212,233,255,251,281,306,37
771,QE0372-C,LA,2010,WT,771,55,199,220,242,92,99,106,13
772,QE0373-C,LA,2010,WT,772,273,213,234,256,252,282,307,24
773,QE0374-C,LA,2010,WT,773,5,207,235,257,69,120,308,24
774,QE0375-C,LA,2010,WT,774,17,214,236,258,61,66,65,33
775,QE0376-C,LA,2010,WT,775,88,215,237,259,253,283,309,24
776,QE0379-C,LA,2010,WT,776,82,216,238,260,254,284,310,48
777,QE0381-C,LA,2010,WT,777,282,217,239,261,255,285,311,5
778,QE0382-C,LA,2010,WT,778,108,201,222,244,93,100,107,2
779,QE0383-C,LA,2010,WT,779,40,218,240,262,256,286,312,37
780,QE0384-C,LA,2010,WT,780,220,219,241,263,257,287,313,45
781,QE0386-C,LA,2010,WT,781,13,210,242,264,62,102,314,1
782,QE0387-C,LA,2010,WT,782,17,214,236,258,61,66,65,33
783,QE0388-C,LA,2010,WT,783,200,220,243,265,258,288,315,33
784,QE0391-C,LA,2010,WT,784,17,214,236,258,61,66,65,33
785,QE0393-Cx,LA,2011,WT,785,184,221,244,266,259,289,316,35
786,QE0395-C,LA,2011,WT,786,144,222,245,267,260,290,317,26
787,QE0397-C,LA,2011,WT,787,96,223,246,268,261,291,318,17
788,QE0398-C,LA,2011,WT,788,182,224,247,269,262,292,319,23
789,QE0400-C,LA,2011,WT,789,9,54,60,67,13,14,108,11
790,QE0401-C,LA,2011,WT,790,109,225,248,270,263,293,320,20
791,QE0403-Cx,LA,2011,WT,791,84,226,249,271,94,101,109,47
792,QE0404-C,LA,2011,WT,792,74,227,250,272,264,294,321,17
793,QE0405-Cx,LA,2011,WT,793,68,228,251,273,95,103,110,13
794,QE0414-C,LA,2011,WT,794,217,229,252,274,265,295,322,39
795,QE0415-C,LA,2011,WT,795,84,226,249,271,94,101,109,47
796,QE0418-C,LA,2011,WT,796,60,230,253,275,266,296,323,9
797,QE0419-C,LA,2011,WT,797,110,231,254,276,267,297,324,15
798,QE0426-C,LA,2011,WT,798,117,232,255,277,268,298,325,30
799,QE0430-C,LA,2011,WT,799,13,210,242,278,62,102,326,24
800,QE0431-C,LA,2011,WT,800,95,233,256,279,269,299,327,5
801,QE0432-C,LA,2011,WT,801,78,234,257,280,31,35,36,7
802,QE0433-C,LA,2011,WT,802,288,235,258,281,270,300,328,35
803,QE0434-C,LA,2011,WT,803,94,236,259,282,42,47,46,11
804,QE0436-C,LA,2011,WT,804,78,234,257,280,31,35,36,7
805,QE0437-C,LA,2011,WT,805,75,237,260,283,271,301,329,43
806,QE0438-C,LA,2011,WT,806,156,238,261,284,272,302,330,3
807,QE0440-C,LA,2011,WT,807,68,228,251,273,95,103,110,13
808,QE0443-C,LA,2011,WT,808,205,239,262,285,273,303,331,48
809,QE0444-C,LA,2011,WT,809,265,240,263,286,274,304,332,41
810,QE0447-C,LA,2011,WT,810,111,241,264,287,275,305,333,0
811,QE0448-C,LA,2011,WT,811,216,242,265,288,96,104,111,33
812,QE0449-C,LA,2011,WT,812,216,242,265,288,96,104,111,33
813,QE0451-C,LA,2012,WT,813,174,243,266,289,276,306,334,21
814,QE0452-C,LA,2012,WT,814,38,244,267,290,16,19,16,25
815,QE0454-C,LA,2012,WT,815,42,130,147,163,97,105,112,2
816,QE0455-C,LA,2012,WT,816,274,245,268,291,277,307,335,45
817,QE0456-C,LA,2012,R539T,817,138,246,269,292,278,308,336,39
818,QE0457-C,LA,2012,WT,818,213,247,270,293,279,309,337,2
819,QE0458-C,LA,2012,WT,819,78,234,257,280,31,35,36,7
820,QE0459-C,LA,2012,WT,820,154,248,271,294,280,310,338,5
821,QE0460-C,LA,2012,WT,821,78,234,257,280,31,35,36,7
822,QE0461-C,LA,2012,WT,822,123,249,272,295,281,311,339,47
823,QE0463-C,LA,2012,WT,823,78,234,257,280,31,35,36,7
824,QE0464-C,LA,2012,WT,824,4,14,99,112,8,106,113,11
825,QE0465-C,LA,2012,WT,825,7,115,273,296,63,312,340,11
826,QE0468-C,LA,2012,WT,826,112,250,274,297,282,313,341,22
827,QE0471-C,LA,2012,WT,827,292,251,275,298,283,314,342,7
828,QE0474-C,LA,2012,WT,828,168,252,276,299,284,315,343,6
829,QE0475-C,LA,2012,WT,829,11,164,277,300,98,316,344,42
830,QE0476-C,LA,2012,WT,830,30,253,278,301,65,67,67,14
831,QE0478-C,LA,2011,WT,831,212,254,279,302,285,317,345,34
832,QE0484-C,LA,2015,C580Y,832,2,21,25,25,0,0,0,13
833,QE0485-C,LA,2015,WT,833,214,71,80,87,38,43,43,7
834,QE0486-C,LA,2015,Y493H,834,0,4,5,5,2,3,3,14
835,QE0487-C,LA,2015,C580Y,835,2,21,25,303,0,0,346,13
836,QE0488-C,LA,2015,Y493H,836,0,4,5,5,2,3,3,14
837,QE0489-C,LA,2015,WT,837,256,255,280,304,286,318,347,45
838,QE0490-C,LA,2015,Y493H,838,0,4,5,5,2,3,3,14
839,RCN07825,WKH,2016,WT,839,2,142,38,97,15,1,9,6
840,RCN07826,WKH,2016,C580Y,840,2,2,2,2,0,0,0,32
841,RCN07827,WKH,2016,C580Y,841,2,1,3,3,1,1,1,30
842,RCN07828,WKH,2016,C580Y,842,2,2,2,2,0,0,0,35
843,RCN07829,NKH,2016,C580Y,843,2,1,1,1,1,1,1,0
844,RCN07830,NKH,2016,C580Y,844,2,1,1,1,1,1,1,0
845,RCN07836,NEKH,2016,C580Y,845,2,2,2,2,0,0,0,29
846,RCN07837,NEKH,2016,C580Y,846,2,1,3,3,1,1,1,37
847,RCN07838,NEKH,2016,C580Y,847,2,2,2,2,0,0,0,29
848,RCN07839,NEKH,2016,C580Y,848,2,2,2,2,0,0,0,29
849,RCN07842,NEKH,2016,C580Y,849,2,2,2,2,0,0,0,29
850,RCN07845,NEKH,2016,C580Y,850,2,2,2,2,0,0,0,29
851,RCN07848,NEKH,2016,C580Y,851,2,2,2,2,0,0,0,29
852,RCN07851,NEKH,2016,WT,852,54,256,281,305,287,319,348,5
853,RCN07852,NEKH,2016,C580Y,853,2,2,2,2,0,0,0,29
854,RCN07853,NEKH,2016,C580Y,854,2,2,2,2,0,0,0,29
855,RCN07854,NEKH,2016,C580Y,855,2,2,2,2,0,0,0,29
856,RCN07856,NEKH,2016,C580Y,856,2,1,3,3,1,1,1,37
857,RCN07858,NEKH,2016,C580Y,857,2,2,2,2,0,0,0,29
858,RCN07859,NEKH,2016,C580Y,858,2,2,2,2,0,0,0,29
859,RCN07862,NEKH,2016,C580Y,859,2,2,2,2,0,0,0,29
860,RCN07863,NEKH,2016,C580Y,860,2,2,2,2,0,0,0,29
861,RCN08101,VN,2016,C580Y,861,2,2,2,2,0,0,0,44
862,RCN08103,VN,2016,C580Y,862,2,2,2,2,0,0,0,21
863,RCN08105,VN,2016,C580Y,863,2,1,3,3,1,1,1,37
864,RCN08106,VN,2016,C580Y,864,2,2,2,2,0,0,0,44
865,RCN08107,VN,2016,C580Y,865,2,2,2,2,0,0,0,44
866,RCN08112,VN,2016,C580Y,866,2,2,2,2,0,0,0,21
867,RCN08113,VN,2016,C580Y,867,2,1,3,3,1,1,1,37
868,RCN08114,VN,2016,C580Y,868,2,2,2,2,0,0,0,9
869,RCN08115,VN,2016,WT,869,131,257,282,306,288,320,349,8
870,RCN08116,VN,2016,C580Y,870,2,2,2,2,0,0,0,9
871,RCN08117,VN,2016,C580Y,871,2,2,2,2,0,0,0,9
872,RCN08118,VN,2016,C580Y,872,2,2,2,2,0,0,0,21
873,RCN08119,VN,2016,C580Y,873,2,21,25,25,0,0,0,13
874,RCN08120,VN,2016,C580Y,874,2,2,2,2,0,0,0,9
875,RCN08121,VN,2016,C580Y,875,2,2,2,2,0,0,0,5
876,RCN08122,VN,2016,C580Y,876,2,1,3,3,1,1,1,37
877,RCN08124,VN,2017,C580Y,877,2,1,3,3,0,1,1,39
878,RCN08126,VN,2017,C580Y,878,2,2,2,2,0,0,0,19
879,RCN08127,VN,2017,C580Y,879,2,1,3,3,1,1,1,24
880,RCN08128,VN,2017,C580Y,880,2,2,2,2,0,0,0,16
881,RCN08129,VN,2017,C580Y,881,2,2,2,2,0,0,0,9
882,RCN08130,VN,2017,C580Y,882,2,1,3,3,1,1,1,37
883,RCN08131,VN,2017,C580Y,883,2,1,3,3,1,1,1,37
884,RCN08132,VN,2017,C580Y,884,2,2,2,2,0,0,0,20
885,RCN08135,VN,2017,C580Y,885,2,2,2,2,0,0,0,23
886,RCN08136,VN,2017,C580Y,886,2,1,1,1,1,1,1,2
887,RCN08138,VN,2017,C580Y,887,2,2,2,2,0,0,0,20
888,RCN08139,VN,2017,C580Y,888,2,1,3,3,1,1,1,37
889,RCN08140,VN,2017,C580Y,889,2,2,3,2,0,0,0,9
890,RCN08141,VN,2017,C580Y,890,2,2,2,2,0,0,0,9
891,RCN08143,VN,2017,C580Y,891,2,2,2,2,0,0,0,9
892,RCN08144,VN,2017,C580Y,892,2,2,2,2,0,0,0,9
893,RCN08145,VN,2017,C580Y,893,2,1,3,3,1,1,1,37
894,RCN08147,VN,2017,C580Y,894,2,2,2,2,0,0,0,44
895,RCN08148,VN,2017,C580Y,895,2,2,2,2,0,0,0,44
896,RCN08232,WKH,2016,C580Y,896,2,1,3,3,1,1,1,37
897,RCN08389,LA,2016,WT,897,94,236,259,282,42,47,46,11
898,RCN08390,LA,2016,WT,898,127,258,283,307,289,321,350,16
899,RCN08392,LA,2016,WT,899,94,236,259,282,42,47,46,11
900,RCN08393,ETH,2017,C580Y,900,2,1,3,3,1,1,1,37
901,RCN08807,VN,2017,C580Y,901,2,2,2,2,0,0,0,26
902,RCN08809,VN,2017,-,902,2,2,2,2,0,0,0,4
903,RCN08810,VN,2017,C580Y,903,2,2,1,1,0,0,1,28
904,RCN08811,VN,2017,WT,904,28,19,23,308,64,107,351,2
905,RCN08812,VN,2017,C580Y,905,2,2,2,2,0,0,0,33
906,RCN08813,VN,2017,C580Y,906,2,2,2,2,0,0,0,5
907,RCN08814,VN,2017,C580Y,907,2,2,2,2,0,0,0,5
908,RCN08815,VN,2017,C580Y,908,2,27,81,88,4,16,12,13
909,RCN08816,VN,2017,C580Y,909,2,2,2,2,0,0,0,44
910,RCN08817,VN,2017,C580Y,910,2,2,2,2,0,0,0,44
911,RCN08818,VN,2017,C580Y,911,2,2,2,2,0,0,0,44
912,RCN08819,VN,2017,C580Y,912,2,2,2,2,0,0,0,23
913,RCN08820,VN,2017,C580Y,913,2,2,2,2,0,0,0,44
914,RCN08821,VN,2017,WT,914,61,259,284,309,99,108,114,13
915,RCN08822,VN,2017,WT,915,61,259,284,309,99,108,114,13
916,RCN08824,VN,2017,-,916,169,260,285,310,290,322,352,18
917,RCN08825,VN,2017,Het,917,143,261,286,311,21,25,24,31
918,RCN08827,VN,2017,P553L,918,143,261,286,311,21,25,24,31
919,RCN08828,VN,2017,WT,919,18,153,170,190,25,29,29,25
920,RCN08829,VN,2017,P553L,920,143,261,286,311,21,25,24,31
921,RCN08830,VN,2017,WT,921,67,262,287,312,100,109,115,13
922,RCN08831,VN,2017,WT,922,67,262,287,312,100,109,115,13
923,RCN08833,VN,2017,WT,923,51,263,288,313,101,110,353,1
924,RCN08834,VN,2017,WT,924,51,263,288,314,101,110,354,24
925,RCN08878,VN,2017,WT,925,15,89,289,315,7,7,7,25
926,RCN08881,VN,2017,-,926,49,94,106,119,14,17,13,17
927,RCN08882,VN,2017,-,927,2,1,3,3,1,1,1,30
928,RCN08883,VN,2017,WT,928,145,264,290,316,102,111,116,17
929,RCN08884,VN,2017,WT,929,145,264,290,316,102,111,116,17
930,RCN08887,VN,2017,-,930,49,94,106,119,14,17,13,17
931,RCN08888,VN,2017,Het,931,18,153,170,190,25,29,29,25
932,RCN08889,VN,2017,WT,932,137,265,291,317,291,323,355,1
933,RCN08890,VN,2017,-,933,20,129,146,318,39,44,66,17
934,RCN08891,VN,2017,WT,934,20,129,146,318,39,44,66,17
935,RCN08892,VN,2017,-,935,20,129,146,318,39,44,66,17
936,RCN08922,LA,2017,WT,936,100,266,292,319,6,6,6,6
937,RCN08923,LA,2017,WT,937,15,89,289,315,7,7,7,25
938,RCN08925,LA,2017,WT,938,15,89,289,315,7,7,7,25
939,RCN08926,LA,2017,C580Y,939,2,2,2,2,0,0,0,16
940,RCN08927,LA,2017,WT,940,15,89,289,315,7,7,7,25
941,RCN08929,LA,2017,C580Y,941,2,2,3,3,0,0,1,38
942,RCN08930,LA,2017,WT,942,15,89,289,315,7,7,7,25
943,RCN08931,LA,2017,C580Y,943,2,2,2,2,0,0,0,5
944,RCN08933,LA,2017,WT,944,15,89,289,315,7,7,7,25
945,RCN08934,LA,2017,WT,945,100,266,292,319,6,6,6,6
946,RCN08935,LA,2017,WT,946,15,89,289,315,7,7,7,25
947,RCN08936,LA,2017,WT,947,15,89,289,315,7,7,7,25
948,RCN08937,LA,2017,WT,948,100,266,292,319,6,6,6,6
949,RCN08938,LA,2017,WT,949,132,267,293,320,73,75,78,33
950,RCN08939,LA,2017,WT,950,100,266,292,319,6,6,6,6
951,RCN08941,LA,2017,WT,951,100,266,292,319,6,6,6,6
952,RCN08942,LA,2017,C580Y,952,2,1,3,3,1,1,1,37
953,RCN08943,LA,2017,WT,953,100,266,292,319,6,6,6,6
954,RCN08945,LA,2017,WT,954,100,266,292,319,6,6,6,6
955,RCN08946,LA,2017,WT,955,15,89,289,315,7,7,7,25
956,RCN08947,LA,2017,WT,956,15,89,289,315,7,7,7,25
957,RCN08949,LA,2017,WT,957,100,266,292,319,6,6,6,6
958,RCN08950,LA,2017,WT,958,15,89,289,315,7,7,7,25
959,RCN08951,LA,2017,WT,959,15,89,289,315,7,7,7,25
960,RCN08952,LA,2017,WT,960,15,89,289,315,7,7,7,25
961,RCN08953,LA,2017,WT,961,15,89,289,315,7,7,7,25
962,RCN08954,LA,2017,WT,962,100,266,292,319,6,6,6,6
963,RCN08957,LA,2017,WT,963,100,266,292,319,6,6,6,6
964,RCN08958,LA,2017,C580Y,964,2,2,2,2,0,0,0,20
965,RCN08959,LA,2017,C580Y,965,2,1,3,3,1,1,1,36
966,RCN08960,LA,2017,C580Y,966,2,2,3,3,0,0,0,39
967,RCN08961,LA,2017,C580Y,967,2,1,1,1,1,1,1,2
968,RCN08962,LA,2017,WT,968,69,268,294,321,112,122,125,2
969,RCN08963,LA,2017,C580Y,969,2,1,3,3,1,1,1,1
970,RCN08966,LA,2017,C580Y,970,2,1,3,3,1,1,1,37
971,RCN08971,LA,2017,C580Y,971,2,1,3,3,1,1,1,37
972,RCN08973,LA,2017,WT,972,100,266,292,319,6,6,6,6
973,RCN08974,LA,2017,WT,973,100,266,292,319,6,6,6,6
974,RCN08975,LA,2017,C580Y,974,2,1,3,3,1,1,1,24
975,RCN08976,LA,2017,C580Y,975,2,2,2,2,0,0,0,5
976,RCN08977,LA,2017,C580Y,976,2,2,2,2,0,0,0,20
977,RCN08978,LA,2017,WT,977,100,266,292,319,6,6,6,6
978,RCN08979,LA,2017,WT,978,100,266,292,319,6,6,6,6
979,RCN08981,LA,2017,R539T,979,2,0,0,0,1,2,2,49
980,RCN08982,LA,2017,R539T,980,2,0,0,0,1,2,2,49
981,RCN08984,LA,2017,C580Y,981,2,2,2,2,0,0,0,33
982,RCN08985,LA,2017,C580Y,982,2,2,3,2,0,0,0,39
983,RCN08987,LA,2017,C580Y,983,2,2,3,3,0,0,0,39
984,RCN08989,LA,2017,C580Y,984,2,2,2,2,0,0,0,21
985,RCN08990,LA,2017,C580Y,985,2,2,2,2,0,0,0,20
986,RCN08991,LA,2017,C580Y,986,2,2,2,2,0,0,0,16
987,RCN08992,LA,2017,Het,987,2,2,3,3,0,0,1,22
988,RCN08993,LA,2017,C580Y,988,2,2,2,2,0,0,0,44
989,RCN08994,LA,2017,C580Y,989,2,1,3,3,1,1,1,37
990,RCN08995,LA,2017,C580Y,990,2,2,3,3,0,0,1,22
991,RCN08998,LA,2017,C580Y,991,2,1,3,3,1,1,1,37
992,RCN08999,LA,2017,C580Y,992,2,1,3,3,1,1,1,36
993,RCN09000,LA,2017,C580Y,993,2,2,2,2,0,0,0,16
994,RCN09001,LA,2017,C580Y,994,2,2,2,2,0,0,0,21
995,RCN09002,LA,2017,C580Y,995,2,2,2,2,0,0,0,16
996,RCN09003,LA,2017,C580Y,996,2,2,2,2,0,0,0,42
997,RCN09006,LA,2017,C580Y,997,2,1,3,3,1,1,1,37
998,RCN09007,LA,2017,C580Y,998,2,1,3,3,1,1,1,37
999,RCN09010,LA,2017,Het,999,2,1,3,3,1,1,1,37
1000,RCN09011,LA,2017,C580Y,1000,2,2,2,2,0,0,0,20
1001,RCN09012,LA,2017,C580Y,1001,2,2,2,2,0,0,0,20
1002,RCN09014,LA,2017,WT,1002,100,266,292,319,6,6,6,6
1003,RCN09016,LA,2017,C580Y,1003,2,2,3,3,0,0,0,39
1004,RCN09018,LA,2017,C580Y,1004,2,2,3,3,0,0,0,39
1005,RCN09019,LA,2017,C580Y,1005,2,2,3,3,0,0,0,39
1006,RCN09020,LA,2017,C580Y,1006,2,2,2,2,0,0,0,20
1007,RCN09021,LA,2017,C580Y,1007,2,2,3,3,0,0,0,39
1008,RCN09022,LA,2017,C580Y,1008,2,1,3,3,1,1,1,36
1009,RCN09023,LA,2017,C580Y,1009,2,2,2,2,0,0,0,20
1010,RCN09024,LA,2017,C580Y,1010,2,1,3,3,1,1,1,37
1011,RCN09025,LA,2017,C580Y,1011,2,2,3,3,0,0,0,39
1012,RCN09027,LA,2017,C580Y,1012,2,21,25,25,0,0,0,13
1013,RCN09029,LA,2017,WT,1013,8,269,295,322,5,48,47,25
1014,RCN09031,LA,2017,WT,1014,10,270,296,323,9,68,68,33
1015,RCN09032,LA,2017,WT,1015,10,270,296,323,9,68,68,33
1016,RCN09033,LA,2017,WT,1016,45,271,297,324,104,113,118,45
1017,RCN09034,LA,2017,C580Y,1017,2,2,3,3,0,0,1,38
1018,RCN09035,LA,2017,WT,1018,8,269,298,325,5,5,5,45
1019,RCN09036,LA,2017,WT,1019,8,269,298,325,5,5,5,45
1020,RCN09037,LA,2017,C580Y,1020,2,21,25,25,0,0,0,13
1021,RCN09038,LA,2017,K13-other,1021,113,272,299,326,103,112,117,33
1022,RCN09039,LA,2017,K13-other,1022,113,272,299,326,103,112,117,33
1023,RCN09040,LA,2017,C580Y,1023,2,21,25,25,0,0,0,13
1024,RCN09041,LA,2017,WT,1024,8,269,295,322,5,48,47,25
1025,RCN09042,LA,2017,WT,1025,38,244,267,290,16,19,16,25
1026,RCN09043,LA,2017,WT,1026,38,244,267,290,16,19,16,25
1027,RCN09044,LA,2017,WT,1027,38,244,267,290,16,19,16,25
1028,RCN09045,LA,2017,Het,1028,8,269,298,325,5,5,5,45
1029,RCN09046,LA,2017,C580Y,1029,2,21,25,25,0,0,0,13
1030,RCN09047,LA,2017,WT,1030,58,273,300,327,40,45,44,25
1031,RCN09048,LA,2017,WT,1031,124,274,301,328,105,114,119,33
1032,RCN09049,LA,2017,WT,1032,37,275,302,329,41,46,45,31
1033,RCN09050,LA,2017,WT,1033,37,275,302,329,41,46,45,31
1034,RCN09052,LA,2017,WT,1034,30,253,278,301,65,67,67,14
1035,RCN09053,LA,2017,C580Y,1035,2,21,25,25,0,0,0,13
1036,RCN09054,LA,2017,C580Y,1036,2,21,25,25,0,0,0,13
1037,RCN09055,LA,2017,C580Y,1037,2,21,25,25,0,0,0,13
1038,RCN09056,LA,2017,C580Y,1038,2,21,25,25,0,0,0,13
1039,RCN09057,LA,2017,C580Y,1039,2,21,25,25,0,0,0,13
1040,RCN09058,LA,2017,C580Y,1040,2,21,25,25,0,0,0,13
1041,RCN09059,LA,2017,C580Y,1041,2,21,25,25,0,0,0,13
1042,RCN09060,LA,2017,C580Y,1042,2,21,25,25,0,0,0,13
1043,RCN09061,LA,2017,WT,1043,30,253,278,301,65,67,67,14
1044,RCN09062,LA,2017,C580Y,1044,2,21,25,25,0,0,0,13
1045,RCN09063,LA,2017,WT,1045,38,244,267,290,16,19,16,25
1046,RCN09064,LA,2017,WT,1046,58,273,300,327,40,45,44,25
1047,RCN09065,LA,2017,WT,1047,58,273,300,327,40,45,44,25
1048,RCN09066,LA,2017,WT,1048,10,270,303,330,9,20,17,33
1049,RCN09069,LA,2017,WT,1049,90,276,304,331,292,324,356,41
1050,RCN09070,LA,2017,WT,1050,10,270,303,330,9,20,17,33
1051,RCN09071,LA,2017,WT,1051,38,244,267,290,16,19,16,25
1052,RCN09072,LA,2017,WT,1052,10,270,303,330,9,20,17,33
1053,RCN09073,LA,2017,WT,1053,38,244,267,290,16,19,16,25
1054,RCN09074,LA,2017,WT,1054,38,244,267,290,16,19,16,25
1055,RCN09075,LA,2017,WT,1055,10,270,303,330,9,20,17,33
1056,RCN09076,LA,2017,WT,1056,58,273,300,327,40,45,44,25
1057,RCN09077,LA,2017,WT,1057,37,275,302,329,41,46,45,31
1058,RCN09079,LA,2017,WT,1058,10,270,303,330,9,20,17,33
1059,RCN09080,LA,2017,WT,1059,37,275,302,329,41,46,45,31
1060,RCN09081,LA,2017,WT,1060,8,269,295,322,5,48,47,25
1061,RCN09082,LA,2017,WT,1061,10,270,303,330,9,20,17,33
1062,RCN09083,LA,2017,WT,1062,10,270,296,323,9,68,68,33
1063,RCN09084,LA,2017,WT,1063,45,271,297,324,104,113,118,45
1064,RCN09088,LA,2017,WT,1064,94,236,259,282,42,47,46,11
1065,RCN09093,LA,2017,WT,1065,139,277,305,332,67,70,70,33
1066,RCN09095,LA,2017,WT,1066,139,277,305,332,67,70,70,33
1067,RCN09096,LA,2017,WT,1067,44,278,306,333,293,325,357,16
1068,RCN09098,LA,2017,WT,1068,124,274,301,328,105,114,119,33
1069,RCN09103,LA,2017,WT,1069,32,279,307,334,70,72,72,29
1070,RCN09105,LA,2017,WT,1070,47,280,308,335,22,26,25,29
1071,RCN09106,LA,2017,WT,1071,32,279,307,334,70,72,72,29
1072,RCN09110,LA,2017,WT,1072,63,281,309,336,108,117,121,17
1073,RCN09111,LA,2017,WT,1073,46,99,112,337,106,115,358,11
1074,RCN09112,LA,2017,WT,1074,140,282,310,338,66,69,69,11
1075,RCN09113,LA,2017,WT,1075,8,269,298,325,5,5,5,45
1076,RCN09114,LA,2017,WT,1076,140,282,310,338,66,69,69,11
1077,RCN09115,LA,2017,WT,1077,8,269,298,325,5,5,5,45
1078,RCN09116,LA,2017,WT,1078,8,269,298,325,5,5,5,45
1079,RCN09117,LA,2017,WT,1079,116,283,311,339,68,71,71,11
1080,RCN09118,LA,2017,WT,1080,47,280,308,335,22,26,25,29
1081,RCN09119,LA,2017,WT,1081,119,284,312,340,294,326,359,14
1082,RCN09120,LA,2017,WT,1082,64,285,313,341,107,116,120,33
1083,RCN09121,LA,2017,WT,1083,8,269,298,325,5,5,5,45
1084,RCN09122,LA,2017,WT,1084,77,286,314,342,109,118,122,33
1085,RCN09126,LA,2017,WT,1085,8,269,298,325,5,5,5,45
1086,RCN09127,LA,2017,WT,1086,14,287,315,343,44,121,124,17
1087,RCN09128,LA,2017,WT,1087,140,282,310,338,66,69,69,11
1088,RCN09129,LA,2017,WT,1088,139,277,305,332,67,70,70,33
1089,RCN09130,LA,2017,Het,1089,2,21,25,25,0,0,0,13
1090,RCN09131,LA,2017,WT,1090,64,285,313,341,107,116,120,33
1091,RCN09132,LA,2017,WT,1091,10,270,303,330,9,20,17,33
1092,RCN09133,LA,2017,WT,1092,10,270,303,330,9,20,17,33
1093,RCN09134,LA,2017,C580Y,1093,2,21,25,25,0,0,0,13
1094,RCN09135,LA,2017,C580Y,1094,2,21,25,25,0,0,0,13
1095,RCN09136,LA,2017,C580Y,1095,2,21,25,25,0,0,0,13
1096,RCN09137,LA,2017,WT,1096,47,280,308,335,22,26,25,29
1097,RCN09138,LA,2017,WT,1097,63,281,309,336,108,117,121,17
1098,RCN09139,LA,2017,WT,1098,77,286,314,342,109,118,122,33
1099,RCN09140,LA,2017,WT,1099,47,280,308,335,22,26,25,29
1100,RCN09141,LA,2017,WT,1100,116,283,311,339,68,71,71,11
1101,RCN09143,LA,2017,WT,1101,101,288,316,344,110,119,123,2
1102,RCN09144,LA,2017,WT,1102,116,283,311,339,68,71,71,11
1103,RCN09145,LA,2017,WT,1103,101,288,316,344,110,119,123,2
1104,RCN09146,LA,2017,WT,1104,47,280,308,335,22,26,25,29
1105,RCN09147,LA,2017,WT,1105,79,289,317,345,295,327,360,4
1106,RCN09148,LA,2017,WT,1106,47,280,308,335,22,26,25,29
1107,RCN09149,LA,2017,WT,1107,5,207,235,346,69,120,361,1
1108,RCN09150,LA,2017,WT,1108,76,290,318,347,296,328,362,17
1109,RCN09151,LA,2017,WT,1109,8,269,298,325,5,5,5,45
1110,RCN09155,LA,2017,WT,1110,8,269,298,325,5,5,5,45
1111,RCN09156,LA,2017,WT,1111,8,269,298,325,5,5,5,45
1112,RCN09157,LA,2017,WT,1112,8,269,295,322,5,48,47,25
1113,RCN09158,LA,2017,WT,1113,8,269,298,325,5,5,5,45
1114,RCN09159,LA,2017,WT,1114,8,269,298,325,5,5,5,45
1115,RCN09160,LA,2017,WT,1115,8,269,298,325,5,5,5,45
1116,RCN09161,LA,2017,WT,1116,8,269,298,325,5,5,5,45
1117,RCN09162,LA,2017,WT,1117,8,269,298,325,5,5,5,45
1118,RCN09163,LA,2017,WT,1118,8,269,298,325,5,5,5,45
1119,RCN09164,LA,2017,WT,1119,8,269,298,325,5,5,5,45
1120,RCN09165,LA,2017,WT,1120,32,279,307,334,70,72,72,29
1121,RCN09166,LA,2017,WT,1121,14,287,315,343,44,121,124,17
1122,RCN09167,LA,2017,WT,1122,202,291,319,348,297,329,363,7
1123,RCN09168,LA,2017,C580Y,1123,2,1,3,3,1,1,1,37
1124,RCN09170,LA,2017,WT,1124,21,51,57,109,43,49,73,20
1125,RCN09220,VN,2017,WT,1125,1,181,320,349,111,330,364,37
1126,RCN09225,VN,2017,P553L,1126,143,261,286,311,21,25,24,31
1127,RCN09226,VN,2017,P553L,1127,143,261,286,311,21,25,24,31
1128,RCN09229,VN,2017,P553L,1128,143,261,286,311,21,25,24,31
1129,RCN09230,VN,2017,P553L,1129,143,261,286,311,21,25,24,31
1130,RCN09234,VN,2017,C580Y,1130,2,2,2,2,0,0,0,33
1131,RCN09235,VN,2017,C580Y,1131,2,1,3,3,1,1,1,36
1132,RCN09236,VN,2017,C580Y,1132,2,2,2,2,0,0,0,23
1133,RCN09238,VN,2017,C580Y,1133,2,2,3,3,0,0,1,38
1134,RCN09239,VN,2017,WT,1134,100,266,292,319,6,6,6,6
1135,RCN09240,VN,2017,C580Y,1135,2,2,2,2,0,0,0,44
1136,RCN09241,VN,2017,C580Y,1136,2,1,3,3,1,1,1,36
1137,RCN09245,VN,2017,C580Y,1137,2,2,2,2,0,0,0,9
1138,RCN09250,VN,2017,C580Y,1138,2,2,2,2,0,0,0,20
1139,RCN09251,VN,2017,C580Y,1139,2,2,2,2,0,0,0,21
1140,RCN09254,VN,2017,C580Y,1140,2,2,2,2,0,0,0,26
1141,RCN09258,VN,2017,C580Y,1141,2,2,2,2,0,0,0,5
1142,RCN09259,VN,2017,C580Y,1142,2,2,2,2,0,0,0,20
1143,RCN09260,VN,2017,C580Y,1143,2,2,2,2,0,0,0,20
1144,RCN09261,VN,2017,C580Y,1144,2,1,1,1,1,1,1,2
1145,RCN09262,VN,2017,C580Y,1145,2,2,2,2,0,0,0,44
1146,RCN09264,VN,2017,C580Y,1146,2,2,2,2,0,0,0,21
1147,RCN09265,VN,2017,C580Y,1147,2,2,2,2,0,0,0,21
1148,RCN09266,VN,2017,C580Y,1148,2,2,2,2,0,0,0,21
1149,RCN09268,VN,2017,C580Y,1149,2,2,2,2,0,0,0,21
1150,RCN09269,VN,2017,C580Y,1150,2,2,2,2,0,0,0,34
1151,RCN09270,VN,2017,C580Y,1151,2,2,2,2,0,0,0,5
1152,RCN09271,VN,2017,C580Y,1152,2,2,2,2,0,0,0,19
1153,RCN09272,VN,2017,C580Y,1153,2,2,2,2,0,0,0,9
1154,RCN09273,VN,2017,C580Y,1154,2,1,3,3,1,1,1,18
1155,RCN09274,VN,2017,C580Y,1155,2,2,2,2,0,0,0,44
1156,RCN09276,VN,2017,WT,1156,41,292,321,350,45,50,48,29
1157,RCN09278,VN,2017,C580Y,1157,2,2,2,2,0,0,0,12
1158,RCN09282,VN,2017,WT,1158,69,268,294,321,112,122,125,2
1159,RCN09283,VN,2017,C580Y,1159,2,1,1,1,1,1,1,2
1160,RCN09284,VN,2017,C580Y,1160,2,2,2,2,0,0,0,44
1161,RCN09285,VN,2017,R539T,1161,2,0,0,351,1,2,133,49
1162,RCN10143,VN,2017,Het,1162,29,111,125,352,113,123,365,33
1163,RCN10145,VN,2017,WT,1163,33,293,322,353,17,21,18,17
1164,RCN10151,VN,2017,C580Y,1164,2,2,2,2,0,0,0,20
1165,RCN10159,VN,2017,C580Y,1165,2,2,3,3,0,0,0,27
1166,RCN10162,VN,2017,WT,1166,33,293,322,353,17,21,18,17
1167,RCN10167,VN,2017,C580Y,1167,2,2,2,2,0,0,0,20
1168,RCN10168,VN,2017,C580Y,1168,2,2,2,2,0,0,0,35
1169,RCN10169,VN,2017,C580Y,1169,2,2,3,2,0,0,0,18
1170,RCN10170,VN,2017,WT,1170,2,27,323,354,4,10,8,17
1171,RCN10199,WKH,2017,C580Y,1171,2,1,3,3,1,1,1,37
1172,RCN10200,WKH,2017,C580Y,1172,2,2,2,2,0,0,0,15
1173,RCN10201,WKH,2017,C580Y,1173,2,1,3,3,1,1,1,37
1174,RCN10202,WKH,2017,C580Y,1174,2,1,3,3,1,1,1,37
1175,RCN10203,WKH,2017,C580Y,1175,2,1,3,3,1,1,1,37
1176,RCN10204,WKH,2017,C580Y,1176,2,2,2,2,0,0,0,15
1177,RCN10205,WKH,2017,C580Y,1177,2,2,2,2,0,0,0,15
1178,RCN10208,WKH,2017,C580Y,1178,2,1,3,3,0,0,0,27
1179,RCN10238,VN,2017,C580Y,1179,2,2,2,2,0,0,0,4
1180,RCN10244,VN,2017,WT,1180,2,27,323,354,4,10,8,17
1181,RCN10246,VN,2017,C580Y,1181,2,1,3,3,1,1,1,36
1182,RCN10247,VN,2017,C580Y,1182,2,2,2,2,0,0,0,20
1183,RCN10250,VN,2017,C580Y,1183,2,2,2,2,0,0,0,20
1184,RCN10252,VN,2017,C580Y,1184,2,2,2,2,0,0,0,29
1185,RCN10254,VN,2017,C580Y,1185,2,2,2,2,0,0,0,4
1186,RCN10256,VN,2017,C580Y,1186,2,2,2,2,0,0,0,26
1187,RCN10268,VN,2017,C580Y,1187,2,2,2,2,0,0,0,29
1188,RCN10279,VN,2017,Het,1188,2,2,2,2,0,0,0,46
1189,RCN10284,VN,2017,C580Y,1189,2,2,2,2,0,0,0,29
1190,RCN10286,VN,2017,C580Y,1190,2,2,2,2,0,0,0,29
1191,RCN10290,VN,2017,C580Y,1191,2,2,2,2,0,0,0,44
1192,RCN10291,VN,2017,C580Y,1192,2,1,3,3,1,1,1,36
1193,RCN10292,VN,2017,C580Y,1193,2,2,2,2,0,0,0,20
1194,RCN10293,VN,2017,C580Y,1194,2,1,3,3,1,1,1,37
1195,RCN10296,VN,2017,C580Y,1195,2,1,3,3,1,1,1,37
1196,RCN10297,VN,2017,C580Y,1196,2,2,2,2,0,0,0,20
1197,RCN10298,VN,2017,C580Y,1197,2,2,2,2,0,0,0,44
1198,RCN10299,VN,2017,C580Y,1198,2,27,81,88,4,16,12,13
1199,RCN10300,VN,2017,C580Y,1199,2,2,2,2,0,0,0,20
1200,RCN10305,VN,2017,C580Y,1200,2,1,3,3,1,1,1,37
1201,RCN10306,VN,2017,C580Y,1201,2,2,2,2,0,0,0,20
1202,RCN10307,VN,2017,C580Y,1202,2,2,2,2,0,0,0,21
1203,RCN10308,VN,2017,C580Y,1203,2,2,2,2,0,0,0,20
1204,RCN10309,VN,2017,C580Y,1204,2,2,2,2,0,0,0,44
1205,RCN10311,VN,2017,C580Y,1205,2,1,3,3,1,1,1,37
1206,RCN10313,VN,2017,C580Y,1206,2,2,2,2,0,0,0,44
1207,RCN10314,VN,2017,Het,1207,2,2,2,2,0,0,0,23
1208,RCN10315,VN,2017,C580Y,1208,2,2,2,2,0,0,0,5
1209,RCN10316,VN,2017,C580Y,1209,2,2,2,2,0,0,0,20
1210,RCN10317,VN,2017,C580Y,1210,2,2,2,2,0,0,0,20
1211,RCN10318,VN,2017,C580Y,1211,2,2,2,2,0,0,0,20
1212,RCN10319,VN,2017,C580Y,1212,2,2,2,2,0,0,0,21
1213,RCN10320,VN,2017,C580Y,1213,2,2,2,2,0,0,0,20
1214,RCN10321,VN,2017,C580Y,1214,2,2,2,2,0,0,0,44
1215,RCN10322,VN,2017,C580Y,1215,2,2,2,2,0,0,0,44
1216,RCN10323,VN,2017,C580Y,1216,2,2,2,2,0,0,0,44
1217,RCN10324,VN,2017,C580Y,1217,2,2,2,2,0,0,0,44
1218,RCN10325,VN,2017,C580Y,1218,2,1,3,3,1,1,1,36
1219,RCN10330,VN,2017,C580Y,1219,2,2,2,2,0,0,0,12
1220,RCN10332,VN,2017,WT,1220,134,294,324,355,298,331,366,39
1221,RCN10333,VN,2017,C580Y,1221,2,1,1,1,1,1,1,2
1222,RCN10337,VN,2017,Het,1222,2,2,2,2,0,0,0,44
1223,RCN10338,VN,2017,K13-other,1223,24,180,200,356,71,73,126,33
1224,RCN10339,VN,2017,WT,1224,4,14,163,357,8,15,74,33
1225,RCN10340,VN,2017,WT,1225,4,14,163,357,8,15,74,33
1226,RCN10341,VN,2017,WT,1226,4,14,163,357,8,15,74,33
1227,RCN10345,VN,2017,C580Y,1227,2,2,2,2,0,0,0,44
1228,RCN10346,VN,2017,C580Y,1228,2,2,2,2,0,0,0,44
1229,RCN10347,VN,2017,WT,1229,2,27,323,354,4,10,8,17
1230,RCN10348,VN,2017,C580Y,1230,2,1,1,1,1,1,1,2
1231,RCN10349,VN,2017,WT,1231,114,295,325,358,299,332,367,39
1232,RCN10350,VN,2017,C580Y,1232,2,2,2,2,0,0,0,9
1233,RCN10351,VN,2017,C580Y,1233,2,2,3,3,0,1,1,18
1234,RCN10352,VN,2017,C580Y,1234,2,1,1,1,1,1,1,2
1235,RCN10353,VN,2017,C580Y,1235,2,2,2,2,0,0,0,43
1236,RCN10354,VN,2017,C580Y,1236,2,2,2,2,0,0,0,20
1237,RCN10356,VN,2017,WT,1237,2,27,323,354,4,10,8,17
1238,RCN10357,VN,2017,WT,1238,2,27,323,354,4,10,8,17
1239,RCN10362,VN,2017,C580Y,1239,2,27,81,88,4,16,12,13
1240,RCN10363,VN,2017,C580Y,1240,2,2,2,2,0,0,0,44
1241,RCN10364,VN,2017,C580Y,1241,2,2,2,2,0,0,0,44
1242,RCN10365,VN,2017,C580Y,1242,2,2,2,2,0,0,0,44
1243,RCN10370,VN,2017,C580Y,1243,2,2,2,2,0,0,0,21
1244,RCN10372,VN,2017,WT,1244,33,293,322,353,17,21,18,17
1245,RCN10373,VN,2017,C580Y,1245,2,2,2,2,0,0,0,4
1246,RCN10377,VN,2017,C580Y,1246,2,2,2,2,0,0,0,21
1247,RCN10379,VN,2017,C580Y,1247,2,2,2,2,0,0,0,21
1248,RCN10380,VN,2017,WT,1248,268,296,326,359,300,333,368,24
1249,RCN10381,VN,2017,C580Y,1249,2,2,2,2,0,0,0,21
1250,RCN10382,VN,2017,C580Y,1250,2,2,2,2,0,0,0,21
1251,RCN10384,VN,2017,C580Y,1251,2,2,2,2,0,0,0,44
1252,RCN10385,VN,2017,WT,1252,47,280,308,335,22,26,25,29
1253,RCN10386,VN,2017,C580Y,1253,2,2,2,2,0,0,0,33
1254,RCN10387,VN,2017,C580Y,1254,2,2,2,2,0,0,0,33
1255,RCN10388,VN,2017,WT,1255,2,27,323,354,4,10,8,17
1256,RCN10390,VN,2017,WT,1256,2,27,323,354,4,10,8,17
1257,RCN10391,VN,2017,C580Y,1257,2,2,2,2,0,0,0,4
1258,RCN10392,VN,2017,WT,1258,49,94,106,119,14,17,13,17
1259,RCN10393,VN,2017,WT,1259,49,94,106,119,14,17,13,17
1260,RCN10396,VN,2017,C580Y,1260,2,2,2,2,0,0,0,20
1261,RCN10397,VN,2017,C580Y,1261,2,1,3,3,1,1,1,37
1262,RCN10398,VN,2017,C580Y,1262,2,2,2,2,0,0,0,29
1263,RCN10399,VN,2017,WT,1263,49,94,106,119,14,17,13,17
1264,RCN10400,VN,2017,WT,1264,49,94,106,119,14,17,13,17
1265,RCN10401,VN,2017,WT,1265,2,27,323,354,4,10,8,17
1266,RCN10402,VN,2017,WT,1266,49,94,106,119,14,17,13,17
1267,RCN10405,VN,2017,K13-other,1267,24,180,200,356,71,73,126,33
1268,RCN10406,VN,2017,WT,1268,2,27,323,354,4,10,8,17
1269,RCN10408,VN,2017,C580Y,1269,2,2,2,2,0,0,0,29
1270,RCN10689,VN,2017,C580Y,1270,2,2,2,2,0,0,0,9
1271,RCN10690,VN,2017,C580Y,1271,2,2,2,2,0,0,0,44
1272,RCN10691,VN,2017,WT,1272,100,266,292,319,6,6,6,6
1273,RCN10692,VN,2017,C580Y,1273,2,2,2,2,0,0,0,20
1274,RCN10693,VN,2017,C580Y,1274,2,2,2,2,0,0,0,33
1275,RCN10694,VN,2017,C580Y,1275,2,2,2,2,0,0,0,33
1276,RCN10695,VN,2017,C580Y,1276,2,2,2,2,0,0,0,35
1277,RCN10696,VN,2017,C580Y,1277,2,2,2,2,0,0,0,33
1278,RCN10697,VN,2017,C580Y,1278,2,2,2,2,0,0,0,20
1279,RCN10699,VN,2017,C580Y,1279,2,2,2,2,0,0,0,33
1280,RCN10703,VN,2017,C580Y,1280,2,2,3,3,0,0,0,27
1281,RCN10704,VN,2017,Het,1281,2,2,2,2,0,0,0,20
1282,RCN10706,VN,2017,C580Y,1282,2,2,2,2,0,0,0,20
1283,RCN10707,VN,2017,Het,1283,2,2,327,360,0,334,369,10
1284,RCN10709,VN,2017,C580Y,1284,2,2,2,2,0,0,0,20
1285,RCN10710,VN,2017,C580Y,1285,2,2,2,2,0,0,0,34
1286,RCN10712,VN,2017,C580Y,1286,2,2,2,2,0,0,0,33
1287,RCN10715,VN,2017,WT,1287,2,27,323,354,4,10,8,17
1288,RCN10716,VN,2017,WT,1288,33,293,322,353,17,21,18,17
1289,RCN10717,VN,2017,WT,1289,2,27,323,354,4,10,8,17
1290,RCN10718,VN,2017,Het,1290,33,293,322,353,17,21,18,17
1291,RCN10719,VN,2017,WT,1291,33,293,322,353,17,21,18,17
1292,RCN10720,VN,2017,WT,1292,33,293,322,353,17,21,18,17
1293,RCN10721,VN,2017,WT,1293,33,293,322,353,17,21,18,17
1294,RCN10722,VN,2017,C580Y,1294,2,2,2,2,0,0,0,4
1295,RCN10723,VN,2017,C580Y,1295,2,2,2,2,0,0,0,33
1296,RCN10724,VN,2017,C580Y,1296,2,2,2,2,0,0,0,35
1297,RCN10725,VN,2017,C580Y,1297,2,2,2,2,0,0,0,35
1298,RCN10726,VN,2017,C580Y,1298,2,2,2,2,0,0,0,35
1299,RCN10727,VN,2017,C580Y,1299,2,2,2,2,0,0,0,35
1300,RCN10728,VN,2017,C580Y,1300,2,2,2,2,0,0,0,33
1301,RCN10729,VN,2017,C580Y,1301,2,2,2,2,0,0,0,33
1302,RCN10730,VN,2017,C580Y,1302,2,2,2,2,0,0,0,44
1303,RCN10731,VN,2017,WT,1303,2,27,323,354,4,10,8,17
1304,RCN10732,VN,2017,WT,1304,2,27,323,354,4,10,8,17
1305,RCN10733,VN,2017,C580Y,1305,2,2,2,3,0,0,0,35
1306,RCN10734,VN,2017,C580Y,1306,2,2,2,2,0,0,0,33
1307,RCN10735,VN,2017,C580Y,1307,2,2,3,3,0,0,0,9
1308,RCN10736,VN,2017,C580Y,1308,2,2,2,2,0,0,0,20
1309,RCN10737,VN,2017,C580Y,1309,2,2,2,2,0,0,0,33
1310,RCN10738,VN,2017,C580Y,1310,2,2,2,2,0,0,0,44
1311,RCN10741,VN,2017,C580Y,1311,2,2,2,2,0,0,0,44
1312,RCN10742,VN,2017,C580Y,1312,2,2,2,2,0,0,0,44
1313,RCN10743,VN,2017,C580Y,1313,2,2,3,3,0,0,1,18
1314,RCN10744,VN,2017,C580Y,1314,2,2,2,2,0,0,0,28
1315,RCN10745,VN,2017,C580Y,1315,2,2,2,2,0,0,0,9
1316,RCN10746,VN,2017,C580Y,1316,2,1,3,3,0,0,1,27
1317,RCN10752,VN,2017,C580Y,1317,2,2,2,2,0,0,0,46
1318,RCN10761,VN,2017,C580Y,1318,2,1,3,3,1,1,1,37
1319,RCN10762,VN,2017,C580Y,1319,2,2,2,2,0,0,0,44
1320,RCN10764,VN,2017,C580Y,1320,2,2,2,2,0,0,0,9
1321,RCN10766,VN,2017,WT,1321,93,297,328,361,114,124,127,33
1322,RCN10768,VN,2017,WT,1322,141,298,329,362,72,74,75,2
1323,RCN10769,VN,2017,WT,1323,250,299,330,363,116,126,130,2
1324,RCN10770,VN,2017,C580Y,1324,2,21,25,25,0,0,26,13
1325,RCN10772,VN,2017,WT,1325,93,297,328,361,114,124,127,33
1326,RCN10773,VN,2017,C580Y,1326,2,21,25,25,0,0,26,13
1327,RCN10774,VN,2017,C580Y,1327,2,21,25,25,0,0,26,13
1328,RCN10776,VN,2017,WT,1328,141,298,329,362,72,74,75,2
1329,RCN10777,VN,2017,WT,1329,14,287,331,364,44,127,131,47
1330,RCN10778,VN,2017,Het,1330,2,21,25,25,0,0,26,13
1331,RCN10779,VN,2017,WT,1331,115,300,332,365,115,125,128,17
1332,RCN10780,VN,2017,WT,1332,115,300,332,365,115,125,128,17
1333,RCN10781,VN,2017,Het,1333,2,21,25,366,0,0,129,13
1334,RCN10782,VN,2017,WT,1334,136,301,333,367,301,335,370,0
1335,RCN10783,VN,2017,Het,1335,2,21,25,366,0,0,129,13
1336,RCN10785,VN,2017,C580Y,1336,2,21,25,25,0,0,26,13
1337,RCN10786,VN,2017,C580Y,1337,2,21,25,25,0,0,26,13
1338,RCN10788,VN,2017,WT,1338,250,299,330,363,116,126,130,2
1339,RCN10789,VN,2017,WT,1339,14,287,331,364,44,127,131,47
1340,RCN10790,VN,2017,WT,1340,141,298,329,362,72,74,75,2
1341,RCN10792,VN,2017,WT,1341,8,269,298,325,5,5,5,45
1342,RCN10794,VN,2017,C580Y,1342,2,21,25,25,0,0,26,13
1343,RCN12358,ETH,2017,C580Y,1343,2,1,2,2,0,0,0,34
1344,RCN12359,ETH,2017,C580Y,1344,2,2,3,3,0,0,0,39
1345,RCN12362,WKH,2017,C580Y,1345,2,2,3,2,0,1,0,34
1346,RCN12365,WKH,2017,WT,1346,2,142,38,97,15,1,9,6
1347,RCN12366,VN,2017,C580Y,1347,2,2,2,2,0,0,0,9
1348,RCN12370,VN,2017,C580Y,1348,2,2,2,2,0,0,0,9
1349,RCN12371,VN,2017,C580Y,1349,2,2,3,3,0,0,0,39
1350,RCN12372,VN,2017,C580Y,1350,2,2,2,2,0,0,0,9
1351,RCN12373,VN,2017,C580Y,1351,2,1,3,3,1,1,1,37
1352,RCN12374,VN,2017,C580Y,1352,2,2,2,2,0,0,0,4
1353,RCN12375,VN,2017,C580Y,1353,2,2,2,2,0,0,0,46
1354,RCN12376,VN,2017,C580Y,1354,2,2,2,2,0,0,0,5
1355,RCN12377,VN,2017,C580Y,1355,2,2,2,2,0,0,0,20
1356,RCN12378,VN,2017,C580Y,1356,2,2,2,2,0,0,0,9
1357,RCN12380,VN,2017,C580Y,1357,2,2,2,2,0,0,0,4
1358,RCN12381,VN,2017,C580Y,1358,2,1,3,3,1,1,1,37
1359,RCN12382,VN,2017,C580Y,1359,2,2,2,2,0,0,0,20
1360,RCN12383,VN,2017,C580Y,1360,2,1,1,1,1,1,1,2
1361,RCN12384,VN,2017,WT,1361,41,292,321,350,45,50,48,29
1362,RCN12385,VN,2017,WT,1362,41,292,321,350,45,50,48,29
1363,RCN12386,VN,2017,C580Y,1363,2,2,2,2,0,0,0,20
1364,RCN12387,VN,2017,C580Y,1364,2,2,2,2,0,0,0,9
1365,RCN12388,VN,2017,C580Y,1365,2,1,3,3,1,1,1,37
1366,RCN12389,VN,2017,C580Y,1366,2,2,2,2,0,0,0,9
1367,RCN12391,VN,2017,C580Y,1367,2,2,2,2,0,0,0,20
1368,RCN12393,VN,2017,C580Y,1368,2,2,2,2,0,0,0,20
1369,RCN12394,VN,2017,WT,1369,41,292,321,350,45,50,48,29
1370,RCN12593,ETH,2017,C580Y,1370,2,2,2,2,0,0,0,20
1371,RCN12595,ETH,2017,C580Y,1371,2,1,3,3,1,1,1,0
1372,RCN12599,ETH,2017,C580Y,1372,2,1,3,3,1,1,1,0
1373,RCN12600,ETH,2017,C580Y,1373,2,1,3,3,0,0,1,39
1374,RCN12601,ETH,2017,C580Y,1374,2,1,3,3,1,1,1,0
1375,RCN12602,ETH,2017,C580Y,1375,2,2,2,2,0,0,0,21
1376,RCN12603,ETH,2017,C580Y,1376,2,1,3,3,0,0,1,39
1377,RCN12604,ETH,2017,C580Y,1377,2,2,2,2,0,0,0,20
1378,RCN12606,ETH,2017,C580Y,1378,2,1,3,3,1,1,1,39
1379,RCN12607,ETH,2017,C580Y,1379,2,1,2,2,0,0,0,34
1380,RCN12608,ETH,2017,C580Y,1380,2,2,2,2,0,0,0,12
1381,RCN12612,ETH,2017,C580Y,1381,2,1,3,3,1,1,1,10
1382,RCN12613,ETH,2017,C580Y,1382,2,1,3,3,1,1,1,10
1383,RCN12614,WKH,2017,C580Y,1383,2,2,2,2,0,0,0,42
1384,RCN12615,WKH,2017,C580Y,1384,2,2,2,2,0,0,0,15
1385,RCN12616,WKH,2017,C580Y,1385,2,2,2,2,0,0,0,42
1386,RCN12618,WKH,2017,C580Y,1386,2,2,2,2,0,0,0,42
1387,RCN12619,WKH,2017,WT,1387,2,142,38,97,15,1,9,6
1388,RCN12620,WKH,2017,C580Y,1388,2,2,2,2,0,0,0,42
1389,RCN12621,WKH,2017,C580Y,1389,2,2,2,2,0,0,0,44
1390,RCN12622,WKH,2017,C580Y,1390,2,2,2,2,0,0,0,21
1391,RCN12980,WKH,2016,C580Y,1391,2,1,3,3,1,1,1,30
1392,RCN12982,WKH,2016,WT,1392,2,142,38,97,15,1,9,6
1393,RCN12984,WKH,2016,C580Y,1393,2,1,3,3,1,1,1,24
1394,RCN12986,WKH,2016,C580Y,1394,2,1,3,3,1,1,1,30
1395,RCN12987,WKH,2016,C580Y,1395,2,2,2,2,0,0,0,42
1396,RCN12990,WKH,2016,C580Y,1396,2,1,2,2,1,0,0,34
1397,RCN12992,WKH,2016,C580Y,1397,2,2,2,2,0,0,0,42
1398,RCN12994,WKH,2016,C580Y,1398,2,1,3,3,1,1,1,1
1399,RCN12995,WKH,2016,C580Y,1399,2,1,3,3,1,1,1,10
1400,RCN12996,WKH,2016,C580Y,1400,2,2,2,2,0,0,0,23
1401,RCN12997,WKH,2016,C580Y,1401,2,2,2,2,0,0,0,32
1402,RCN12999,WKH,2017,C580Y,1402,2,2,2,2,0,0,0,34
1403,RCN13000,WKH,2017,C580Y,1403,2,1,3,3,1,1,1,24
1404,RCN13004,WKH,2017,C580Y,1404,2,2,2,2,0,0,0,29
1405,RCN13005,WKH,2017,C580Y,1405,2,1,3,368,1,1,1,1
1406,RCN13008,WKH,2017,C580Y,1406,2,1,3,3,1,1,1,24
1407,RCN13009,WKH,2017,C580Y,1407,2,1,3,3,1,1,1,0
1408,RCN13010,WKH,2017,C580Y,1408,2,1,3,368,1,1,1,24
1409,RCN13013,WKH,2017,C580Y,1409,2,2,2,2,0,0,0,32
1410,RCN13014,WKH,2017,C580Y,1410,2,1,3,3,1,1,1,18
1411,RCN13015,WKH,2017,C580Y,1411,2,2,2,2,0,0,0,34
1412,RCN13016,WKH,2017,WT,1412,2,142,38,97,15,1,9,6
1413,RCN13017,WKH,2017,C580Y,1413,2,1,3,177,1,1,77,1
1414,RCN13018,WKH,2017,C580Y,1414,2,2,2,2,0,0,0,29
1415,RCN13020,WKH,2017,WT,1415,2,142,38,97,15,1,9,6
1416,RCN13023,WKH,2017,C580Y,1416,2,1,3,3,1,1,1,24
1417,RCN13025,WKH,2017,C580Y,1417,2,1,3,3,1,1,1,10
1418,RCN13027,WKH,2017,C580Y,1418,2,2,2,2,0,0,0,32
1419,RCN13028,WKH,2017,C580Y,1419,2,1,3,368,1,1,1,24
1420,RCN13032,WKH,2017,C580Y,1420,2,1,3,3,1,1,1,24
1421,RCN13034,WKH,2017,Y493H,1421,0,4,11,11,2,36,37,29
1422,RCN13036,WKH,2017,Y493H,1422,31,136,153,369,117,128,371,49
1423,RCN13037,WKH,2017,Y493H,1423,0,4,5,169,2,3,76,14
1424,RCN13039,WKH,2017,C580Y,1424,2,2,2,2,0,0,0,32
1425,RCN13044,WKH,2018,C580Y,1425,2,1,3,370,1,1,372,1
1426,RCN13045,WKH,2018,C580Y,1426,2,1,3,177,1,1,77,24
1427,RCN13048,NEKH,2017,C580Y,1427,2,1,3,3,1,1,1,36
1428,RCN13049,NEKH,2017,WT,1428,15,89,289,315,7,7,7,25
1429,RCN13050,NEKH,2017,C580Y,1429,2,1,3,3,1,1,1,37
1430,RCN13051,NEKH,2017,C580Y,1430,2,2,2,2,0,0,0,44
1431,RCN13052,NEKH,2017,WT,1431,36,34,39,43,118,129,132,8
1432,RCN13053,NEKH,2007,C580Y,1432,2,2,2,2,0,0,0,4
1433,RCN13054,NEKH,2017,C580Y,1433,2,1,3,3,1,1,1,24
1434,RCN13056,NEKH,2017,C580Y,1434,2,2,3,3,0,0,1,38
1435,RCN13057,NEKH,2017,C580Y,1435,2,2,2,2,0,0,0,33
1436,RCN13058,NEKH,2017,C580Y,1436,2,1,3,3,1,1,1,37
1437,RCN13059,NEKH,2017,C580Y,1437,2,2,2,2,0,0,0,44
1438,RCN13061,NEKH,2017,C580Y,1438,2,2,2,2,0,0,0,21
1439,RCN13062,NEKH,2017,C580Y,1439,2,2,3,3,0,0,1,39
1440,RCN13063,NEKH,2017,C580Y,1440,2,2,2,2,0,0,0,21
1441,RCN13065,NEKH,2017,C580Y,1441,2,2,2,2,0,0,0,44
1442,RCN13067,NEKH,2017,WT,1442,71,302,334,371,119,131,135,47
1443,RCN13068,NEKH,2017,C580Y,1443,2,2,2,2,0,0,0,28
1444,RCN13069,NEKH,2017,C580Y,1444,2,2,2,2,0,0,0,20
1445,RCN13071,NEKH,2017,C580Y,1445,2,2,2,2,0,0,0,21
1446,RCN13072,NEKH,2017,WT,1446,132,267,293,320,73,75,78,33
1447,RCN13074,NEKH,2017,C580Y,1447,2,2,2,2,0,0,0,33
1448,RCN13075,NEKH,2017,C580Y,1448,2,2,2,2,0,0,0,32
1449,RCN13076,NEKH,2017,R539T,1449,2,0,0,351,1,2,133,49
1450,RCN13078,NEKH,2017,C580Y,1450,2,1,3,3,1,1,1,18
1451,RCN13079,NEKH,2017,C580Y,1451,2,2,2,3,0,0,1,38
1452,RCN13080,NEKH,2017,C580Y,1452,2,2,2,2,0,0,0,46
1453,RCN13081,NEKH,2017,C580Y,1453,2,2,2,3,0,0,1,38
1454,RCN13083,NEKH,2017,C580Y,1454,2,2,2,2,0,0,0,46
1455,RCN13084,NEKH,2017,C580Y,1455,2,2,335,372,0,130,134,6
1456,RCN13085,NEKH,2017,WT,1456,132,267,293,320,73,75,78,33
1457,RCN13086,NEKH,2017,C580Y,1457,2,2,335,372,0,130,134,6
1458,RCN13087,NEKH,2017,C580Y,1458,2,2,2,2,0,0,0,42
1459,RCN13088,NEKH,2017,C580Y,1459,2,2,2,2,0,0,0,15
1460,RCN13089,NEKH,2017,C580Y,1460,2,2,2,2,0,0,0,4
1461,RCN13090,NEKH,2017,C580Y,1461,2,2,2,2,0,0,0,34
1462,RCN13093,NEKH,2017,WT,1462,71,302,334,371,119,131,135,47
1463,RCN13097,NEKH,2017,C580Y,1463,2,2,2,2,0,0,0,32
1464,RCN13098,NEKH,2017,C580Y,1464,2,2,2,2,0,0,0,32
1465,RCN13100,NEKH,2018,C580Y,1465,2,2,2,2,0,0,0,44
1466,RCN13101,NEKH,2018,WT,1466,2,142,38,97,15,1,9,6
1467,RCN13103,NEKH,2018,C580Y,1467,2,2,2,2,0,0,0,32
